cell,pair,B_paper_grid41,B_grid401,rel_pct,t_star_41,t_star_401
mup_gelu_w1024,01,1.137460e-03,1.137644e-03,0.0162,0.50000,0.49750
mup_gelu_w1024,02,1.415441e-03,1.415469e-03,0.0020,0.50000,0.50250
mup_gelu_w1024,03,1.385242e-03,1.388899e-03,0.2640,0.52500,0.51250
mup_gelu_w1024,04,1.202048e-03,1.206256e-03,0.3501,0.47500,0.48750
mup_gelu_w2048,01,6.125501e-04,6.125501e-04,0.0000,0.50000,0.50000
mup_gelu_w2048,02,6.611803e-04,6.626224e-04,0.2181,0.50000,0.51000
mup_gelu_w2048,03,6.118792e-04,6.126930e-04,0.1330,0.50000,0.50750
mup_gelu_w2048,04,6.651905e-04,6.654439e-04,0.0381,0.50000,0.50500
mup_gelu_w256,01,7.020476e-03,7.021547e-03,0.0153,0.50000,0.50250
mup_gelu_w256,02,7.285431e-03,7.293175e-03,0.1063,0.50000,0.49250
mup_gelu_w256,03,6.662338e-03,6.662815e-03,0.0072,0.50000,0.50250
mup_gelu_w256,04,5.686031e-03,5.695949e-03,0.1744,0.50000,0.49000
mup_gelu_w4096,01,4.751415e-04,4.752451e-04,0.0218,0.50000,0.49750
mup_gelu_w4096,02,6.016185e-04,6.016185e-04,0.0000,0.50000,0.50000
mup_gelu_w4096,03,4.641598e-04,4.643582e-04,0.0428,0.50000,0.49500
mup_gelu_w4096,04,5.288691e-04,5.292067e-04,0.0638,0.50000,0.50750
mup_gelu_w512,01,2.154976e-03,2.157645e-03,0.1239,0.50000,0.50750
mup_gelu_w512,02,2.186529e-03,2.188271e-03,0.0797,0.50000,0.50500
mup_gelu_w512,03,2.392523e-03,2.395408e-03,0.1206,0.50000,0.50750
mup_gelu_w512,04,2.688191e-03,2.688474e-03,0.0105,0.50000,0.50250
mup_gelu_w64,01,1.414031e-01,1.414143e-01,0.0079,0.50000,0.50250
mup_gelu_w64,02,8.105573e-02,8.108584e-02,0.0371,0.50000,0.49500
mup_gelu_w64,03,5.338313e-02,5.351948e-02,0.2554,0.50000,0.48750
mup_gelu_w64,04,1.002096e-01,1.002102e-01,0.0006,0.47500,0.47250
mup_tanh_w1024,01,1.011026e-02,1.011678e-02,0.0646,0.47500,0.48000
mup_tanh_w1024,02,1.202682e-02,1.204451e-02,0.1471,0.50000,0.50750
mup_tanh_w1024,03,1.136417e-02,1.138778e-02,0.2078,0.47500,0.48500
mup_tanh_w1024,04,1.157796e-02,1.161120e-02,0.2871,0.47500,0.48750
mup_tanh_w128,01,6.040008e-02,6.040008e-02,0.0000,0.50000,0.50000
mup_tanh_w128,02,4.333308e-02,4.336953e-02,0.0841,0.50000,0.49250
mup_tanh_w128,03,7.041909e-02,7.042122e-02,0.0030,0.50000,0.50250
mup_tanh_w128,04,4.470224e-02,4.470224e-02,0.0000,0.52500,0.52500
mup_tanh_w2048,01,7.324103e-03,7.324103e-03,0.0000,0.50000,0.50000
mup_tanh_w2048,02,7.009615e-03,7.016879e-03,0.1036,0.47500,0.48250
mup_tanh_w2048,03,7.208045e-03,7.208045e-03,0.0000,0.50000,0.50000
mup_tanh_w2048,04,6.534375e-03,6.549560e-03,0.2324,0.50000,0.48750
mup_tanh_w256,01,3.011856e-02,3.015324e-02,0.1151,0.47500,0.48250
mup_tanh_w256,02,2.262325e-02,2.264525e-02,0.0973,0.50000,0.50750
mup_tanh_w256,03,2.947363e-02,2.951521e-02,0.1411,0.50000,0.49000
mup_tanh_w256,04,2.799618e-02,2.804534e-02,0.1756,0.47500,0.48500
mup_tanh_w4096,01,6.180578e-03,6.183766e-03,0.0516,0.52500,0.52000
mup_tanh_w4096,02,5.281041e-03,5.290419e-03,0.1776,0.52500,0.51500
mup_tanh_w4096,03,6.048211e-03,6.054154e-03,0.0983,0.50000,0.51250
mup_tanh_w4096,04,5.498997e-03,5.498997e-03,0.0000,0.50000,0.50000
mup_tanh_w512,01,1.911958e-02,1.912849e-02,0.0466,0.52500,0.52000
mup_tanh_w512,02,1.670168e-02,1.673272e-02,0.1858,0.50000,0.51000
mup_tanh_w512,03,1.827236e-02,1.827236e-02,0.0000,0.50000,0.50000
mup_tanh_w512,04,1.934462e-02,1.935373e-02,0.0471,0.50000,0.50500
mup_tanh_w64,01,1.034380e-01,1.034691e-01,0.0301,0.50000,0.49500
mup_tanh_w64,02,1.400133e-01,1.402035e-01,0.1359,0.50000,0.51000
mup_tanh_w64,03,2.322962e-01,2.323880e-01,0.0395,0.52500,0.53000
mup_tanh_w64,04,2.266715e-01,2.269870e-01,0.1392,0.47500,0.48250
ntk_gelu_w1024,01,8.062550e-01,8.065157e-01,0.0323,0.50000,0.50500
ntk_gelu_w1024,02,8.581141e-01,8.581141e-01,0.0000,0.50000,0.50000
ntk_gelu_w1024,03,8.243321e-01,8.243571e-01,0.0030,0.50000,0.49750
ntk_gelu_w1024,04,7.598312e-01,7.598312e-01,0.0000,0.50000,0.50000
ntk_gelu_w128,01,5.347955e-01,5.348378e-01,0.0079,0.50000,0.50250
ntk_gelu_w128,02,4.133309e-01,4.133309e-01,0.0000,0.50000,0.50000
ntk_gelu_w128,03,5.220686e-01,5.221611e-01,0.0177,0.50000,0.49500
ntk_gelu_w128,04,3.785976e-01,3.787739e-01,0.0466,0.50000,0.50500
ntk_gelu_w2048,01,9.784017e-01,9.784017e-01,0.0000,0.50000,0.50000
ntk_gelu_w2048,02,9.895475e-01,9.896811e-01,0.0135,0.50000,0.49750
ntk_gelu_w2048,03,8.751189e-01,8.751932e-01,0.0085,0.50000,0.50250
ntk_gelu_w2048,04,9.256447e-01,9.256447e-01,0.0000,0.50000,0.50000
ntk_gelu_w256,01,5.896060e-01,5.902119e-01,0.1028,0.52500,0.51750
ntk_gelu_w256,02,5.662580e-01,5.662748e-01,0.0030,0.50000,0.49750
ntk_gelu_w256,03,6.084185e-01,6.087249e-01,0.0504,0.50000,0.49500
ntk_gelu_w256,04,5.190843e-01,5.200196e-01,0.1802,0.50000,0.48750
ntk_gelu_w4096,01,1.073272e+00,1.073272e+00,0.0000,0.50000,0.50000
ntk_gelu_w4096,02,1.060695e+00,1.060727e+00,0.0029,0.50000,0.49750
ntk_gelu_w4096,03,1.088409e+00,1.088492e+00,0.0076,0.50000,0.49750
ntk_gelu_w4096,04,1.098997e+00,1.099392e+00,0.0359,0.50000,0.49500
sp_gelu_w1024,01,1.392007e-02,1.392040e-02,0.0024,0.50000,0.50250
sp_gelu_w1024,02,1.469826e-02,1.469826e-02,0.0000,0.50000,0.50000
sp_gelu_w1024,03,1.211737e-02,1.213521e-02,0.1472,0.50000,0.50750
sp_gelu_w1024,04,1.220289e-02,1.220627e-02,0.0277,0.50000,0.50250
sp_gelu_w128,01,2.361738e-02,2.365046e-02,0.1400,0.50000,0.50750
sp_gelu_w128,02,1.924428e-02,1.927131e-02,0.1404,0.50000,0.50750
sp_gelu_w128,03,2.542123e-02,2.547350e-02,0.2056,0.52500,0.51500
sp_gelu_w128,04,2.393234e-02,2.393498e-02,0.0110,0.50000,0.50250
sp_gelu_w2048,01,3.892889e-02,3.895598e-02,0.0696,0.50000,0.50500
sp_gelu_w2048,02,3.572866e-02,3.579819e-02,0.1946,0.50000,0.49250
sp_gelu_w2048,03,3.624073e-02,3.624459e-02,0.0107,0.50000,0.49750
sp_gelu_w2048,04,4.121913e-02,4.122109e-02,0.0048,0.50000,0.50250
sp_gelu_w256,01,1.255597e-02,1.255790e-02,0.0154,0.50000,0.49750
sp_gelu_w256,02,1.116489e-02,1.118718e-02,0.1997,0.52500,0.51500
sp_gelu_w256,03,1.140245e-02,1.140418e-02,0.0151,0.50000,0.50250
sp_gelu_w256,04,1.155439e-02,1.159296e-02,0.3338,0.50000,0.51250
sp_gelu_w4096,01,1.399848e-01,1.399924e-01,0.0054,0.50000,0.49750
sp_gelu_w4096,02,1.024420e-01,1.024420e-01,0.0000,0.50000,0.50000
sp_gelu_w4096,03,1.092786e-01,1.092801e-01,0.0014,0.50000,0.49750
sp_gelu_w4096,04,1.221989e-01,1.221989e-01,0.0000,0.50000,0.50000
sp_gelu_w512,01,1.004869e-02,1.004869e-02,0.0000,0.50000,0.50000
sp_gelu_w512,02,8.791888e-03,8.796074e-03,0.0476,0.50000,0.50500
sp_gelu_w512,03,1.038655e-02,1.042569e-02,0.3768,0.50000,0.51250
sp_gelu_w512,04,1.078331e-02,1.078861e-02,0.0492,0.50000,0.49500
sp_gelu_w64,01,6.509317e-02,6.517406e-02,0.1243,0.47500,0.48250
sp_gelu_w64,02,9.159764e-02,9.173998e-02,0.1554,0.50000,0.51000
sp_gelu_w64,03,7.540632e-02,7.540632e-02,0.0000,0.50000,0.50000
sp_gelu_w64,04,5.232245e-02,5.238364e-02,0.1169,0.50000,0.49250
sp_tanh_w1024,01,4.210020e-02,4.210771e-02,0.0178,0.50000,0.50250
sp_tanh_w1024,02,4.373473e-02,4.381806e-02,0.1905,0.50000,0.49250
sp_tanh_w1024,03,3.142863e-02,3.142863e-02,0.0000,0.50000,0.50000
sp_tanh_w1024,04,3.581194e-02,3.592038e-02,0.3028,0.50000,0.49000
sp_tanh_w128,01,6.619210e-02,6.622558e-02,0.0506,0.50000,0.49500
sp_tanh_w128,02,6.318897e-02,6.319224e-02,0.0052,0.50000,0.49750
sp_tanh_w128,03,5.107525e-02,5.113960e-02,0.1260,0.50000,0.49250
sp_tanh_w128,04,5.779615e-02,5.789783e-02,0.1759,0.50000,0.49000
sp_tanh_w2048,01,3.954591e-02,3.955378e-02,0.0199,0.50000,0.49750
sp_tanh_w2048,02,3.655404e-02,3.658895e-02,0.0955,0.50000,0.49500
sp_tanh_w2048,03,5.958467e-02,5.964966e-02,0.1091,0.50000,0.49500
sp_tanh_w2048,04,4.321044e-02,4.324482e-02,0.0795,0.50000,0.50500
sp_tanh_w256,01,2.986851e-02,2.987836e-02,0.0330,0.50000,0.50500
sp_tanh_w256,02,3.812551e-02,3.812551e-02,0.0000,0.50000,0.50000
sp_tanh_w256,03,2.957419e-02,2.958825e-02,0.0475,0.50000,0.49500
sp_tanh_w256,04,2.898572e-02,2.898572e-02,0.0000,0.50000,0.50000
sp_tanh_w4096,01,2.589411e-02,2.599322e-02,0.3827,0.52500,0.51500
sp_tanh_w4096,02,2.500048e-02,2.500048e-02,0.0000,0.50000,0.50000
sp_tanh_w4096,03,1.945116e-02,1.947739e-02,0.1349,0.50000,0.49500
sp_tanh_w4096,04,2.745315e-02,2.745315e-02,0.0000,0.50000,0.50000
sp_tanh_w512,01,2.797468e-02,2.797468e-02,0.0000,0.50000,0.50000
sp_tanh_w512,02,3.673879e-02,3.687141e-02,0.3610,0.50000,0.48750
sp_tanh_w512,03,2.678150e-02,2.679784e-02,0.0610,0.50000,0.49500
sp_tanh_w512,04,2.962858e-02,2.964874e-02,0.0680,0.50000,0.49500
sp_tanh_w64,01,1.942490e-01,1.943835e-01,0.0692,0.50000,0.50500
sp_tanh_w64,02,1.593872e-01,1.597560e-01,0.2314,0.47500,0.48500
sp_tanh_w64,03,1.245940e-01,1.246094e-01,0.0124,0.50000,0.49750
sp_tanh_w64,04,1.932612e-01,1.936414e-01,0.1967,0.50000,0.51000
