mode,regime,act,width,n_pairs,rq_t0.000,rq_t0.050,rq_t0.100,rq_t0.150,rq_t0.200,rq_t0.250,rq_t0.300,rq_t0.350,rq_t0.400,rq_t0.450,rq_t0.500,rq_t0.550,rq_t0.600,rq_t0.650,rq_t0.700,rq_t0.750,rq_t0.800,rq_t0.850,rq_t0.900,rq_t0.950,rq_t1.000
mlp,mup,gelu,64,10,0.0001142198,0.00044173469999999996,0.0013434935,0.002537606,0.0031805385,0.0032108515,0.0034440729999999998,0.0032318085,0.0027255624999999997,0.0019375915,0.0015922185,0.0020296965,0.002786008,0.003211377,0.003755281,0.003630573,0.002931865,0.002339813,0.0015912295,0.00046553230000000005,0.00011782235
mlp,mup,gelu,128,10,1.958751e-05,5.426147e-05,0.0001691114,0.0004004783,0.000593125,0.0006180742,0.00053264135,0.0004159706,0.0003128483,0.00021511115,0.00017593345000000002,0.0002373563,0.0003071205,0.0004226135,0.00050009715,0.0005705223000000001,0.0005557327,0.00036197645,0.00016274805,5.5711155e-05,1.794008e-05
mlp,mup,gelu,256,10,5.21093e-06,1.3153945e-05,3.2487655e-05,7.060937500000001e-05,9.5521235e-05,0.0001102682,9.714934e-05,8.5096905e-05,5.6179645e-05,4.1230325e-05,2.979857e-05,3.9126615e-05,5.936216e-05,8.228579e-05,0.0001064268,0.000100944745,8.283284e-05,6.880243499999999e-05,3.1311755000000004e-05,1.12631265e-05,4.525978e-06
mlp,mup,gelu,512,10,1.3704755e-06,2.876605e-06,6.066003e-06,1.2273355e-05,2.143016e-05,2.7901935e-05,2.9100324999999998e-05,2.5819535e-05,1.6833445e-05,9.7514745e-06,6.2543055000000005e-06,6.857137e-06,1.2514395e-05,2.0533945e-05,2.8380235e-05,3.099173e-05,2.2530405e-05,1.360002e-05,7.0282795e-06,3.3360695e-06,1.6138445e-06
mlp,mup,gelu,1024,10,4.6250590000000003e-07,9.8167055e-07,1.9562445e-06,3.536184e-06,5.4566415e-06,6.7298389999999995e-06,6.712574e-06,5.3440215000000005e-06,2.986125e-06,1.5849755e-06,1.17075e-06,2.1416875e-06,3.80277e-06,4.9716485e-06,6.1995075e-06,6.930526e-06,5.7286805e-06,3.2208045e-06,1.697216e-06,9.23964e-07,4.8287815e-07
mlp,mup,gelu,2048,10,1.773921e-07,3.2215295e-07,5.583387999999999e-07,9.4204055e-07,1.386294e-06,1.714272e-06,1.845697e-06,1.6206970000000001e-06,1.00199855e-06,4.2961095e-07,2.692331e-07,3.9756765e-07,8.698381000000001e-07,1.4755745000000001e-06,1.8859115e-06,1.863268e-06,1.4691055e-06,9.2714455e-07,5.5509945e-07,3.3092684999999997e-07,1.847454e-07
mlp,mup,gelu,4096,10,7.8715225e-08,1.3951795e-07,2.3532119999999998e-07,3.7009024999999995e-07,5.210534e-07,6.4073215e-07,6.307964e-07,5.522019500000001e-07,3.7468465e-07,1.8228535e-07,1.0214921500000001e-07,1.944141e-07,4.033686e-07,6.428599e-07,6.698057000000001e-07,5.984240500000001e-07,4.8660795e-07,3.431108e-07,2.225067e-07,1.3692855e-07,7.97278e-08
mlp,mup,softplus,64,10,0.00016615275000000002,0.0005125761500000001,0.001338502,0.0019671705,0.0022884945,0.00234267,0.0020476025,0.001701663,0.0012955775,0.0009095374999999999,0.00068198445,0.00079710895,0.0011939215,0.001798954,0.0021173305,0.0023611335000000002,0.0025327459999999998,0.0022379410000000002,0.001426445,0.0005322007500000001,0.000155494
mlp,mup,softplus,128,10,2.6325475000000002e-05,7.0304955e-05,0.00019150070000000001,0.000371802,0.00048078405,0.00052534705,0.00043697695,0.0003128779,0.00019821145,0.00011286065,8.108026e-05,0.00011061635,0.0001968817,0.0003193389,0.00043509905,0.0004833379,0.0004992461,0.00041975685,0.00022387845,8.031681e-05,2.9203675e-05
mlp,mup,softplus,256,10,7.3168189999999994e-06,1.5189545e-05,3.2636005e-05,5.9016585e-05,8.709704e-05,9.118837000000001e-05,8.5459115e-05,6.809291000000001e-05,4.1694095e-05,2.23335e-05,1.29013e-05,1.9149409999999997e-05,3.797324e-05,6.148364e-05,8.129073e-05,9.157591e-05,8.240979e-05,6.2439675e-05,3.5290115e-05,1.750535e-05,8.149172e-06
mlp,mup,softplus,512,10,2.5193215000000002e-06,4.8891955e-06,9.332047e-06,1.548404e-05,2.3097075e-05,2.7083225e-05,2.4824345000000002e-05,1.9432135000000002e-05,1.212674e-05,5.5226624999999996e-06,2.9819914999999997e-06,4.843594e-06,1.1346655000000001e-05,2.0762075e-05,2.615824e-05,2.8850275000000002e-05,2.420978e-05,1.729714e-05,1.0297505000000001e-05,5.4803945e-06,2.8471984999999997e-06
mlp,mup,softplus,1024,10,7.6255455e-07,1.318321e-06,2.2227405e-06,3.5127460000000003e-06,4.8033535e-06,5.7659295e-06,6.192177e-06,5.2923035e-06,3.426329e-06,1.6471525e-06,8.02629e-07,1.472633e-06,2.8544555000000003e-06,4.3618375e-06,5.865069e-06,6.185679e-06,5.0420415e-06,3.5478439999999997e-06,2.269622e-06,1.3890265e-06,8.346848499999999e-07
mlp,mup,softplus,2048,10,2.6999404999999997e-07,4.3947805e-07,6.891714500000001e-07,1.00259175e-06,1.2898965000000001e-06,1.3753165e-06,1.2408295e-06,1.0242167999999998e-06,6.238508500000001e-07,2.7337175e-07,1.716717e-07,3.4275724999999996e-07,6.649659499999999e-07,1.0895390499999999e-06,1.3170205e-06,1.2000075e-06,1.007697e-06,7.6953455e-07,5.4539745e-07,3.707928e-07,2.4411314999999997e-07
mlp,mup,softplus,4096,10,1.0192215500000001e-07,1.6567105e-07,2.4088965e-07,3.2799925e-07,4.1088575000000004e-07,4.6226795e-07,4.4273979999999997e-07,3.3689095e-07,1.9003740000000002e-07,8.952508e-08,5.9165840000000004e-08,1.260469e-07,2.4903255e-07,3.6635065e-07,4.3095130000000003e-07,4.3270815000000003e-07,3.8123975e-07,2.975238e-07,2.0683915e-07,1.3917445e-07,9.264239e-08
mlp,mup,swish,64,10,0.0001161669,0.00037734965,0.0012601545,0.0021818165000000002,0.0029704625,0.0029321119999999997,0.002723852,0.0028174289999999998,0.002069557,0.00139333,0.0013588915,0.0016810879999999999,0.0022072280000000003,0.002766044,0.0031607045,0.0031233305000000003,0.002911225,0.0022628665000000003,0.0013031115,0.0003667717,0.00010089305999999999
mlp,mup,swish,128,10,1.715352e-05,5.0845865000000005e-05,0.00017383465,0.00036202865000000003,0.0005109587,0.0005752656,0.00054486955,0.00043825815,0.00032317765,0.00022839455,0.00018513595,0.00021811545,0.00030803004999999995,0.00047525314999999997,0.0005685936500000001,0.00055868765,0.00053046445,0.00035997725,0.00014742964999999998,4.5297735e-05,1.587889e-05
mlp,mup,swish,256,10,5.52326e-06,1.3273895e-05,3.1892929999999996e-05,6.9477175e-05,0.00012068794999999999,0.00013399425,0.00012220955,9.0172075e-05,5.7976879999999996e-05,3.2551235000000003e-05,2.2886104999999998e-05,3.544446e-05,6.2639765e-05,9.690796499999999e-05,0.00012945625,0.00013394805000000002,0.0001139721,7.242155500000001e-05,3.1598605e-05,1.2485805e-05,5.088173500000001e-06
mlp,mup,swish,512,10,1.4890425e-06,3.0646755e-06,6.364314e-06,1.2765495e-05,2.2626955000000002e-05,3.096637e-05,3.0405055e-05,2.498051e-05,1.7475765e-05,8.428287e-06,4.920747e-06,7.3445115e-06,1.501567e-05,2.6227325e-05,3.3042525e-05,2.9394750000000002e-05,2.0801364999999998e-05,1.3322455e-05,6.7570705e-06,3.1735355e-06,1.5826599999999999e-06
mlp,mup,swish,1024,10,4.888439e-07,8.6181665e-07,1.5151835e-06,2.64765e-06,4.16091e-06,5.4418895e-06,6.2569185e-06,5.3763435e-06,3.3698505e-06,1.7867615e-06,1.195591e-06,1.844591e-06,3.2779889999999997e-06,4.7776534999999995e-06,5.491374e-06,5.155758e-06,3.880976e-06,2.7786464999999997e-06,1.8337104999999999e-06,1.0174302e-06,5.301424500000001e-07
mlp,mup,swish,2048,10,1.4237225e-07,2.319245e-07,3.9304534999999996e-07,6.6128785e-07,1.0463215000000001e-06,1.2396735e-06,1.3178825e-06,1.061343e-06,7.975462e-07,4.283081e-07,2.3609135e-07,3.5895235e-07,7.489527e-07,1.1599250000000002e-06,1.307542e-06,1.278514e-06,1.0337625e-06,6.914155e-07,4.3407240000000005e-07,2.77603e-07,1.6471505e-07
mlp,mup,swish,4096,10,6.866407499999999e-08,1.1733205e-07,1.916928e-07,2.8769975e-07,3.8527535e-07,4.3862679999999994e-07,3.9473205e-07,3.0640295e-07,1.9335210000000002e-07,1.1198285e-07,7.814293499999999e-08,1.6031185e-07,2.8696405e-07,3.612136e-07,3.80462e-07,3.553361e-07,3.0985545e-07,2.353535e-07,1.6043695e-07,1.02946775e-07,6.450940999999999e-08
mlp,mup,tanh,64,10,0.00044754224999999997,0.001252566,0.0034335915000000003,0.0052186855,0.0064968105,0.0077562915,0.00974061,0.009370103500000001,0.0079067595,0.00698103,0.00697553,0.0068268059999999995,0.0074475355,0.008991195,0.0084871835,0.0079542295,0.0067168645,0.0055659,0.0029165425,0.0014099375000000002,0.0004574661
mlp,mup,tanh,128,10,6.4453385e-05,0.0001761533,0.00055299415,0.001156903,0.001446644,0.00148454,0.0015395575000000002,0.0014607585,0.00122613,0.0010436005,0.00092116455,0.0010051679999999999,0.0012495779999999999,0.001442882,0.001585618,0.0015348595000000001,0.0016717475,0.0011644185000000001,0.0005366883,0.00019186635,7.189839e-05
mlp,mup,tanh,256,10,1.593122e-05,4.301085e-05,0.0001489741,0.0002760844,0.0003980821,0.00047594165,0.0004321029,0.0003606851,0.0003163241,0.00024000465,0.0001854495,0.00024917215000000003,0.000296584,0.0003963355,0.000432307,0.00045431745,0.00042741895,0.00034092110000000003,0.00015733725,4.485253e-05,1.581548e-05
mlp,mup,tanh,512,10,4.6509055e-06,1.0934465e-05,3.4107805e-05,9.286044e-05,0.000162889,0.00016143804999999998,0.0001426934,0.00012062955,8.959938e-05,6.886516e-05,6.6269795e-05,8.101325000000001e-05,9.006366500000001e-05,0.0001310899,0.00014903525,0.0001443028,0.0001280249,7.660031500000001e-05,3.8545445e-05,1.080465e-05,4.5870595e-06
mlp,mup,tanh,1024,10,1.419789e-06,3.4291489999999998e-06,9.4543685e-06,1.8915755e-05,3.7902905e-05,5.2475565e-05,5.08867e-05,5.107958e-05,3.8712235e-05,2.56688e-05,2.3726365e-05,2.728314e-05,3.563288e-05,4.4833179999999995e-05,5.3625235e-05,5.7746885e-05,3.7304219999999996e-05,2.1532265e-05,9.609499e-06,3.9897649999999996e-06,1.5888305e-06
mlp,mup,tanh,2048,10,4.830142e-07,1.2450150000000001e-06,3.12733e-06,8.70825e-06,1.594321e-05,1.808657e-05,1.7443115e-05,1.4392185e-05,1.0717719999999999e-05,7.827492e-06,7.1632495e-06,9.252593000000001e-06,1.3394805e-05,1.582528e-05,1.5835275e-05,1.5502795e-05,1.2146915e-05,6.778809e-06,2.9282315e-06,1.070862e-06,4.5288625000000003e-07
mlp,mup,tanh,4096,10,1.6105399999999998e-07,4.1445240000000003e-07,9.310935999999999e-07,2.0474935e-06,3.6941885e-06,5.6448585e-06,6.4340135e-06,5.221465e-06,3.5992085e-06,2.4096215000000003e-06,1.900621e-06,2.304961e-06,3.739473e-06,4.355816e-06,5.947429500000001e-06,5.5914264999999995e-06,3.4367319999999997e-06,2.003296e-06,9.8672475e-07,3.9365505000000004e-07,1.503691e-07
mlp,ntk,gelu,64,10,3.8677015000000004e-05,4.818108e-05,6.3215645e-05,7.808197e-05,8.804702000000001e-05,8.9142925e-05,8.0094065e-05,6.038562e-05,3.805788e-05,1.93338e-05,1.32289e-05,1.745829e-05,3.5796335e-05,5.9321275e-05,8.11136e-05,9.008909e-05,8.819212e-05,7.7190945e-05,6.2767985e-05,4.9973635e-05,4.116873e-05
mlp,ntk,gelu,128,10,1.9609315e-05,2.6236840000000002e-05,3.3813474999999996e-05,4.0694470000000006e-05,4.57334e-05,4.6492195e-05,3.982464e-05,2.998908e-05,1.711306e-05,8.9252205e-06,5.0931065e-06,8.5628035e-06,1.698233e-05,3.031224e-05,4.0931045e-05,4.7219105e-05,4.6778069999999996e-05,3.925982e-05,3.066919e-05,2.3570735e-05,1.923741e-05
mlp,ntk,gelu,256,10,8.9606455e-06,1.1908855e-05,1.5607735e-05,1.9355220000000002e-05,2.1921305e-05,2.239813e-05,2.002668e-05,1.489829e-05,8.390663999999999e-06,3.557528e-06,1.671581e-06,3.6681645000000003e-06,8.369567e-06,1.4528635000000001e-05,2.0283365e-05,2.25631e-05,2.207232e-05,1.9227475e-05,1.5444545e-05,1.188671e-05,8.903215499999999e-06
mlp,ntk,gelu,512,10,4.007935e-06,5.5263355e-06,7.4521005e-06,9.261149999999999e-06,1.0708084999999999e-05,1.134348e-05,1.0225435000000001e-05,7.3041865e-06,4.051775e-06,1.531934e-06,6.2898615e-07,1.484704e-06,4.0839135e-06,7.093571e-06,9.9387385e-06,1.1385160000000001e-05,1.0676915e-05,9.240647e-06,7.2472935e-06,5.4796230000000004e-06,4.066941e-06
mlp,ntk,gelu,1024,10,1.7020750000000001e-06,2.3673075e-06,3.228974e-06,4.162948e-06,4.8641045e-06,4.954843499999999e-06,4.1770695e-06,2.905025e-06,1.5112025e-06,4.782258e-07,1.7190685000000002e-07,5.920638e-07,1.646246e-06,3.0235184999999997e-06,4.1740845000000005e-06,4.6977525e-06,4.6450065e-06,3.933705e-06,3.0203974999999997e-06,2.2172725e-06,1.599921e-06
mlp,ntk,gelu,2048,10,5.963976500000001e-07,8.406906e-07,1.148004e-06,1.4816325e-06,1.7432655000000001e-06,1.7288785e-06,1.4243640000000001e-06,9.517262500000001e-07,4.830579e-07,1.5643795000000002e-07,3.782658e-08,1.5065405000000002e-07,4.7320885e-07,9.5246695e-07,1.4144465e-06,1.7191415e-06,1.7221545e-06,1.4838495e-06,1.158038e-06,8.5103095e-07,6.0689705e-07
mlp,ntk,gelu,4096,10,2.112216e-07,3.0033804999999997e-07,4.085059e-07,5.114491e-07,5.6592705e-07,5.3372985e-07,4.2223934999999997e-07,2.673417e-07,1.286311e-07,3.859244e-08,8.352614e-09,4.0312699999999995e-08,1.32989e-07,2.738694e-07,4.282209e-07,5.36437e-07,5.5613495e-07,4.937645e-07,3.91048e-07,2.8961095e-07,2.025983e-07
mlp,ntk,softplus,64,10,5.52027e-05,6.6090705e-05,7.9875735e-05,9.207883499999999e-05,9.684017e-05,9.020853e-05,7.1162725e-05,4.3965365e-05,2.270878e-05,1.08784515e-05,4.9082615e-06,9.618252499999999e-06,2.0916615e-05,4.1086170000000004e-05,6.8026905e-05,9.3631855e-05,0.0001087239,0.00010853275000000001,9.772279e-05,8.272912000000001e-05,6.5270325e-05
mlp,ntk,softplus,128,10,2.8514070000000003e-05,3.4427835e-05,4.114425e-05,4.503569e-05,4.4670445e-05,4.0113984999999995e-05,3.493402e-05,2.2433395e-05,1.1750269500000002e-05,4.7837665e-06,2.4877005e-06,5.383142500000001e-06,1.1844894999999999e-05,2.152564e-05,3.337535e-05,4.138861e-05,4.5648205e-05,4.5153304999999994e-05,3.959786e-05,3.1633655e-05,2.452718e-05
mlp,ntk,softplus,256,10,1.329782e-05,1.7401115e-05,2.2043274999999998e-05,2.601777e-05,2.644225e-05,2.3169149999999998e-05,1.7621464999999998e-05,1.1897325e-05,6.1181755e-06,2.166488e-06,8.276238e-07,2.425537e-06,6.3504834999999995e-06,1.1678445e-05,1.7651515e-05,2.303415e-05,2.6303985e-05,2.4686600000000002e-05,2.070426e-05,1.6522375e-05,1.305457e-05
mlp,ntk,softplus,512,10,5.2676985e-06,6.707636e-06,8.2277235e-06,9.507484e-06,9.8128235e-06,8.8753695e-06,7.0565495e-06,4.6415515e-06,2.413904e-06,7.8529425e-07,2.9425784999999997e-07,9.1029245e-07,2.5864929999999997e-06,4.959153e-06,7.0986395e-06,8.604819e-06,9.1065885e-06,8.630894999999999e-06,7.5082459999999995e-06,6.145775499999999e-06,4.844394e-06
mlp,ntk,softplus,1024,10,2.279298e-06,2.912639e-06,3.591145e-06,4.1268795e-06,4.2433824999999995e-06,3.807297e-06,2.9256565e-06,1.8892905000000001e-06,9.5126235e-07,3.009485e-07,7.278795000000001e-08,3.0007995e-07,9.599299999999999e-07,1.94468e-06,3.039169e-06,3.826055e-06,4.1217770000000005e-06,3.953478e-06,3.4849515e-06,2.875306e-06,2.255578e-06
mlp,ntk,softplus,2048,10,8.129925999999999e-07,1.0296055e-06,1.237825e-06,1.3779325000000001e-06,1.384548e-06,1.2270805e-06,9.271853e-07,5.8466185e-07,2.8374889999999996e-07,8.455426500000001e-08,1.543217e-08,8.345785e-08,2.8164145e-07,5.8221865e-07,9.256861000000001e-07,1.229062e-06,1.3994129999999998e-06,1.394972e-06,1.254399e-06,1.0411935e-06,8.1831295e-07
mlp,ntk,softplus,4096,10,2.8123275e-07,3.516749e-07,4.1218615e-07,4.3867545e-07,4.1618564999999997e-07,3.4581135e-07,2.495549e-07,1.5165895e-07,7.0257745e-08,1.9480485e-08,2.860903e-09,2.1003905e-08,7.2588705e-08,1.553354e-07,2.5284345e-07,3.4764835e-07,4.1469034999999996e-07,4.3742175e-07,4.0995375e-07,3.456523e-07,2.7754845e-07
mlp,ntk,swish,64,10,4.83153e-05,5.936618499999999e-05,6.8464355e-05,7.523691999999999e-05,7.645197999999999e-05,7.2400465e-05,6.107128e-05,4.517131e-05,2.786033e-05,1.430647e-05,8.752815e-06,1.3918970000000001e-05,2.790985e-05,4.5342715e-05,5.9218915000000004e-05,7.2182075e-05,7.681113e-05,7.2637745e-05,6.300863e-05,5.1944355e-05,4.2256255e-05
mlp,ntk,swish,128,10,2.140774e-05,2.795042e-05,3.5666975e-05,4.3335185e-05,4.6754845000000005e-05,4.2537555e-05,3.3799295e-05,2.4579899999999998e-05,1.467555e-05,6.5597685e-06,3.4866375e-06,5.774601999999999e-06,1.396632e-05,2.5301644999999998e-05,3.5584335e-05,4.3044354999999994e-05,4.6323775000000004e-05,4.40083e-05,3.791934e-05,3.0629035e-05,2.464378e-05
mlp,ntk,swish,256,10,1.082182e-05,1.4482480000000001e-05,1.8040195e-05,2.0982735e-05,2.3461475e-05,2.374454e-05,2.191504e-05,1.669797e-05,9.352808e-06,3.6221325e-06,1.6224104999999999e-06,3.1168515e-06,7.6227875e-06,1.408885e-05,2.0393435000000003e-05,2.504964e-05,2.609313e-05,2.38745e-05,1.987651e-05,1.5371355e-05,1.1422895e-05
mlp,ntk,swish,512,10,4.668459e-06,6.451277e-06,8.1692535e-06,9.397771e-06,1.0363675e-05,1.0476465000000001e-05,9.144231000000001e-06,6.4585025e-06,3.566197e-06,1.32914e-06,4.807908999999999e-07,1.1506675000000001e-06,3.2794414999999997e-06,5.974226e-06,8.808041e-06,1.073773e-05,1.1424055e-05,1.0475305e-05,8.5951235e-06,6.61166e-06,4.959399500000001e-06
mlp,ntk,swish,1024,10,1.9601345000000003e-06,2.619986e-06,3.4329529999999998e-06,4.234921e-06,4.757856e-06,4.6349039999999996e-06,3.768724e-06,2.5446485e-06,1.3528364999999998e-06,4.691158e-07,1.334553e-07,4.46209e-07,1.3049844999999999e-06,2.5124949999999997e-06,3.7151305e-06,4.6320450000000005e-06,4.7627265e-06,4.2996610000000005e-06,3.4537155e-06,2.6100700000000002e-06,1.9171725e-06
mlp,ntk,swish,2048,10,7.43534e-07,1.021174e-06,1.333851e-06,1.588296e-06,1.689628e-06,1.563221e-06,1.2177374999999999e-06,7.762901499999999e-07,3.7521550000000003e-07,1.1125835e-07,2.515084e-08,1.2808109999999999e-07,4.018544e-07,8.097493e-07,1.2321145000000001e-06,1.548654e-06,1.6410344999999998e-06,1.5119405e-06,1.2547134999999999e-06,9.646634e-07,7.085073e-07
mlp,ntk,swish,4096,10,2.4493375e-07,3.312987e-07,4.241412e-07,4.931457e-07,5.093715e-07,4.5797105e-07,3.508479e-07,2.188366e-07,1.047619e-07,3.1120810000000004e-08,5.1836035e-09,2.979296e-08,1.0268180000000001e-07,2.1672115e-07,3.4890205e-07,4.5623954999999997e-07,5.056472e-07,4.898916999999999e-07,4.191208e-07,3.292045e-07,2.4507015e-07
mlp,ntk,tanh,64,10,1.7336640000000002e-05,2.0477755e-05,2.3832645e-05,2.707994e-05,2.9331475e-05,2.993835e-05,2.7085355e-05,2.0891635e-05,1.3314965000000001e-05,7.4542099999999996e-06,5.426854e-06,7.7387875e-06,1.422317e-05,2.1819025e-05,2.7719515e-05,3.0209329999999998e-05,2.9202945e-05,2.6068880000000002e-05,2.2301855e-05,1.863606e-05,1.5620625e-05
mlp,ntk,tanh,128,10,7.3184865e-06,9.029178000000001e-06,1.0888e-05,1.258953e-05,1.387534e-05,1.4093575e-05,1.2801745e-05,1.00189945e-05,6.4524765e-06,3.3037285e-06,2.0164355000000003e-06,3.1355925e-06,6.0683145000000005e-06,9.83753e-06,1.2919565e-05,1.4456335e-05,1.426492e-05,1.2926525e-05,1.1029855e-05,9.048071e-06,7.3938145e-06
mlp,ntk,tanh,256,10,4.462047e-06,5.919168e-06,7.5671115000000006e-06,9.167888000000001e-06,1.0263795e-05,1.035652e-05,9.143966500000001e-06,6.72896e-06,3.7906014999999997e-06,1.519965e-06,7.493326000000001e-07,1.640644e-06,4.0496285e-06,6.962525e-06,9.330146e-06,1.0404275e-05,1.0034506500000001e-05,8.752893e-06,7.1292194999999994e-06,5.5705645e-06,4.2169764999999995e-06
mlp,ntk,tanh,512,10,2.267814e-06,3.065796e-06,4.0264535e-06,5.01769e-06,5.6478250000000004e-06,5.7280615e-06,4.9748050000000006e-06,3.5363605e-06,1.9188205e-06,6.8685785e-07,2.5141435e-07,7.3371545e-07,2.0013815000000002e-06,3.6047455e-06,5.021242e-06,5.733445e-06,5.6183635000000004e-06,4.8780589999999994e-06,3.917178e-06,2.9913225000000004e-06,2.2193790000000004e-06
mlp,ntk,tanh,1024,10,9.344852e-07,1.2891114999999999e-06,1.7127300000000001e-06,2.1249235e-06,2.4031029999999998e-06,2.4227675e-06,2.0851544999999997e-06,1.4801695000000001e-06,8.003856000000001e-07,2.715491e-07,7.9265955e-08,2.714934e-07,7.989275500000001e-07,1.490266e-06,2.087049e-06,2.4106460000000003e-06,2.363182e-06,2.0619100000000004e-06,1.652515e-06,1.253576e-06,9.222660499999999e-07
mlp,ntk,tanh,2048,10,3.4731830000000004e-07,4.8733595e-07,6.6002275e-07,8.376933500000001e-07,9.6671405e-07,9.755558e-07,8.3094955e-07,5.729422e-07,3.0299415e-07,9.732509500000001e-08,2.2209565000000002e-08,9.79157e-08,3.0143370000000005e-07,5.750374e-07,8.2771075e-07,9.771439999999999e-07,9.5795225e-07,8.2792755e-07,6.5917325e-07,4.923176e-07,3.5204e-07
mlp,ntk,tanh,4096,10,1.0718965e-07,1.514848e-07,2.067557e-07,2.644591e-07,3.064562e-07,3.095338e-07,2.637684e-07,1.8358375e-07,9.496308499999999e-08,3.00897e-08,5.8472475e-09,2.8587534999999998e-08,9.2624205e-08,1.791779e-07,2.5840945e-07,3.091861e-07,3.11255e-07,2.7479265e-07,2.162322e-07,1.5771755000000002e-07,1.105653e-07
mlp,sp,gelu,64,10,0.00011092495,0.00040115634999999996,0.0013116875,0.002447732,0.003069209,0.0033208505,0.0029969505,0.0026298845,0.001965751,0.0017069264999999998,0.001570333,0.0016165684999999998,0.002255607,0.0030770370000000003,0.0031676815,0.0033878295,0.0033071875000000002,0.002262962,0.0013253595,0.00042114824999999996,0.00012889150000000002
mlp,sp,gelu,128,10,3.0252915e-05,0.00010246828,0.0003504898,0.0006216534499999999,0.00100798545,0.0011742795,0.0010869949999999999,0.00085929955,0.0006545253,0.0004476713,0.00038789550000000003,0.0004249966,0.00063353775,0.00088805615,0.0010170309,0.001138483,0.001042253,0.0007190467499999999,0.0003483629,0.000108311855,3.528274e-05
mlp,sp,gelu,256,10,1.0747525e-05,2.783433e-05,7.7832925e-05,0.0001869525,0.00032442825,0.00040810325,0.00039002325,0.00030023035,0.00021397404999999998,0.0001222122,7.959252e-05,0.0001036758,0.0001866793,0.00030187365000000003,0.00039895589999999997,0.0004334689,0.00034968225,0.00021319105,8.8361955e-05,3.071906e-05,1.178608e-05
mlp,sp,gelu,512,10,6.448297e-06,1.590175e-05,4.2735635e-05,9.568255000000001e-05,0.00015420775,0.0001764426,0.00017899445000000002,0.0001520963,0.000100012425,4.8710660000000005e-05,2.5212495e-05,4.4741320000000006e-05,9.393573e-05,0.0001487386,0.00018706205,0.00018885535,0.0001448534,7.681807e-05,3.3739959999999996e-05,1.4568955e-05,6.279009999999999e-06
mlp,sp,gelu,1024,10,4.329304e-06,1.0493265000000001e-05,2.4680425e-05,5.1678775e-05,8.796859e-05,0.00011942969999999999,0.0001367933,0.0001227189,7.9053155e-05,3.3590155e-05,1.3607590000000001e-05,3.123736e-05,7.411131e-05,0.00011730964999999999,0.00013992385,0.00012406705000000002,8.586334499999999e-05,4.8449955e-05,2.334136e-05,1.0299955e-05,4.183308e-06
mlp,sp,gelu,2048,10,3.3950779999999997e-06,8.8127905e-06,2.2092940000000003e-05,5.009716e-05,9.7517675e-05,0.00015541025,0.00020845745,0.0002231482,0.0001690929,6.901335e-05,1.358679e-05,6.2816545e-05,0.0001602478,0.0002130565,0.0002108039,0.0001628949,0.00010831875,5.5756850000000005e-05,2.3628405e-05,9.2793435e-06,3.5541905e-06
mlp,sp,gelu,4096,10,2.661812e-06,8.056034e-06,2.2960850000000002e-05,6.0048125e-05,0.00012866815,0.000251176,0.00039432314999999997,0.0004324595,0.00031176844999999996,0.00010821745,1.2836010000000001e-05,0.00011946474999999999,0.00033164904999999996,0.00044280855,0.00038576949999999995,0.0002385535,0.00012560415,5.7350465e-05,2.1964895e-05,7.48475e-06,2.4607505e-06
mlp,sp,softplus,64,10,0.00017215075,0.0005686638,0.0014797955,0.0025029279999999998,0.002846968,0.002976551,0.0029266444999999997,0.0024601785,0.0014773455,0.001081736,0.0009131396000000001,0.001171133,0.0015977230000000001,0.0021901819999999997,0.0028488044999999997,0.0028292635,0.0028486444999999997,0.002739792,0.0015703575,0.0005195261,0.00016324230000000001
mlp,sp,softplus,128,10,5.6567800000000004e-05,0.00015441745,0.00035864795,0.0005898259,0.00072446535,0.0008544393,0.00071607815,0.00053396695,0.0003531326,0.00019318705,0.0001482229,0.00022370145,0.0003551514,0.00050752655,0.00066763925,0.0007447809,0.00072929045,0.0005251451,0.00037469415,0.00016481615,5.447309e-05
mlp,sp,softplus,256,10,2.7918920000000003e-05,6.283244e-05,0.0001370758,0.0002413971,0.00029931535,0.0002937362,0.00024807765,0.00018175789999999998,0.00010850595,5.2313775000000005e-05,3.2754305e-05,5.3905039999999996e-05,0.0001135734,0.00018390639999999998,0.00024806795000000003,0.0003179749,0.0003143235,0.00025743665,0.0001423328,6.5073535e-05,2.9110099999999998e-05
mlp,sp,softplus,512,10,1.744413e-05,3.854417e-05,7.638147e-05,0.00012682710000000002,0.00016320915,0.00017084985,0.00014354,0.00010539875,6.4998735e-05,2.9831475e-05,1.2248845e-05,2.2437075e-05,5.4183055e-05,9.830291999999999e-05,0.00014754655,0.00017186045000000002,0.00016795215,0.0001290845,8.37875e-05,4.2668675000000005e-05,1.986594e-05
mlp,sp,softplus,1024,10,1.204658e-05,2.5830965e-05,5.3725245e-05,0.00010009149000000001,0.00012968425,0.00013768495,0.00012014175,8.895376e-05,4.817269e-05,1.6936185e-05,5.9227509999999996e-06,1.6826525e-05,4.469078e-05,8.292807000000001e-05,0.00011774445,0.00013859065000000002,0.00013475805,0.00010089555,5.8732105e-05,2.7259605e-05,1.2414029999999999e-05
mlp,sp,softplus,2048,10,1.025673e-05,2.4383145e-05,5.6349515e-05,9.575125e-05,0.00012575105,0.00015132375,0.00015297205,0.000118355,7.0367685e-05,2.4769269999999998e-05,4.127921000000001e-06,2.367583e-05,7.040819e-05,0.0001184028,0.0001455293,0.0001457258,0.00012386355000000001,9.794366499999999e-05,5.7657755e-05,2.522002e-05,1.047347e-05
mlp,sp,softplus,4096,10,8.036787e-06,2.29347e-05,6.2708155e-05,0.0001114547,0.00018172905,0.00027039025,0.0003281712,0.00030192085,0.00017899095000000002,5.153123e-05,4.283612e-06,5.754426e-05,0.00018025559999999998,0.0002942475,0.0003387514,0.000290528,0.00019799355,0.00011117955,6.508866999999999e-05,2.366252e-05,7.700894e-06
mlp,sp,swish,64,10,0.0001234239,0.00045997135,0.0013709694999999998,0.0022549,0.0029774635000000002,0.00299598,0.0032026665,0.002870307,0.002128923,0.001779355,0.00140542,0.001451477,0.0020482655000000002,0.0032333659999999997,0.0034302255,0.0032851525,0.003008626,0.0022083305,0.0016302094999999998,0.00043472275,0.0001107125
mlp,sp,swish,128,10,3.1624635000000005e-05,9.528449e-05,0.00028948445,0.0005840558,0.000844012,0.001021206,0.0009474503,0.00084852965,0.0005962133,0.0003662848,0.00026367554999999997,0.00032335405,0.00048086419999999997,0.0007442309499999999,0.0009074734499999999,0.0009823374,0.0009616289500000001,0.0006974825000000001,0.00038121255,0.00011642899999999999,3.749056e-05
mlp,sp,swish,256,10,1.533766e-05,3.9719279999999996e-05,0.00011040215,0.00022809525,0.00034108879999999997,0.00037930365,0.0003362044,0.00028228075,0.00018885825,0.00010081206,6.853858e-05,0.00010711830000000001,0.0002045571,0.00028881185,0.00034009725,0.0003488123,0.00032168405,0.00022497644999999999,9.3859545e-05,3.6946415000000004e-05,1.460054e-05
mlp,sp,swish,512,10,9.659286e-06,2.304924e-05,5.189656e-05,0.00010323879999999999,0.0001654165,0.0001857369,0.0001810134,0.0001494695,9.396071000000001e-05,4.573077e-05,2.1527315e-05,4.178401e-05,8.861119e-05,0.00014331795,0.0001795007,0.0001829669,0.00015257299999999998,0.0001023944,5.3570045e-05,2.384341e-05,9.8838225e-06
mlp,sp,swish,1024,10,6.549061499999999e-06,1.568521e-05,3.6351915e-05,7.2089695e-05,0.00011303450000000001,0.0001361122,0.00013101090000000002,0.0001028662,6.5752585e-05,2.79921e-05,1.196432e-05,2.9035034999999998e-05,6.4964515e-05,0.00010400665,0.00012957855,0.00013359450000000002,0.00011079699999999999,6.972099999999999e-05,3.495921e-05,1.5505335e-05,6.4325235e-06
mlp,sp,swish,2048,10,5.252585e-06,1.5082215e-05,4.038236e-05,8.5732145e-05,0.00013525715,0.0001813889,0.00021275885,0.0001934646,0.0001214622,4.5019864999999997e-05,8.362878e-06,4.089286e-05,0.00011848054999999999,0.00019268055,0.00020922905,0.0001873003,0.0001392396,8.5434055e-05,4.0304840000000004e-05,1.5009589999999999e-05,5.2788469999999996e-06
mlp,sp,swish,4096,10,4.0769645e-06,1.441152e-05,4.842376e-05,0.00011310589999999999,0.0002276779,0.00038703999999999995,0.0004866214,0.000455247,0.00026579275,8.518223500000001e-05,8.9969835e-06,9.7941275e-05,0.00030361319999999995,0.00046351265,0.0004596903,0.00034839210000000003,0.00020876975000000002,0.00010947305,4.748923e-05,1.3662025e-05,3.86535e-06
mlp,sp,tanh,64,10,0.00041493490000000003,0.0011537855,0.0034270639999999996,0.00505847,0.006321603,0.007213909,0.007193343,0.0075326709999999995,0.006495058,0.006250969,0.0063729895000000005,0.0062600525,0.0056588605,0.006831042,0.007085354,0.0066721975,0.006087024,0.004707523,0.00324371,0.001136129,0.00037062095
mlp,sp,tanh,128,10,7.088624500000001e-05,0.00018927445,0.00063010705,0.00157143,0.0021489255,0.0024137535,0.0022517415,0.0020615045,0.0017251525,0.00158039,0.001329523,0.0014795155,0.0017761184999999999,0.002412014,0.002618723,0.0025597759999999997,0.002198574,0.0015951015,0.0006610021,0.0002065054,7.989477e-05
mlp,sp,tanh,256,10,2.013176e-05,5.112374e-05,0.00016268750000000002,0.00041002875000000004,0.00071729145,0.000881022,0.00084647395,0.0007217638,0.00047244815000000004,0.00030965315,0.00024785475,0.00031055989999999995,0.0005152735000000001,0.0007323768,0.00085697035,0.0009228436,0.0007351435,0.00038522215,0.0001407647,4.665263e-05,1.8916364999999998e-05
mlp,sp,tanh,512,10,8.447479e-06,2.106175e-05,6.175626e-05,0.0001733688,0.000332121,0.0004153665,0.00046356230000000004,0.00039276475,0.00024601945,0.0001167471,7.422474000000001e-05,0.00014255415,0.0002811993,0.00038476075,0.00044438815000000004,0.00039720825,0.00033738219999999996,0.00017733025,6.3958845e-05,2.195682e-05,7.9237535e-06
mlp,sp,tanh,1024,10,3.1471135e-06,8.780637500000001e-06,2.7830555e-05,8.1837575e-05,0.00020863400000000002,0.00030791810000000005,0.0003639973,0.00034855925,0.00024126640000000002,9.5443865e-05,3.6213845e-05,0.00011221305,0.00025900205,0.00034986055,0.0003518274,0.00029928625000000004,0.00018643155,8.4812815e-05,2.8046909999999998e-05,9.170727e-06,3.4798085e-06
mlp,sp,tanh,2048,10,6.2942975e-07,1.810683e-06,6.5985385e-06,2.5199295e-05,8.306304e-05,0.00015088415,0.00023214855,0.00026470195,0.00020151375,7.583937999999999e-05,2.5864995e-05,9.0658955e-05,0.00019841120000000002,0.00023672530000000002,0.00021943685,0.00017326165,8.1317655e-05,2.41897e-05,6.7061275e-06,2.017737e-06,6.5150045e-07
mlp,sp,tanh,4096,10,7.8437795e-08,2.947541e-07,1.5067135000000002e-06,7.134498e-06,2.2247055000000003e-05,4.0755695e-05,7.3296465e-05,9.365126e-05,7.314412499999999e-05,3.549073e-05,1.3052315e-05,2.7634164999999998e-05,6.1442035e-05,9.956236999999999e-05,8.386727000000001e-05,5.115996e-05,1.589001e-05,4.087881999999999e-06,1.117906e-06,2.733641e-07,9.026666e-08
