mode,regime,act,width,seedA,seedB,dnorm,L_A,L_B,B,t_star,L_max,rho_A,rho_mid,rho_max,rho_at_tstar,acc_mid,flen_A,flen_mid,flen_B,flen_at_tstar,rq_mid,R_end,R_mid,R_tstar,devrel_lam1e-1,devrel_lam1e-2,devrel_lam1e-3,cg_resid,fd_instab,wmoveA,status
cnn,ntk,gelu,1,0,1,2.098561e+02,2.867271e-01,2.797760e-01,4.996085e+00,0.4750,5.279336e+00,2.037597e-01,1.014335e+00,1.015507e+00,1.015507e+00,0.2095,,,,,,,,,,,,,,0.40851861238479614,ok
cnn,ntk,gelu,1,0,2,2.122576e+02,2.867271e-01,2.812784e-01,6.866197e+00,0.4250,7.150200e+00,2.037597e-01,1.112526e+00,1.140529e+00,1.140529e+00,0.1104,,,,,,,,,,,,,,0.40851861238479614,ok
cnn,ntk,gelu,1,0,3,2.099594e+02,2.867271e-01,2.720541e-01,3.371343e+00,0.3750,3.650734e+00,2.037597e-01,9.166631e-01,9.443243e-01,9.412547e-01,0.3026,,,,,,,,,,,,,,0.40851861238479614,ok
cnn,ntk,gelu,1,0,4,2.111986e+02,2.867271e-01,2.774913e-01,3.304258e+00,0.5500,3.586368e+00,2.037597e-01,8.740697e-01,8.882529e-01,8.856995e-01,0.3673,,,,,,,,,,,,,,0.40851861238479614,ok
cnn,ntk,gelu,1,1,2,2.116648e+02,2.797760e-01,2.812785e-01,9.524914e+00,0.5000,9.805441e+00,1.979265e-01,1.258358e+00,1.259138e+00,1.258358e+00,0.0977,,,,,,,,,,,,,,0.39809224009513855,ok
cnn,ntk,gelu,1,1,3,2.111827e+02,2.797760e-01,2.720540e-01,5.670420e+00,0.3500,5.946335e+00,1.979265e-01,9.845528e-01,1.135603e+00,1.135603e+00,0.2672,,,,,,,,,,,,,,0.39809224009513855,ok
cnn,ntk,gelu,1,1,4,2.109591e+02,2.797760e-01,2.774913e-01,7.990030e+00,0.5500,8.268664e+00,1.979265e-01,1.196013e+00,1.233873e+00,1.228884e+00,0.1121,,,,,,,,,,,,,,0.39809224009513855,ok
cnn,ntk,gelu,1,2,3,2.119735e+02,2.812785e-01,2.720540e-01,6.022883e+00,0.6750,6.299549e+00,2.012484e-01,9.856381e-01,1.008769e+00,9.567115e-01,0.2268,,,,,,,,,,,,,,0.4037031829357147,ok
cnn,ntk,gelu,1,2,4,2.116862e+02,2.812785e-01,2.774913e-01,5.078649e+00,0.5500,5.358034e+00,2.012484e-01,9.462490e-01,9.553521e-01,9.530934e-01,0.2933,,,,,,,,,,,,,,0.4037031829357147,ok
cnn,ntk,gelu,1,3,4,2.123804e+02,2.720540e-01,2.774914e-01,5.355095e+00,0.5000,5.629868e+00,1.941359e-01,9.783814e-01,9.804226e-01,9.783814e-01,0.2337,,,,,,,,,,,,,,0.42081525921821594,ok
cnn,ntk,gelu,2,0,1,4.182406e+02,2.758495e-01,2.777720e-01,5.139671e+00,0.4500,5.416482e+00,1.968602e-01,1.139891e+00,1.150708e+00,1.150708e+00,0.1273,,,,,,,,,,,,,,0.21783404052257538,ok
cnn,ntk,gelu,2,0,2,4.169936e+02,2.758495e-01,2.732400e-01,6.663435e+00,0.5500,6.937980e+00,1.968602e-01,1.079421e+00,1.090033e+00,1.090033e+00,0.1968,,,,,,,,,,,,,,0.21783404052257538,ok
cnn,ntk,gelu,2,0,3,4.164931e+02,2.758495e-01,2.640071e-01,4.758021e+00,0.5250,5.027949e+00,1.968602e-01,1.046857e+00,1.056146e+00,1.035577e+00,0.1214,,,,,,,,,,,,,,0.21783404052257538,ok
cnn,ntk,gelu,2,0,4,4.173779e+02,2.758495e-01,2.672020e-01,5.536230e+00,0.4250,5.807756e+00,1.968602e-01,1.065932e+00,1.117964e+00,1.113249e+00,0.1506,,,,,,,,,,,,,,0.21783404052257538,ok
cnn,ntk,gelu,2,1,2,4.162783e+02,2.777719e-01,2.732400e-01,7.389457e+00,0.5000,7.664963e+00,1.997227e-01,1.105107e+00,1.105107e+00,1.105107e+00,0.1894,,,,,,,,,,,,,,0.2206881046295166,ok
cnn,ntk,gelu,2,1,3,4.163891e+02,2.777719e-01,2.640071e-01,3.802996e+00,0.4500,4.073885e+00,1.997227e-01,9.356726e-01,9.509258e-01,9.132463e-01,0.2586,,,,,,,,,,,,,,0.2206881046295166,ok
cnn,ntk,gelu,2,1,4,4.189084e+02,2.777719e-01,2.672020e-01,5.831571e+00,0.5250,6.104058e+00,1.997227e-01,1.062682e+00,1.109839e+00,1.067784e+00,0.1421,,,,,,,,,,,,,,0.2206881046295166,ok
cnn,ntk,gelu,2,2,3,4.151962e+02,2.732400e-01,2.640071e-01,6.920243e+00,0.4500,7.188866e+00,1.962435e-01,1.054418e+00,1.091073e+00,1.079971e+00,0.1714,,,,,,,,,,,,,,0.2157430797815323,ok
cnn,ntk,gelu,2,2,4,4.171223e+02,2.732400e-01,2.672020e-01,5.122656e+00,0.4250,5.392877e+00,1.962435e-01,1.090940e+00,1.138335e+00,1.127017e+00,0.1290,,,,,,,,,,,,,,0.2157430797815323,ok
cnn,ntk,gelu,2,3,4,4.159634e+02,2.640071e-01,2.672021e-01,3.976710e+00,0.4500,4.242314e+00,1.909637e-01,9.841415e-01,9.841415e-01,9.814320e-01,0.2022,,,,,,,,,,,,,,0.21848982572555542,ok
cnn,ntk,gelu,4,0,1,8.323810e+02,2.586426e-01,2.685996e-01,3.033758e+00,0.6000,3.297379e+00,1.887118e-01,9.957118e-01,9.957118e-01,9.666196e-01,0.1977,,,,,,,,,,,,,,0.11716639250516891,ok
cnn,ntk,gelu,4,0,2,8.310004e+02,2.586426e-01,2.743240e-01,5.192871e+00,0.5000,5.459354e+00,1.887118e-01,9.887112e-01,9.887112e-01,9.887112e-01,0.2382,,,,,,,,,,,,,,0.11716639250516891,ok
cnn,ntk,gelu,4,0,3,8.305991e+02,2.586426e-01,2.724862e-01,4.018428e+00,0.4750,4.283992e+00,1.887118e-01,1.007147e+00,1.012689e+00,9.982543e-01,0.1267,,,,,,,,,,,,,,0.11716639250516891,ok
cnn,ntk,gelu,4,0,4,8.320867e+02,2.586426e-01,2.706236e-01,5.024143e+00,0.4750,5.288777e+00,1.887118e-01,1.140779e+00,1.146383e+00,1.145447e+00,0.1621,,,,,,,,,,,,,,0.11716639250516891,ok
cnn,ntk,gelu,4,1,2,8.311684e+02,2.685996e-01,2.743240e-01,3.485528e+00,0.4750,3.756990e+00,1.926849e-01,1.043287e+00,1.043419e+00,1.043419e+00,0.1901,,,,,,,,,,,,,,0.11546377837657928,ok
cnn,ntk,gelu,4,1,3,8.325917e+02,2.685996e-01,2.724862e-01,4.085832e+00,0.4750,4.356375e+00,1.926849e-01,1.078975e+00,1.080744e+00,1.080744e+00,0.1482,,,,,,,,,,,,,,0.11546377837657928,ok
cnn,ntk,gelu,4,1,4,8.334817e+02,2.685996e-01,2.706236e-01,3.857919e+00,0.5000,4.127531e+00,1.926849e-01,1.034081e+00,1.039289e+00,1.034081e+00,0.1979,,,,,,,,,,,,,,0.11546377837657928,ok
cnn,ntk,gelu,4,2,3,8.334907e+02,2.743240e-01,2.724862e-01,7.943993e+00,0.5000,8.217398e+00,1.976933e-01,1.187123e+00,1.202260e+00,1.187123e+00,0.1140,,,,,,,,,,,,,,0.11624473333358765,ok
cnn,ntk,gelu,4,2,4,8.339175e+02,2.743240e-01,2.706236e-01,4.344559e+00,0.5500,4.617033e+00,1.976933e-01,1.103575e+00,1.116684e+00,1.116075e+00,0.1385,,,,,,,,,,,,,,0.11624473333358765,ok
cnn,ntk,gelu,4,3,4,8.328447e+02,2.724861e-01,2.706236e-01,2.827806e+00,0.4750,3.099361e+00,1.976399e-01,9.656310e-01,9.657972e-01,9.629146e-01,0.2149,,,,,,,,,,,,,,0.11565391719341278,ok
cnn,ntk,gelu,8,0,1,1.673420e+03,2.711889e-01,2.746414e-01,3.750569e+00,0.5750,4.023484e+00,2.017338e-01,1.055156e+00,1.066271e+00,1.058965e+00,0.1254,,,,,,,,,,,,,,0.062492404133081436,ok
cnn,ntk,gelu,8,0,2,1.672200e+03,2.711889e-01,2.771829e-01,6.375062e+00,0.5500,6.649248e+00,2.017338e-01,1.101286e+00,1.104506e+00,1.102927e+00,0.1674,,,,,,,,,,,,,,0.062492404133081436,ok
cnn,ntk,gelu,8,0,3,1.672705e+03,2.711889e-01,2.821302e-01,4.926775e+00,0.4750,5.203435e+00,2.017338e-01,1.064516e+00,1.084512e+00,1.074713e+00,0.1245,,,,,,,,,,,,,,0.062492404133081436,ok
cnn,ntk,gelu,8,0,4,1.673297e+03,2.711889e-01,2.805074e-01,6.096220e+00,0.5250,6.372068e+00,2.017338e-01,1.124714e+00,1.126401e+00,1.126401e+00,0.1119,,,,,,,,,,,,,,0.062492404133081436,ok
cnn,ntk,gelu,8,1,2,1.671668e+03,2.746414e-01,2.771829e-01,4.723890e+00,0.5000,4.999802e+00,2.028221e-01,1.081708e+00,1.119886e+00,1.081708e+00,0.1555,,,,,,,,,,,,,,0.0629982203245163,ok
cnn,ntk,gelu,8,1,3,1.672738e+03,2.746414e-01,2.821302e-01,4.574497e+00,0.4750,4.852883e+00,2.028221e-01,1.146427e+00,1.150107e+00,1.150107e+00,0.1341,,,,,,,,,,,,,,0.0629982203245163,ok
cnn,ntk,gelu,8,1,4,1.672908e+03,2.746414e-01,2.805073e-01,2.601592e+00,0.5750,2.879166e+00,2.028221e-01,9.371783e-01,9.528619e-01,9.523433e-01,0.2656,,,,,,,,,,,,,,0.0629982203245163,ok
cnn,ntk,gelu,8,2,3,1.673422e+03,2.771829e-01,2.821302e-01,5.783288e+00,0.4000,6.062944e+00,2.026086e-01,1.216251e+00,1.231719e+00,1.231294e+00,0.0992,,,,,,,,,,,,,,0.06347508728504181,ok
cnn,ntk,gelu,8,2,4,1.673498e+03,2.771829e-01,2.805074e-01,3.453346e+00,0.5250,3.732192e+00,2.026086e-01,9.849437e-01,9.849437e-01,9.842175e-01,0.1938,,,,,,,,,,,,,,0.06347508728504181,ok
cnn,ntk,gelu,8,3,4,1.672834e+03,2.821301e-01,2.805073e-01,4.830301e+00,0.5000,5.111620e+00,2.067219e-01,1.136261e+00,1.140604e+00,1.136261e+00,0.1041,,,,,,,,,,,,,,0.06349177658557892,ok
cnn,ntk,tanh,1,0,1,2.153798e+02,3.982292e-01,4.067494e-01,2.053506e+00,0.6500,2.455995e+00,2.875078e-01,8.411448e-01,8.628556e-01,8.622690e-01,0.3552,,,,,,,,,,,,,,0.5231790542602539,ok
cnn,ntk,tanh,1,0,2,2.167027e+02,3.982292e-01,3.953346e-01,3.398352e+00,0.3500,3.795134e+00,2.875078e-01,9.384007e-01,9.999819e-01,9.995532e-01,0.2962,,,,,,,,,,,,,,0.5231790542602539,ok
cnn,ntk,tanh,1,0,3,2.166629e+02,3.982292e-01,4.159044e-01,6.266769e+00,0.4250,6.673836e+00,2.875078e-01,1.101678e+00,1.119223e+00,1.117292e+00,0.1546,,,,,,,,,,,,,,0.5231790542602539,ok
cnn,ntk,tanh,1,0,4,2.165550e+02,3.982292e-01,3.944622e-01,2.171563e+00,0.4750,2.567909e+00,2.875078e-01,8.588960e-01,8.588960e-01,8.562870e-01,0.3387,,,,,,,,,,,,,,0.5231790542602539,ok
cnn,ntk,tanh,1,1,2,2.153551e+02,4.067494e-01,3.953346e-01,3.282671e+00,0.4000,3.683713e+00,2.938661e-01,9.963116e-01,1.012487e+00,1.012487e+00,0.1825,,,,,,,,,,,,,,0.5128009915351868,ok
cnn,ntk,tanh,1,1,3,2.136945e+02,4.067494e-01,4.159044e-01,2.672451e+00,0.5500,3.083778e+00,2.938661e-01,9.469582e-01,9.521686e-01,9.496426e-01,0.2309,,,,,,,,,,,,,,0.5128009915351868,ok
cnn,ntk,tanh,1,1,4,2.154682e+02,4.067494e-01,3.944622e-01,2.173079e+00,0.3500,2.573684e+00,2.938661e-01,8.809605e-01,8.929143e-01,8.929143e-01,0.2853,,,,,,,,,,,,,,0.5128009915351868,ok
cnn,ntk,tanh,1,2,3,2.174984e+02,3.953346e-01,4.159044e-01,5.833626e+00,0.5750,6.239245e+00,2.840279e-01,1.176987e+00,1.176987e+00,1.163451e+00,0.1103,,,,,,,,,,,,,,0.5126808881759644,ok
cnn,ntk,tanh,1,2,4,2.157928e+02,3.953346e-01,3.944622e-01,4.899591e+00,0.5250,5.294489e+00,2.840279e-01,1.134600e+00,1.140174e+00,1.139056e+00,0.1069,,,,,,,,,,,,,,0.5126808881759644,ok
cnn,ntk,tanh,1,3,4,2.159125e+02,4.159044e-01,3.944622e-01,2.261066e+00,0.5000,2.666249e+00,2.992925e-01,9.169714e-01,9.177377e-01,9.169714e-01,0.2854,,,,,,,,,,,,,,0.5208684206008911,ok
cnn,ntk,tanh,2,0,1,4.192908e+02,4.095846e-01,3.924553e-01,3.560122e+00,0.4750,3.961142e+00,2.963031e-01,1.096647e+00,1.099175e+00,1.099175e+00,0.0697,,,,,,,,,,,,,,0.27148130536079407,ok
cnn,ntk,tanh,2,0,2,4.201266e+02,4.095846e-01,4.008688e-01,2.227182e+00,0.4750,2.632408e+00,2.963031e-01,9.503491e-01,9.584996e-01,9.565077e-01,0.2289,,,,,,,,,,,,,,0.27148130536079407,ok
cnn,ntk,tanh,2,0,3,4.202808e+02,4.095846e-01,4.160579e-01,2.653911e+00,0.4750,3.066732e+00,2.963031e-01,9.935689e-01,9.945349e-01,9.885000e-01,0.1547,,,,,,,,,,,,,,0.27148130536079407,ok
cnn,ntk,tanh,2,0,4,4.204186e+02,4.095846e-01,4.219432e-01,2.502066e+00,0.3750,2.917830e+00,2.963031e-01,9.577489e-01,1.000065e+00,9.963768e-01,0.2397,,,,,,,,,,,,,,0.27148130536079407,ok
cnn,ntk,tanh,2,1,2,4.197010e+02,3.924553e-01,4.008688e-01,3.434930e+00,0.4500,3.831592e+00,2.849614e-01,1.085398e+00,1.089831e+00,1.089558e+00,0.1135,,,,,,,,,,,,,,0.277816504240036,ok
cnn,ntk,tanh,2,1,3,4.196903e+02,3.924553e-01,4.160580e-01,2.578121e+00,0.5500,2.982378e+00,2.849614e-01,9.859846e-01,9.926649e-01,9.926649e-01,0.1746,,,,,,,,,,,,,,0.277816504240036,ok
cnn,ntk,tanh,2,1,4,4.197291e+02,3.924553e-01,4.219432e-01,2.625072e+00,0.5500,3.032271e+00,2.849614e-01,9.929649e-01,1.011370e+00,1.008950e+00,0.1109,,,,,,,,,,,,,,0.277816504240036,ok
cnn,ntk,tanh,2,2,3,4.197039e+02,4.008688e-01,4.160579e-01,5.626956e+00,0.4750,6.035419e+00,2.911809e-01,1.162231e+00,1.168298e+00,1.168298e+00,0.1356,,,,,,,,,,,,,,0.27138522267341614,ok
cnn,ntk,tanh,2,2,4,4.204979e+02,4.008688e-01,4.219432e-01,1.804723e+00,0.3750,2.216129e+00,2.911809e-01,8.828417e-01,9.041661e-01,9.041661e-01,0.3128,,,,,,,,,,,,,,0.27138522267341614,ok
cnn,ntk,tanh,2,3,4,4.201419e+02,4.160580e-01,4.219432e-01,2.765136e+00,0.3750,3.184137e+00,3.032202e-01,9.804447e-01,1.025677e+00,1.024801e+00,0.2171,,,,,,,,,,,,,,0.27249640226364136,ok
cnn,ntk,tanh,4,0,1,8.367604e+02,4.400209e-01,4.433506e-01,2.137197e+00,0.5500,2.578883e+00,3.188638e-01,9.466066e-01,9.467470e-01,9.443077e-01,0.2211,,,,,,,,,,,,,,0.14191529154777527,ok
cnn,ntk,tanh,4,0,2,8.363471e+02,4.400209e-01,4.298776e-01,1.829686e+00,0.5000,2.264636e+00,3.188638e-01,9.270825e-01,9.270825e-01,9.270825e-01,0.2536,,,,,,,,,,,,,,0.14191529154777527,ok
cnn,ntk,tanh,4,0,3,8.364260e+02,4.400209e-01,4.460237e-01,2.617616e+00,0.4250,3.060638e+00,3.188638e-01,9.378432e-01,9.416841e-01,9.416841e-01,0.2191,,,,,,,,,,,,,,0.14191529154777527,ok
cnn,ntk,tanh,4,0,4,8.353661e+02,4.400209e-01,4.367989e-01,1.964942e+00,0.5250,2.403352e+00,3.188638e-01,9.378547e-01,9.378547e-01,9.359472e-01,0.1933,,,,,,,,,,,,,,0.14191529154777527,ok
cnn,ntk,tanh,4,1,2,8.356954e+02,4.433506e-01,4.298776e-01,3.029151e+00,0.4750,3.465765e+00,3.219840e-01,1.055839e+00,1.061741e+00,1.044304e+00,0.1090,,,,,,,,,,,,,,0.14067555963993073,ok
cnn,ntk,tanh,4,1,3,8.354380e+02,4.433506e-01,4.460237e-01,1.804680e+00,0.5000,2.249368e+00,3.219840e-01,9.136881e-01,9.159288e-01,9.136881e-01,0.1862,,,,,,,,,,,,,,0.14067555963993073,ok
cnn,ntk,tanh,4,1,4,8.348323e+02,4.433506e-01,4.367989e-01,2.195848e+00,0.4000,2.635923e+00,3.219840e-01,9.642786e-01,9.866383e-01,9.846196e-01,0.1717,,,,,,,,,,,,,,0.14067555963993073,ok
cnn,ntk,tanh,4,2,3,8.367448e+02,4.298776e-01,4.460237e-01,1.791383e+00,0.5250,2.229334e+00,3.140088e-01,9.022743e-01,9.022743e-01,9.006202e-01,0.2862,,,,,,,,,,,,,,0.1405978798866272,ok
cnn,ntk,tanh,4,2,4,8.351387e+02,4.298776e-01,4.367989e-01,3.013722e+00,0.5000,3.447060e+00,3.140088e-01,1.030443e+00,1.037901e+00,1.030443e+00,0.1880,,,,,,,,,,,,,,0.1405978798866272,ok
cnn,ntk,tanh,4,3,4,8.348763e+02,4.460237e-01,4.367989e-01,1.792081e+00,0.5500,2.233492e+00,3.216141e-01,8.901531e-01,9.001456e-01,8.992467e-01,0.2763,,,,,,,,,,,,,,0.1405630111694336,ok
cnn,ntk,tanh,8,0,1,1.674286e+03,4.844870e-01,4.745332e-01,1.552352e+00,0.5000,2.031862e+00,3.477380e-01,8.882888e-01,8.882888e-01,8.882888e-01,0.2696,,,,,,,,,,,,,,0.07160001993179321,ok
cnn,ntk,tanh,8,0,2,1.671797e+03,4.844870e-01,4.815316e-01,1.572959e+00,0.5000,2.055969e+00,3.477380e-01,9.176128e-01,9.176128e-01,9.176128e-01,0.1992,,,,,,,,,,,,,,0.07160001993179321,ok
cnn,ntk,tanh,8,0,3,1.672660e+03,4.844870e-01,4.754755e-01,1.605953e+00,0.4500,2.085934e+00,3.477380e-01,9.005588e-01,9.011578e-01,8.990820e-01,0.2513,,,,,,,,,,,,,,0.07160001993179321,ok
cnn,ntk,tanh,8,0,4,1.672428e+03,4.844870e-01,4.809566e-01,1.630971e+00,0.4750,2.113693e+00,3.477380e-01,9.076976e-01,9.086424e-01,9.086424e-01,0.2487,,,,,,,,,,,,,,0.07160001993179321,ok
cnn,ntk,tanh,8,1,2,1.671785e+03,4.745332e-01,4.815316e-01,1.604024e+00,0.4750,2.082056e+00,3.411310e-01,9.021957e-01,9.070324e-01,9.066580e-01,0.2956,,,,,,,,,,,,,,0.0714682936668396,ok
cnn,ntk,tanh,8,1,3,1.673029e+03,4.745332e-01,4.754755e-01,1.762809e+00,0.5000,2.237814e+00,3.411310e-01,9.070018e-01,9.082422e-01,9.070018e-01,0.2565,,,,,,,,,,,,,,0.0714682936668396,ok
cnn,ntk,tanh,8,1,4,1.672988e+03,4.745332e-01,4.809566e-01,1.926890e+00,0.5000,2.404634e+00,3.411310e-01,9.414825e-01,9.414825e-01,9.414825e-01,0.1679,,,,,,,,,,,,,,0.0714682936668396,ok
cnn,ntk,tanh,8,2,3,1.673022e+03,4.815316e-01,4.754755e-01,1.610422e+00,0.5250,2.088926e+00,3.472292e-01,9.274902e-01,9.286399e-01,9.286399e-01,0.1957,,,,,,,,,,,,,,0.07131054997444153,ok
cnn,ntk,tanh,8,2,4,1.672954e+03,4.815316e-01,4.809566e-01,1.760233e+00,0.5000,2.241477e+00,3.472292e-01,9.506421e-01,9.506421e-01,9.506421e-01,0.1536,,,,,,,,,,,,,,0.07131054997444153,ok
cnn,ntk,tanh,8,3,4,1.672038e+03,4.754755e-01,4.809566e-01,1.484491e+00,0.4750,1.962707e+00,3.429635e-01,8.923168e-01,8.923168e-01,8.906020e-01,0.2870,,,,,,,,,,,,,,0.07121369987726212,ok
cnn,ntk,swish,1,0,1,2.112850e+02,2.685480e-01,2.888307e-01,5.451091e+00,0.5000,5.729780e+00,1.919931e-01,1.081711e+00,1.084263e+00,1.081711e+00,0.1888,,,,,,,,,,,,,,0.4073294401168823,ok
cnn,ntk,swish,1,0,2,2.112834e+02,2.685480e-01,2.768453e-01,5.442944e+00,0.5250,5.715640e+00,1.919931e-01,1.028835e+00,1.028835e+00,1.027899e+00,0.2068,,,,,,,,,,,,,,0.4073294401168823,ok
cnn,ntk,swish,1,0,3,2.127168e+02,2.685480e-01,2.912482e-01,4.862035e+00,0.4500,5.141933e+00,1.919931e-01,1.046660e+00,1.055599e+00,1.032111e+00,0.2034,,,,,,,,,,,,,,0.4073294401168823,ok
cnn,ntk,swish,1,0,4,2.115603e+02,2.685480e-01,2.855814e-01,3.865757e+00,0.4000,4.142822e+00,1.919931e-01,9.258820e-01,9.641695e-01,9.641695e-01,0.2834,,,,,,,,,,,,,,0.4073294401168823,ok
cnn,ntk,swish,1,1,2,2.126578e+02,2.888307e-01,2.768453e-01,3.114740e+00,0.5750,3.397578e+00,2.049297e-01,9.838316e-01,9.996624e-01,9.996624e-01,0.2458,,,,,,,,,,,,,,0.41362157464027405,ok
cnn,ntk,swish,1,1,3,2.118080e+02,2.888307e-01,2.912482e-01,5.959589e+00,0.4500,6.249628e+00,2.049297e-01,1.125589e+00,1.183350e+00,1.165482e+00,0.1572,,,,,,,,,,,,,,0.41362157464027405,ok
cnn,ntk,swish,1,1,4,2.103760e+02,2.888307e-01,2.855814e-01,4.718616e+00,0.4500,5.005822e+00,2.049297e-01,9.713093e-01,1.022104e+00,1.013424e+00,0.2644,,,,,,,,,,,,,,0.41362157464027405,ok
cnn,ntk,swish,1,2,3,2.119996e+02,2.768453e-01,2.912482e-01,4.090551e+00,0.3750,4.374598e+00,1.967820e-01,9.533012e-01,1.074215e+00,1.067577e+00,0.2810,,,,,,,,,,,,,,0.4073875844478607,ok
cnn,ntk,swish,1,2,4,2.115081e+02,2.768453e-01,2.855814e-01,4.598330e+00,0.5000,4.879543e+00,1.967820e-01,1.030494e+00,1.031201e+00,1.030494e+00,0.2058,,,,,,,,,,,,,,0.4073875844478607,ok
cnn,ntk,swish,1,3,4,2.105032e+02,2.912482e-01,2.855814e-01,5.335199e+00,0.5750,5.623614e+00,2.052862e-01,1.126085e+00,1.146563e+00,1.146563e+00,0.1477,,,,,,,,,,,,,,0.40493249893188477,ok
cnn,ntk,swish,2,0,1,4.162454e+02,2.649805e-01,2.657967e-01,7.574717e+00,0.6000,7.840106e+00,1.913013e-01,1.174925e+00,1.192473e+00,1.192473e+00,0.1113,,,,,,,,,,,,,,0.22046764194965363,ok
cnn,ntk,swish,2,0,2,4.145226e+02,2.649805e-01,2.752144e-01,8.708879e+00,0.4750,8.978977e+00,1.913013e-01,1.204839e+00,1.206719e+00,1.206719e+00,0.1170,,,,,,,,,,,,,,0.22046764194965363,ok
cnn,ntk,swish,2,0,3,4.149503e+02,2.649805e-01,2.754244e-01,2.446276e+00,0.4750,2.716479e+00,1.913013e-01,9.711876e-01,9.713600e-01,9.713600e-01,0.2116,,,,,,,,,,,,,,0.22046764194965363,ok
cnn,ntk,swish,2,0,4,4.170322e+02,2.649805e-01,2.737324e-01,4.081169e+00,0.5750,4.350526e+00,1.913013e-01,1.021619e+00,1.073192e+00,1.073192e+00,0.2294,,,,,,,,,,,,,,0.22046764194965363,ok
cnn,ntk,swish,2,1,2,4.151234e+02,2.657967e-01,2.752145e-01,7.223603e+00,0.5750,7.494108e+00,1.934783e-01,1.133956e+00,1.138369e+00,1.128498e+00,0.1388,,,,,,,,,,,,,,0.2205234169960022,ok
cnn,ntk,swish,2,1,3,4.171029e+02,2.657967e-01,2.754245e-01,6.443885e+00,0.5250,6.714496e+00,1.934783e-01,1.202797e+00,1.203402e+00,1.203402e+00,0.1050,,,,,,,,,,,,,,0.2205234169960022,ok
cnn,ntk,swish,2,1,4,4.163514e+02,2.657967e-01,2.737324e-01,7.197685e+00,0.5000,7.467449e+00,1.934783e-01,1.120515e+00,1.135359e+00,1.120515e+00,0.1304,,,,,,,,,,,,,,0.2205234169960022,ok
cnn,ntk,swish,2,2,3,4.159750e+02,2.752145e-01,2.754244e-01,5.446216e+00,0.5000,5.721536e+00,1.986051e-01,1.037361e+00,1.040792e+00,1.037361e+00,0.1704,,,,,,,,,,,,,,0.2187342643737793,ok
cnn,ntk,swish,2,2,4,4.140778e+02,2.752145e-01,2.737324e-01,3.240452e+00,0.5750,3.514925e+00,1.986051e-01,9.401405e-01,9.580306e-01,9.580306e-01,0.2774,,,,,,,,,,,,,,0.2187342643737793,ok
cnn,ntk,swish,2,3,4,4.155099e+02,2.754244e-01,2.737324e-01,4.568430e+00,0.6000,4.843009e+00,1.961140e-01,1.009565e+00,1.056055e+00,1.055661e+00,0.1479,,,,,,,,,,,,,,0.21929718554019928,ok
cnn,ntk,swish,4,0,1,8.322353e+02,2.674728e-01,2.633906e-01,2.596091e+00,0.5250,2.861523e+00,1.938690e-01,8.962688e-01,8.992079e-01,8.992079e-01,0.2948,,,,,,,,,,,,,,0.11778651177883148,ok
cnn,ntk,swish,4,0,2,8.323621e+02,2.674728e-01,2.673713e-01,3.360340e+00,0.5750,3.627763e+00,1.938690e-01,9.698630e-01,1.049646e+00,1.044177e+00,0.2156,,,,,,,,,,,,,,0.11778651177883148,ok
cnn,ntk,swish,4,0,3,8.321421e+02,2.674728e-01,2.665729e-01,3.032101e+00,0.4500,3.299123e+00,1.938690e-01,9.415664e-01,9.547802e-01,9.547802e-01,0.2002,,,,,,,,,,,,,,0.11778651177883148,ok
cnn,ntk,swish,4,0,4,8.308277e+02,2.674728e-01,2.684913e-01,6.938826e+00,0.5750,7.206808e+00,1.938690e-01,1.137350e+00,1.145350e+00,1.145350e+00,0.1015,,,,,,,,,,,,,,0.11778651177883148,ok
cnn,ntk,swish,4,1,2,8.322126e+02,2.633906e-01,2.673713e-01,8.173338e+00,0.5000,8.438718e+00,1.898825e-01,1.195520e+00,1.195638e+00,1.195520e+00,0.1170,,,,,,,,,,,,,,0.11810547858476639,ok
cnn,ntk,swish,4,1,3,8.333035e+02,2.633906e-01,2.665729e-01,5.516369e+00,0.4500,5.781350e+00,1.898825e-01,1.063872e+00,1.068289e+00,1.068289e+00,0.2027,,,,,,,,,,,,,,0.11810547858476639,ok
cnn,ntk,swish,4,1,4,8.326019e+02,2.633906e-01,2.684913e-01,5.754583e+00,0.3750,6.020524e+00,1.898825e-01,1.031857e+00,1.046908e+00,1.045225e+00,0.1866,,,,,,,,,,,,,,0.11810547858476639,ok
cnn,ntk,swish,4,2,3,8.337469e+02,2.673712e-01,2.665730e-01,5.595033e+00,0.4750,5.862005e+00,1.952648e-01,1.198519e+00,1.211616e+00,1.206083e+00,0.0952,,,,,,,,,,,,,,0.11830824613571167,ok
cnn,ntk,swish,4,2,4,8.329209e+02,2.673712e-01,2.684913e-01,3.983312e+00,0.5000,4.251244e+00,1.952648e-01,1.095347e+00,1.097859e+00,1.095347e+00,0.1335,,,,,,,,,,,,,,0.11830824613571167,ok
cnn,ntk,swish,4,3,4,8.316600e+02,2.665729e-01,2.684913e-01,7.832085e+00,0.5750,8.099617e+00,1.951594e-01,1.215534e+00,1.227358e+00,1.224163e+00,0.0967,,,,,,,,,,,,,,0.11985030770301819,ok
cnn,ntk,swish,8,0,1,1.673381e+03,2.750177e-01,2.770766e-01,3.791673e+00,0.4500,4.067721e+00,2.030564e-01,1.082394e+00,1.097137e+00,1.079349e+00,0.1119,,,,,,,,,,,,,,0.06305558979511261,ok
cnn,ntk,swish,8,0,2,1.670965e+03,2.750177e-01,2.835260e-01,3.898652e+00,0.6750,4.177924e+00,2.030564e-01,9.967041e-01,1.010836e+00,1.005348e+00,0.1678,,,,,,,,,,,,,,0.06305558979511261,ok
cnn,ntk,swish,8,0,3,1.672554e+03,2.750177e-01,2.783823e-01,2.905202e+00,0.4500,3.181902e+00,2.030564e-01,9.672264e-01,9.888008e-01,9.869513e-01,0.1962,,,,,,,,,,,,,,0.06305558979511261,ok
cnn,ntk,swish,8,0,4,1.672352e+03,2.750177e-01,2.768783e-01,3.923608e+00,0.4750,4.199556e+00,2.030564e-01,1.015867e+00,1.030233e+00,1.027320e+00,0.1045,,,,,,,,,,,,,,0.06305558979511261,ok
cnn,ntk,swish,8,1,2,1.671028e+03,2.770766e-01,2.835260e-01,4.062391e+00,0.4250,4.342693e+00,2.017733e-01,9.871087e-01,9.935185e-01,9.883393e-01,0.2163,,,,,,,,,,,,,,0.06355325132608414,ok
cnn,ntk,swish,8,1,3,1.672968e+03,2.770766e-01,2.783822e-01,3.162735e+00,0.5500,3.440464e+00,2.017733e-01,9.934944e-01,1.008335e+00,1.008335e+00,0.1874,,,,,,,,,,,,,,0.06355325132608414,ok
cnn,ntk,swish,8,1,4,1.672022e+03,2.770766e-01,2.768784e-01,3.334854e+00,0.4250,3.611831e+00,2.017733e-01,1.041104e+00,1.064934e+00,1.064934e+00,0.1244,,,,,,,,,,,,,,0.06355325132608414,ok
cnn,ntk,swish,8,2,3,1.671932e+03,2.835261e-01,2.783822e-01,3.709227e+00,0.4500,3.990181e+00,2.086715e-01,1.021278e+00,1.023475e+00,1.019916e+00,0.1537,,,,,,,,,,,,,,0.06256380677223206,ok
cnn,ntk,swish,8,2,4,1.673096e+03,2.835261e-01,2.768784e-01,3.613533e+00,0.4750,3.893736e+00,2.086715e-01,1.032598e+00,1.036361e+00,1.026580e+00,0.1131,,,,,,,,,,,,,,0.06256380677223206,ok
cnn,ntk,swish,8,3,4,1.671709e+03,2.783822e-01,2.768783e-01,2.472848e+00,0.5250,2.750479e+00,2.039548e-01,9.429819e-01,9.686803e-01,9.534997e-01,0.1974,,,,,,,,,,,,,,0.06244659051299095,ok
cnn,ntk,softplus,1,0,1,2.107292e+02,3.011088e-01,3.085937e-01,2.892957e+00,0.5250,3.197808e+00,2.150641e-01,7.974701e-01,7.974701e-01,7.966978e-01,0.4125,,,,,,,,,,,,,,0.42642122507095337,ok
cnn,ntk,softplus,1,0,2,2.123567e+02,3.011088e-01,3.033814e-01,5.198018e+00,0.4500,5.500264e+00,2.150641e-01,9.816837e-01,1.033304e+00,1.013744e+00,0.2370,,,,,,,,,,,,,,0.42642122507095337,ok
cnn,ntk,softplus,1,0,3,2.133257e+02,3.011088e-01,2.947607e-01,5.781300e+00,0.5250,6.079235e+00,2.150641e-01,1.148759e+00,1.154100e+00,1.154100e+00,0.0952,,,,,,,,,,,,,,0.42642122507095337,ok
cnn,ntk,softplus,1,0,4,2.124510e+02,3.011088e-01,3.107828e-01,6.573862e+00,0.6000,6.879808e+00,2.150641e-01,1.067039e+00,1.147854e+00,1.147854e+00,0.1699,,,,,,,,,,,,,,0.42642122507095337,ok
cnn,ntk,softplus,1,1,2,2.121412e+02,3.085937e-01,3.033814e-01,5.836397e+00,0.4750,6.142384e+00,2.194080e-01,1.038600e+00,1.049818e+00,1.047605e+00,0.2141,,,,,,,,,,,,,,0.4219617545604706,ok
cnn,ntk,softplus,1,1,3,2.139714e+02,3.085937e-01,2.947607e-01,7.566736e+00,0.4750,7.868413e+00,2.194080e-01,1.188187e+00,1.198121e+00,1.192123e+00,0.1153,,,,,,,,,,,,,,0.4219617545604706,ok
cnn,ntk,softplus,1,1,4,2.133961e+02,3.085937e-01,3.107828e-01,5.524457e+00,0.5750,5.834145e+00,2.194080e-01,1.016816e+00,1.080546e+00,1.080546e+00,0.2391,,,,,,,,,,,,,,0.4219617545604706,ok
cnn,ntk,softplus,1,2,3,2.128450e+02,3.033814e-01,2.947607e-01,4.954560e+00,0.4500,5.253631e+00,2.153829e-01,1.069469e+00,1.084934e+00,1.084934e+00,0.1952,,,,,,,,,,,,,,0.4185269773006439,ok
cnn,ntk,softplus,1,2,4,2.121816e+02,3.033814e-01,3.107828e-01,3.857419e+00,0.4750,4.164501e+00,2.153829e-01,9.419417e-01,9.935778e-01,9.223988e-01,0.2915,,,,,,,,,,,,,,0.4185269773006439,ok
cnn,ntk,softplus,1,3,4,2.132993e+02,2.947607e-01,3.107828e-01,2.467044e+00,0.3500,2.769816e+00,2.104986e-01,7.877972e-01,8.226584e-01,8.130084e-01,0.4240,,,,,,,,,,,,,,0.4314824342727661,ok
cnn,ntk,softplus,2,0,1,4.147505e+02,3.038107e-01,2.975194e-01,2.104771e+00,0.4750,2.405436e+00,2.145267e-01,8.293198e-01,8.405152e-01,8.344899e-01,0.3689,,,,,,,,,,,,,,0.22600392997264862,ok
cnn,ntk,softplus,2,0,2,4.153973e+02,3.038107e-01,2.948738e-01,5.283075e+00,0.5000,5.582417e+00,2.145267e-01,1.108544e+00,1.111991e+00,1.108544e+00,0.1133,,,,,,,,,,,,,,0.22600392997264862,ok
cnn,ntk,softplus,2,0,3,4.145559e+02,3.038107e-01,3.026371e-01,4.755714e+00,0.4750,5.058938e+00,2.145267e-01,1.042789e+00,1.056709e+00,1.052191e+00,0.2290,,,,,,,,,,,,,,0.22600392997264862,ok
cnn,ntk,softplus,2,0,4,4.165751e+02,3.038107e-01,3.073736e-01,3.973740e+00,0.5750,4.279333e+00,2.145267e-01,9.855803e-01,9.895508e-01,9.762756e-01,0.2517,,,,,,,,,,,,,,0.22600392997264862,ok
cnn,ntk,softplus,2,1,2,4.162451e+02,2.975195e-01,2.948738e-01,7.064101e+00,0.5750,7.360298e+00,2.096878e-01,1.015763e+00,1.030456e+00,1.026865e+00,0.2113,,,,,,,,,,,,,,0.22402411699295044,ok
cnn,ntk,softplus,2,1,3,4.156361e+02,2.975195e-01,3.026371e-01,3.593141e+00,0.5250,3.893219e+00,2.096878e-01,8.375401e-01,8.754079e-01,8.350505e-01,0.3770,,,,,,,,,,,,,,0.22402411699295044,ok
cnn,ntk,softplus,2,1,4,4.174699e+02,2.975195e-01,3.073736e-01,7.600404e+00,0.4250,7.902850e+00,2.096878e-01,1.030350e+00,1.110217e+00,1.097243e+00,0.2050,,,,,,,,,,,,,,0.22402411699295044,ok
cnn,ntk,softplus,2,2,3,4.171705e+02,2.948738e-01,3.026371e-01,1.148767e+01,0.5750,1.178643e+01,2.090201e-01,1.144338e+00,1.202850e+00,1.188345e+00,0.1134,,,,,,,,,,,,,,0.22771017253398895,ok
cnn,ntk,softplus,2,2,4,4.159230e+02,2.948738e-01,3.073736e-01,3.741062e+00,0.5250,4.042185e+00,2.090201e-01,9.155851e-01,9.280814e-01,9.251710e-01,0.3224,,,,,,,,,,,,,,0.22771017253398895,ok
cnn,ntk,softplus,2,3,4,4.167177e+02,3.026371e-01,3.073736e-01,4.588955e+00,0.4750,4.893960e+00,2.177509e-01,1.025924e+00,1.026175e+00,1.026175e+00,0.2493,,,,,,,,,,,,,,0.22412221133708954,ok
cnn,ntk,softplus,4,0,1,8.318530e+02,3.034429e-01,3.026612e-01,6.121156e+00,0.4750,6.424208e+00,2.176834e-01,1.098053e+00,1.098053e+00,1.096467e+00,0.1719,,,,,,,,,,,,,,0.12205901741981506,ok
cnn,ntk,softplus,4,0,2,8.316127e+02,3.034429e-01,3.087923e-01,5.202421e+00,0.5250,5.508539e+00,2.176834e-01,1.109634e+00,1.112085e+00,1.102530e+00,0.1368,,,,,,,,,,,,,,0.12205901741981506,ok
cnn,ntk,softplus,4,0,3,8.324346e+02,3.034429e-01,3.076295e-01,1.241395e+01,0.4750,1.271948e+01,2.176834e-01,1.168865e+00,1.214003e+00,1.136248e+00,0.1149,,,,,,,,,,,,,,0.12205901741981506,ok
cnn,ntk,softplus,4,0,4,8.318938e+02,3.034429e-01,3.076649e-01,5.440283e+00,0.4500,5.745837e+00,2.176834e-01,1.208664e+00,1.209712e+00,1.203192e+00,0.1028,,,,,,,,,,,,,,0.12205901741981506,ok
cnn,ntk,softplus,4,1,2,8.314940e+02,3.026612e-01,3.087923e-01,4.790955e+00,0.5000,5.096682e+00,2.183759e-01,1.019205e+00,1.019205e+00,1.019205e+00,0.2224,,,,,,,,,,,,,,0.12230003625154495,ok
cnn,ntk,softplus,4,1,3,8.329777e+02,3.026612e-01,3.076295e-01,6.084091e+00,0.4750,6.389237e+00,2.183759e-01,1.165626e+00,1.168277e+00,1.157660e+00,0.1037,,,,,,,,,,,,,,0.12230003625154495,ok
cnn,ntk,softplus,4,1,4,8.337000e+02,3.026612e-01,3.076649e-01,6.174491e+00,0.5000,6.479654e+00,2.183759e-01,1.151172e+00,1.152261e+00,1.151172e+00,0.1385,,,,,,,,,,,,,,0.12230003625154495,ok
cnn,ntk,softplus,4,2,3,8.331544e+02,3.087923e-01,3.076295e-01,4.030662e+00,0.5750,4.338873e+00,2.199228e-01,1.070355e+00,1.083391e+00,1.074511e+00,0.1723,,,,,,,,,,,,,,0.12241265177726746,ok
cnn,ntk,softplus,4,2,4,8.335000e+02,3.087923e-01,3.076649e-01,5.329470e+00,0.4500,5.637698e+00,2.199228e-01,1.104389e+00,1.148490e+00,1.138842e+00,0.1722,,,,,,,,,,,,,,0.12241265177726746,ok
cnn,ntk,softplus,4,3,4,8.328506e+02,3.076295e-01,3.076649e-01,4.067914e+00,0.4750,4.375561e+00,2.195666e-01,1.067985e+00,1.069720e+00,1.057938e+00,0.1454,,,,,,,,,,,,,,0.12381313741207123,ok
cnn,ntk,softplus,8,0,1,1.672341e+03,3.143713e-01,3.159956e-01,4.516598e+00,0.4250,4.831781e+00,2.270536e-01,9.984276e-01,1.113588e+00,1.098074e+00,0.1843,,,,,,,,,,,,,,0.06766250729560852,ok
cnn,ntk,softplus,8,0,2,1.671847e+03,3.143713e-01,3.313861e-01,4.397774e+00,0.4250,4.720653e+00,2.270536e-01,1.011861e+00,1.011861e+00,1.003857e+00,0.1975,,,,,,,,,,,,,,0.06766250729560852,ok
cnn,ntk,softplus,8,0,3,1.671600e+03,3.143713e-01,3.406296e-01,3.736948e+00,0.5250,4.064448e+00,2.270536e-01,9.101751e-01,9.203511e-01,9.174475e-01,0.3050,,,,,,,,,,,,,,0.06766250729560852,ok
cnn,ntk,softplus,8,0,4,1.671009e+03,3.143713e-01,3.197485e-01,6.268876e+00,0.5000,6.585936e+00,2.270536e-01,1.147722e+00,1.147722e+00,1.147722e+00,0.1138,,,,,,,,,,,,,,0.06766250729560852,ok
cnn,ntk,softplus,8,1,2,1.671241e+03,3.159956e-01,3.313862e-01,3.576523e+00,0.4500,3.900214e+00,2.279012e-01,9.687381e-01,9.993312e-01,9.941837e-01,0.2517,,,,,,,,,,,,,,0.06678596884012222,ok
cnn,ntk,softplus,8,1,3,1.670686e+03,3.159956e-01,3.406296e-01,3.800415e+00,0.6000,4.128728e+00,2.279012e-01,9.823830e-01,1.004757e+00,1.004757e+00,0.2264,,,,,,,,,,,,,,0.06678596884012222,ok
cnn,ntk,softplus,8,1,4,1.670624e+03,3.159956e-01,3.197484e-01,3.033709e+00,0.4750,3.351581e+00,2.279012e-01,9.701827e-01,9.781348e-01,9.622268e-01,0.1990,,,,,,,,,,,,,,0.06678596884012222,ok
cnn,ntk,softplus,8,2,3,1.672788e+03,3.313862e-01,3.406296e-01,1.038365e+01,0.5000,1.071966e+01,2.384703e-01,1.179992e+00,1.179992e+00,1.179992e+00,0.1212,,,,,,,,,,,,,,0.06643693894147873,ok
cnn,ntk,softplus,8,2,4,1.673754e+03,3.313862e-01,3.197485e-01,5.404802e+00,0.4500,5.730369e+00,2.384703e-01,1.097975e+00,1.131310e+00,1.123399e+00,0.1233,,,,,,,,,,,,,,0.06643693894147873,ok
cnn,ntk,softplus,8,3,4,1.671324e+03,3.406295e-01,3.197485e-01,3.158404e+00,0.5250,3.488593e+00,2.460395e-01,1.033582e+00,1.034355e+00,1.034355e+00,0.1942,,,,,,,,,,,,,,0.06578255444765091,ok
cnn,sp,gelu,1,0,1,5.286763e+01,4.047808e-02,3.592710e-02,2.161683e+00,0.4750,2.199885e+00,4.355311e-02,6.475203e-01,6.477952e-01,6.477952e-01,0.5387,,,,,,,,,,,,,,3.1692750453948975,ok
cnn,sp,gelu,1,0,2,5.203568e+01,4.047808e-02,4.140979e-02,1.506029e+00,0.5000,1.546973e+00,4.355311e-02,4.876170e-01,4.876170e-01,4.876170e-01,0.6474,,,,,,,,,,,,,,3.1692750453948975,ok
cnn,sp,gelu,1,0,3,5.202412e+01,4.047808e-02,3.905072e-02,1.655469e+00,0.4500,1.695233e+00,4.355311e-02,5.366860e-01,5.470008e-01,5.466646e-01,0.6179,,,,,,,,,,,,,,3.1692750453948975,ok
cnn,sp,gelu,1,0,4,5.184697e+01,4.047808e-02,4.119767e-02,8.763393e-01,0.5000,9.171771e-01,4.355311e-02,3.452044e-01,3.452044e-01,3.452044e-01,0.7660,,,,,,,,,,,,,,3.1692750453948975,ok
cnn,sp,gelu,1,1,2,5.289870e+01,3.592710e-02,4.140982e-02,1.833757e+00,0.5000,1.872425e+00,3.990045e-02,5.687407e-01,5.705191e-01,5.687407e-01,0.6011,,,,,,,,,,,,,,3.2116341590881348,ok
cnn,sp,gelu,1,1,3,5.245304e+01,3.592710e-02,3.905073e-02,1.841059e+00,0.5000,1.878548e+00,3.990045e-02,5.525868e-01,5.562131e-01,5.525868e-01,0.6005,,,,,,,,,,,,,,3.2116341590881348,ok
cnn,sp,gelu,1,1,4,5.279298e+01,3.592710e-02,4.119769e-02,1.033692e+00,0.4750,1.072254e+00,3.990045e-02,3.647155e-01,3.676940e-01,3.676940e-01,0.7478,,,,,,,,,,,,,,3.2116341590881348,ok
cnn,sp,gelu,1,2,3,5.275178e+01,4.140980e-02,3.905073e-02,3.118066e+00,0.4750,3.158297e+00,4.408315e-02,7.708075e-01,7.820621e-01,7.813720e-01,0.4352,,,,,,,,,,,,,,3.179373264312744,ok
cnn,sp,gelu,1,2,4,5.223906e+01,4.140980e-02,4.119770e-02,7.482543e-01,0.4750,7.895580e-01,4.408315e-02,3.237682e-01,3.237682e-01,3.223677e-01,0.7840,,,,,,,,,,,,,,3.179373264312744,ok
cnn,sp,gelu,1,3,4,5.222045e+01,3.905072e-02,4.119769e-02,1.896045e+00,0.5250,1.936169e+00,4.190872e-02,5.957546e-01,5.972329e-01,5.972329e-01,0.5671,,,,,,,,,,,,,,3.1983182430267334,ok
cnn,sp,gelu,2,0,1,5.345592e+01,2.780682e-03,3.030733e-03,6.849418e-01,0.4750,6.878475e-01,3.695972e-03,2.477237e-01,2.478977e-01,2.478977e-01,0.8329,,,,,,,,,,,,,,2.2183282375335693,ok
cnn,sp,gelu,2,0,2,5.325128e+01,2.780682e-03,2.739639e-03,6.976687e-01,0.5000,7.004289e-01,3.695972e-03,2.371412e-01,2.371412e-01,2.371412e-01,0.8355,,,,,,,,,,,,,,2.2183282375335693,ok
cnn,sp,gelu,2,0,3,5.336182e+01,2.780682e-03,2.831136e-03,6.777874e-01,0.4750,6.805933e-01,3.695972e-03,2.220106e-01,2.220106e-01,2.215148e-01,0.8490,,,,,,,,,,,,,,2.2183282375335693,ok
cnn,sp,gelu,2,0,4,5.364310e+01,2.780682e-03,2.833876e-03,9.669867e-01,0.5250,9.697940e-01,3.695972e-03,3.016693e-01,3.032348e-01,3.032348e-01,0.7910,,,,,,,,,,,,,,2.2183282375335693,ok
cnn,sp,gelu,2,1,2,5.300271e+01,3.030731e-03,2.739641e-03,6.908592e-01,0.5000,6.937444e-01,4.039884e-03,2.109665e-01,2.109665e-01,2.109665e-01,0.8567,,,,,,,,,,,,,,2.236696720123291,ok
cnn,sp,gelu,2,1,3,5.318922e+01,3.030731e-03,2.831135e-03,1.307715e+00,0.5250,1.310646e+00,4.039884e-03,3.719595e-01,3.790306e-01,3.790306e-01,0.7422,,,,,,,,,,,,,,2.236696720123291,ok
cnn,sp,gelu,2,1,4,5.313489e+01,3.030731e-03,2.833879e-03,8.148831e-01,0.5000,8.178154e-01,4.039884e-03,2.735934e-01,2.735934e-01,2.735934e-01,0.8125,,,,,,,,,,,,,,2.236696720123291,ok
cnn,sp,gelu,2,2,3,5.327355e+01,2.739641e-03,2.831135e-03,7.513600e-01,0.5000,7.541454e-01,3.648662e-03,2.581330e-01,2.581330e-01,2.581330e-01,0.8253,,,,,,,,,,,,,,2.22603440284729,ok
cnn,sp,gelu,2,2,4,5.317421e+01,2.739641e-03,2.833878e-03,7.380790e-01,0.5000,7.408657e-01,3.648662e-03,2.698515e-01,2.698515e-01,2.698515e-01,0.8169,,,,,,,,,,,,,,2.22603440284729,ok
cnn,sp,gelu,2,3,4,5.329733e+01,2.831137e-03,2.833877e-03,1.235379e+00,0.4750,1.238212e+00,3.756464e-03,3.092297e-01,3.092297e-01,3.070986e-01,0.7839,,,,,,,,,,,,,,2.2140541076660156,ok
cnn,sp,gelu,4,0,1,5.258469e+01,8.247349e-04,9.154047e-04,3.891203e-01,0.5000,3.899904e-01,1.104376e-03,1.475003e-01,1.475003e-01,1.475003e-01,0.9008,,,,,,,,,,,,,,1.4132639169692993,ok
cnn,sp,gelu,4,0,2,5.273970e+01,8.247349e-04,9.357723e-04,3.967164e-01,0.5000,3.975966e-01,1.104376e-03,1.517343e-01,1.517343e-01,1.517343e-01,0.8970,,,,,,,,,,,,,,1.4132639169692993,ok
cnn,sp,gelu,4,0,3,5.255816e+01,8.247349e-04,9.079464e-04,3.484042e-01,0.5000,3.492706e-01,1.104376e-03,1.398382e-01,1.398382e-01,1.398382e-01,0.9072,,,,,,,,,,,,,,1.4132639169692993,ok
cnn,sp,gelu,4,0,4,5.278457e+01,8.247349e-04,8.855452e-04,3.742838e-01,0.5000,3.751389e-01,1.104376e-03,1.521189e-01,1.521189e-01,1.521189e-01,0.8991,,,,,,,,,,,,,,1.4132639169692993,ok
cnn,sp,gelu,4,1,2,5.284023e+01,9.154053e-04,9.357719e-04,4.042402e-01,0.5000,4.051658e-01,1.227172e-03,1.547276e-01,1.547276e-01,1.547276e-01,0.8979,,,,,,,,,,,,,,1.4182543754577637,ok
cnn,sp,gelu,4,1,3,5.242345e+01,9.154053e-04,9.079460e-04,4.388434e-01,0.4750,4.397551e-01,1.227172e-03,1.518242e-01,1.519748e-01,1.519748e-01,0.8989,,,,,,,,,,,,,,1.4182543754577637,ok
cnn,sp,gelu,4,1,4,5.225274e+01,9.154053e-04,8.855458e-04,3.796711e-01,0.5000,3.805715e-01,1.227172e-03,1.406699e-01,1.406699e-01,1.406699e-01,0.9064,,,,,,,,,,,,,,1.4182543754577637,ok
cnn,sp,gelu,4,2,3,5.252048e+01,9.357716e-04,9.079460e-04,4.613351e-01,0.4750,4.622569e-01,1.257561e-03,1.622896e-01,1.630005e-01,1.630005e-01,0.8934,,,,,,,,,,,,,,1.4239064455032349,ok
cnn,sp,gelu,4,2,4,5.277394e+01,9.357716e-04,8.855454e-04,3.732818e-01,0.5000,3.741924e-01,1.257561e-03,1.482589e-01,1.482589e-01,1.482589e-01,0.9006,,,,,,,,,,,,,,1.4239064455032349,ok
cnn,sp,gelu,4,3,4,5.255539e+01,9.079458e-04,8.855446e-04,4.281337e-01,0.5000,4.290304e-01,1.212710e-03,1.654864e-01,1.654864e-01,1.654864e-01,0.8895,,,,,,,,,,,,,,1.4181262254714966,ok
cnn,sp,gelu,8,0,1,5.792904e+01,5.805455e-04,5.579396e-04,1.537494e-01,0.5000,1.543187e-01,7.746473e-04,8.022702e-02,8.022702e-02,8.022702e-02,0.9485,,,,,,,,,,,,,,0.9585007429122925,ok
cnn,sp,gelu,8,0,2,5.792967e+01,5.805455e-04,5.064137e-04,1.736880e-01,0.5000,1.742315e-01,7.746473e-04,8.680594e-02,8.680594e-02,8.680594e-02,0.9437,,,,,,,,,,,,,,0.9585007429122925,ok
cnn,sp,gelu,8,0,3,5.818217e+01,5.805455e-04,5.509675e-04,1.866870e-01,0.5000,1.872527e-01,7.746473e-04,9.120112e-02,9.120112e-02,9.120112e-02,0.9430,,,,,,,,,,,,,,0.9585007429122925,ok
cnn,sp,gelu,8,0,4,5.808058e+01,5.805455e-04,5.965440e-04,2.077392e-01,0.5000,2.083277e-01,7.746473e-04,9.544030e-02,9.544030e-02,9.544030e-02,0.9397,,,,,,,,,,,,,,0.9585007429122925,ok
cnn,sp,gelu,8,1,2,5.793395e+01,5.579398e-04,5.064135e-04,1.790842e-01,0.5000,1.796164e-01,7.455184e-04,8.247705e-02,8.247705e-02,8.247705e-02,0.9481,,,,,,,,,,,,,,0.9602786302566528,ok
cnn,sp,gelu,8,1,3,5.794257e+01,5.579398e-04,5.509673e-04,2.227418e-01,0.5000,2.232963e-01,7.455184e-04,9.387023e-02,9.387023e-02,9.387023e-02,0.9387,,,,,,,,,,,,,,0.9602786302566528,ok
cnn,sp,gelu,8,1,4,5.797490e+01,5.579398e-04,5.965445e-04,1.860331e-01,0.5000,1.866103e-01,7.455184e-04,8.959557e-02,8.959557e-02,8.959557e-02,0.9431,,,,,,,,,,,,,,0.9602786302566528,ok
cnn,sp,gelu,8,2,3,5.814317e+01,5.064142e-04,5.509670e-04,1.904876e-01,0.5000,1.910163e-01,6.772993e-04,8.720331e-02,8.720331e-02,8.720331e-02,0.9421,,,,,,,,,,,,,,0.9567586779594421,ok
cnn,sp,gelu,8,2,4,5.803287e+01,5.064142e-04,5.965448e-04,1.974309e-01,0.5000,1.979824e-01,6.772993e-04,8.853875e-02,8.853875e-02,8.853875e-02,0.9407,,,,,,,,,,,,,,0.9567586779594421,ok
cnn,sp,gelu,8,3,4,5.803242e+01,5.509668e-04,5.965444e-04,1.687419e-01,0.5000,1.693157e-01,7.381634e-04,8.508123e-02,8.508123e-02,8.508123e-02,0.9467,,,,,,,,,,,,,,0.959744393825531,ok
cnn,sp,tanh,1,0,1,5.581433e+01,7.281001e-02,6.786789e-02,2.090177e+00,0.4750,2.160516e+00,7.200469e-02,7.275401e-01,7.285092e-01,7.285092e-01,0.4694,,,,,,,,,,,,,,3.598072052001953,ok
cnn,sp,tanh,1,0,2,5.602533e+01,7.281001e-02,6.917520e-02,1.061162e+00,0.5250,1.132155e+00,7.200469e-02,4.939849e-01,4.960964e-01,4.960964e-01,0.6647,,,,,,,,,,,,,,3.598072052001953,ok
cnn,sp,tanh,1,0,3,5.657019e+01,7.281001e-02,6.843751e-02,1.748440e+00,0.5000,1.819063e+00,7.200469e-02,6.159578e-01,6.174000e-01,6.159578e-01,0.5511,,,,,,,,,,,,,,3.598072052001953,ok
cnn,sp,tanh,1,0,4,5.600328e+01,7.281001e-02,6.889153e-02,1.788664e+00,0.4750,1.859515e+00,7.200469e-02,5.557138e-01,5.557138e-01,5.542798e-01,0.6133,,,,,,,,,,,,,,3.598072052001953,ok
cnn,sp,tanh,1,1,2,5.512504e+01,6.786788e-02,6.917520e-02,1.329882e+00,0.5000,1.398404e+00,6.851442e-02,5.411217e-01,5.411217e-01,5.411217e-01,0.6264,,,,,,,,,,,,,,3.651902198791504,ok
cnn,sp,tanh,1,1,3,5.567673e+01,6.786788e-02,6.843750e-02,2.141131e+00,0.4750,2.209283e+00,6.851442e-02,7.122279e-01,7.122279e-01,7.110769e-01,0.4832,,,,,,,,,,,,,,3.651902198791504,ok
cnn,sp,tanh,1,1,4,5.599916e+01,6.786788e-02,6.889152e-02,2.462937e+00,0.4500,2.531317e+00,6.851442e-02,6.937553e-01,7.010041e-01,7.001625e-01,0.5064,,,,,,,,,,,,,,3.651902198791504,ok
cnn,sp,tanh,1,2,3,5.565112e+01,6.917520e-02,6.843751e-02,1.590760e+00,0.5250,1.659566e+00,6.955590e-02,5.807660e-01,5.817877e-01,5.817877e-01,0.5916,,,,,,,,,,,,,,3.5705082416534424,ok
cnn,sp,tanh,1,2,4,5.589416e+01,6.917520e-02,6.889152e-02,1.399234e+00,0.5000,1.468267e+00,6.955590e-02,6.393060e-01,6.393060e-01,6.393060e-01,0.5336,,,,,,,,,,,,,,3.5705082416534424,ok
cnn,sp,tanh,1,3,4,5.590461e+01,6.843749e-02,6.889153e-02,3.438863e+00,0.5250,3.507528e+00,6.916123e-02,8.034459e-01,8.058876e-01,8.058876e-01,0.4219,,,,,,,,,,,,,,3.5923757553100586,ok
cnn,sp,tanh,2,0,1,5.694933e+01,1.442408e-02,1.149208e-02,1.477796e+00,0.5250,1.490754e+00,1.797570e-02,4.793632e-01,4.793632e-01,4.784329e-01,0.6622,,,,,,,,,,,,,,2.488926410675049,ok
cnn,sp,tanh,2,0,2,5.647650e+01,1.442408e-02,1.511488e-02,7.378578e-01,0.5000,7.526272e-01,1.797570e-02,3.244258e-01,3.244258e-01,3.244258e-01,0.7851,,,,,,,,,,,,,,2.488926410675049,ok
cnn,sp,tanh,2,0,3,5.668692e+01,1.442408e-02,1.297309e-02,8.504103e-01,0.4750,8.641089e-01,1.797570e-02,3.357052e-01,3.398397e-01,3.398397e-01,0.7743,,,,,,,,,,,,,,2.488926410675049,ok
cnn,sp,tanh,2,0,4,5.656963e+01,1.442408e-02,1.355843e-02,1.391265e+00,0.5250,1.405256e+00,1.797570e-02,4.607940e-01,4.608182e-01,4.608182e-01,0.6754,,,,,,,,,,,,,,2.488926410675049,ok
cnn,sp,tanh,2,1,2,5.626856e+01,1.149207e-02,1.511487e-02,1.069805e+00,0.4750,1.083108e+00,1.456727e-02,3.879795e-01,3.879795e-01,3.862638e-01,0.7328,,,,,,,,,,,,,,2.4702210426330566,ok
cnn,sp,tanh,2,1,3,5.634321e+01,1.149207e-02,1.297309e-02,1.339934e+00,0.5000,1.352167e+00,1.456727e-02,4.583101e-01,4.583101e-01,4.583101e-01,0.6742,,,,,,,,,,,,,,2.4702210426330566,ok
cnn,sp,tanh,2,1,4,5.595104e+01,1.149207e-02,1.355842e-02,5.085970e-01,0.5000,5.211222e-01,1.456727e-02,2.522540e-01,2.522540e-01,2.522540e-01,0.8386,,,,,,,,,,,,,,2.4702210426330566,ok
cnn,sp,tanh,2,2,3,5.605535e+01,1.511487e-02,1.297309e-02,8.026959e-01,0.5000,8.167399e-01,1.880857e-02,3.214229e-01,3.214229e-01,3.214229e-01,0.7859,,,,,,,,,,,,,,2.513486623764038,ok
cnn,sp,tanh,2,2,4,5.609912e+01,1.511487e-02,1.355842e-02,5.798081e-01,0.5000,5.941447e-01,1.880857e-02,2.537240e-01,2.537240e-01,2.537240e-01,0.8336,,,,,,,,,,,,,,2.513486623764038,ok
cnn,sp,tanh,2,3,4,5.619593e+01,1.297309e-02,1.355843e-02,9.930543e-01,0.5250,1.006320e+00,1.633177e-02,3.621744e-01,3.623690e-01,3.623690e-01,0.7500,,,,,,,,,,,,,,2.506570339202881,ok
cnn,sp,tanh,4,0,1,5.664186e+01,2.553114e-03,2.801193e-03,5.913454e-01,0.5250,5.940226e-01,3.380224e-03,2.085084e-01,2.111299e-01,2.111299e-01,0.8586,,,,,,,,,,,,,,1.6387964487075806,ok
cnn,sp,tanh,4,0,2,5.616626e+01,2.553114e-03,2.456470e-03,4.274727e-01,0.5250,4.299775e-01,3.380224e-03,1.824188e-01,1.843026e-01,1.843026e-01,0.8788,,,,,,,,,,,,,,1.6387964487075806,ok
cnn,sp,tanh,4,0,3,5.687810e+01,2.553114e-03,2.646567e-03,5.837525e-01,0.5250,5.863523e-01,3.380224e-03,2.179127e-01,2.179127e-01,2.176984e-01,0.8499,,,,,,,,,,,,,,1.6387964487075806,ok
cnn,sp,tanh,4,0,4,5.675569e+01,2.553114e-03,2.689511e-03,3.368909e-01,0.5000,3.395122e-01,3.380224e-03,1.522594e-01,1.522594e-01,1.522594e-01,0.9007,,,,,,,,,,,,,,1.6387964487075806,ok
cnn,sp,tanh,4,1,2,5.626595e+01,2.801193e-03,2.456471e-03,6.218065e-01,0.4500,6.244353e-01,3.694434e-03,2.224664e-01,2.289060e-01,2.289060e-01,0.8503,,,,,,,,,,,,,,1.6266765594482422,ok
cnn,sp,tanh,4,1,3,5.686747e+01,2.801193e-03,2.646566e-03,7.693850e-01,0.4750,7.721089e-01,3.694434e-03,2.543685e-01,2.564501e-01,2.564501e-01,0.8253,,,,,,,,,,,,,,1.6266765594482422,ok
cnn,sp,tanh,4,1,4,5.670489e+01,2.801193e-03,2.689509e-03,4.093835e-01,0.5500,4.121289e-01,3.694434e-03,1.739293e-01,1.772553e-01,1.772553e-01,0.8876,,,,,,,,,,,,,,1.6266765594482422,ok
cnn,sp,tanh,4,2,3,5.660237e+01,2.456472e-03,2.646567e-03,5.429319e-01,0.5000,5.454834e-01,3.247544e-03,2.158991e-01,2.158991e-01,2.158991e-01,0.8570,,,,,,,,,,,,,,1.619804859161377,ok
cnn,sp,tanh,4,2,4,5.662287e+01,2.456472e-03,2.689510e-03,3.247378e-01,0.5000,3.273108e-01,3.247544e-03,1.586755e-01,1.586755e-01,1.586755e-01,0.8998,,,,,,,,,,,,,,1.619804859161377,ok
cnn,sp,tanh,4,3,4,5.726561e+01,2.646567e-03,2.689509e-03,6.974220e-01,0.5000,7.000900e-01,3.490100e-03,2.525789e-01,2.525789e-01,2.525789e-01,0.8283,,,,,,,,,,,,,,1.6337460279464722,ok
cnn,sp,tanh,8,0,1,6.129035e+01,1.049063e-03,9.296864e-04,2.709674e-01,0.5000,2.719568e-01,1.398176e-03,1.166243e-01,1.166243e-01,1.166243e-01,0.9240,,,,,,,,,,,,,,1.0757657289505005,ok
cnn,sp,tanh,8,0,2,6.189523e+01,1.049063e-03,1.057824e-03,3.993269e-01,0.5000,4.003803e-01,1.398176e-03,1.488810e-01,1.488810e-01,1.488810e-01,0.9008,,,,,,,,,,,,,,1.0757657289505005,ok
cnn,sp,tanh,8,0,3,6.170743e+01,1.049063e-03,1.033011e-03,2.991039e-01,0.4750,3.001450e-01,1.398176e-03,1.309485e-01,1.309485e-01,1.309441e-01,0.9130,,,,,,,,,,,,,,1.0757657289505005,ok
cnn,sp,tanh,8,0,4,6.124225e+01,1.049063e-03,1.061419e-03,3.379482e-01,0.4750,3.390034e-01,1.398176e-03,1.404784e-01,1.414270e-01,1.414270e-01,0.9084,,,,,,,,,,,,,,1.0757657289505005,ok
cnn,sp,tanh,8,1,2,6.169156e+01,9.296862e-04,1.057825e-03,4.315540e-01,0.5000,4.325478e-01,1.241087e-03,1.424936e-01,1.424936e-01,1.424936e-01,0.9028,,,,,,,,,,,,,,1.0766745805740356,ok
cnn,sp,tanh,8,1,3,6.167423e+01,9.296862e-04,1.033011e-03,6.072089e-01,0.5000,6.081902e-01,1.241087e-03,1.870313e-01,1.870313e-01,1.870313e-01,0.8707,,,,,,,,,,,,,,1.0766745805740356,ok
cnn,sp,tanh,8,1,4,6.150092e+01,9.296862e-04,1.061420e-03,3.265298e-01,0.5000,3.275254e-01,1.241087e-03,1.333094e-01,1.333094e-01,1.333094e-01,0.9107,,,,,,,,,,,,,,1.0766745805740356,ok
cnn,sp,tanh,8,2,3,6.112039e+01,1.057825e-03,1.033013e-03,2.096972e-01,0.5000,2.107426e-01,1.409365e-03,9.192679e-02,9.192679e-02,9.192679e-02,0.9421,,,,,,,,,,,,,,1.0882885456085205,ok
cnn,sp,tanh,8,2,4,6.173701e+01,1.057825e-03,1.061419e-03,2.747511e-01,0.5000,2.758107e-01,1.409365e-03,1.143017e-01,1.143017e-01,1.143017e-01,0.9237,,,,,,,,,,,,,,1.0882885456085205,ok
cnn,sp,tanh,8,3,4,6.193830e+01,1.033011e-03,1.061419e-03,3.494921e-01,0.5000,3.505393e-01,1.375672e-03,1.397918e-01,1.397918e-01,1.397918e-01,0.9074,,,,,,,,,,,,,,1.084283471107483,ok
cnn,sp,swish,1,0,1,5.173269e+01,4.540699e-02,4.160377e-02,3.048834e+00,0.5000,3.092340e+00,4.626402e-02,6.817588e-01,6.827511e-01,6.817588e-01,0.5015,,,,,,,,,,,,,,3.1327054500579834,ok
cnn,sp,swish,1,0,2,5.211567e+01,4.540699e-02,4.430830e-02,8.949808e-01,0.4250,9.398384e-01,4.626402e-02,3.595560e-01,3.690768e-01,3.671587e-01,0.7538,,,,,,,,,,,,,,3.1327054500579834,ok
cnn,sp,swish,1,0,3,5.227200e+01,4.540699e-02,4.734048e-02,1.529879e+00,0.5000,1.576253e+00,4.626402e-02,5.321905e-01,5.321905e-01,5.321905e-01,0.6192,,,,,,,,,,,,,,3.1327054500579834,ok
cnn,sp,swish,1,0,4,5.378386e+01,4.540699e-02,4.205597e-02,3.361591e+00,0.5250,3.405322e+00,4.626402e-02,7.619615e-01,7.619615e-01,7.610260e-01,0.4471,,,,,,,,,,,,,,3.1327054500579834,ok
cnn,sp,swish,1,1,2,5.238599e+01,4.160377e-02,4.430830e-02,8.389175e-01,0.5000,8.818736e-01,4.457689e-02,3.235265e-01,3.235265e-01,3.235265e-01,0.7821,,,,,,,,,,,,,,3.1643970012664795,ok
cnn,sp,swish,1,1,3,5.226957e+01,4.160377e-02,4.734046e-02,9.801970e-01,0.5000,1.024669e+00,4.457689e-02,3.781182e-01,3.797921e-01,3.781182e-01,0.7434,,,,,,,,,,,,,,3.1643970012664795,ok
cnn,sp,swish,1,1,4,5.314658e+01,4.160377e-02,4.205598e-02,1.663211e+00,0.5250,1.705041e+00,4.457689e-02,5.754805e-01,5.770830e-01,5.770830e-01,0.5823,,,,,,,,,,,,,,3.1643970012664795,ok
cnn,sp,swish,1,2,3,5.285186e+01,4.430830e-02,4.734045e-02,1.886390e+00,0.5250,1.932215e+00,4.648088e-02,5.662663e-01,5.662663e-01,5.637145e-01,0.5846,,,,,,,,,,,,,,3.092613935470581,ok
cnn,sp,swish,1,2,4,5.253006e+01,4.430830e-02,4.205598e-02,1.722074e+00,0.4750,1.765257e+00,4.648088e-02,5.804163e-01,5.867214e-01,5.867214e-01,0.5844,,,,,,,,,,,,,,3.092613935470581,ok
cnn,sp,swish,1,3,4,5.355035e+01,4.734045e-02,4.205598e-02,4.331860e+00,0.5250,4.376559e+00,4.770215e-02,8.390906e-01,8.394976e-01,8.394976e-01,0.3815,,,,,,,,,,,,,,3.126117706298828,ok
cnn,sp,swish,2,0,1,5.346436e+01,2.627485e-03,2.815391e-03,8.184767e-01,0.5000,8.211981e-01,3.512186e-03,2.379101e-01,2.379101e-01,2.379101e-01,0.8363,,,,,,,,,,,,,,2.23260235786438,ok
cnn,sp,swish,2,0,2,5.322033e+01,2.627485e-03,2.546667e-03,7.681764e-01,0.5000,7.707634e-01,3.512186e-03,2.553078e-01,2.553078e-01,2.553078e-01,0.8268,,,,,,,,,,,,,,2.23260235786438,ok
cnn,sp,swish,2,0,3,5.349052e+01,2.627485e-03,2.589346e-03,1.003476e+00,0.4750,1.006084e+00,3.512186e-03,3.125728e-01,3.158066e-01,3.158066e-01,0.7856,,,,,,,,,,,,,,2.23260235786438,ok
cnn,sp,swish,2,0,4,5.320770e+01,2.627485e-03,2.540818e-03,1.044788e+00,0.5500,1.047372e+00,3.512186e-03,2.822659e-01,2.831069e-01,2.796144e-01,0.8058,,,,,,,,,,,,,,2.23260235786438,ok
cnn,sp,swish,2,1,2,5.293046e+01,2.815392e-03,2.546670e-03,8.119775e-01,0.5000,8.146586e-01,3.764668e-03,2.269239e-01,2.269239e-01,2.269239e-01,0.8400,,,,,,,,,,,,,,2.2463159561157227,ok
cnn,sp,swish,2,1,3,5.395513e+01,2.815392e-03,2.589345e-03,1.385859e+00,0.4500,1.388561e+00,3.764668e-03,3.087288e-01,3.184786e-01,3.184786e-01,0.7864,,,,,,,,,,,,,,2.2463159561157227,ok
cnn,sp,swish,2,1,4,5.335217e+01,2.815392e-03,2.540819e-03,7.732256e-01,0.5250,7.759037e-01,3.764668e-03,2.501733e-01,2.501733e-01,2.490620e-01,0.8291,,,,,,,,,,,,,,2.2463159561157227,ok
cnn,sp,swish,2,2,3,5.338780e+01,2.546668e-03,2.589345e-03,7.654054e-01,0.5250,7.679734e-01,3.402155e-03,2.483909e-01,2.498847e-01,2.498847e-01,0.8310,,,,,,,,,,,,,,2.220515727996826,ok
cnn,sp,swish,2,2,4,5.343676e+01,2.546668e-03,2.540821e-03,6.064588e-01,0.5000,6.090025e-01,3.402155e-03,2.241860e-01,2.241860e-01,2.241860e-01,0.8496,,,,,,,,,,,,,,2.220515727996826,ok
cnn,sp,swish,2,3,4,5.325081e+01,2.589347e-03,2.540820e-03,1.178632e+00,0.5250,1.181197e+00,3.467263e-03,3.374142e-01,3.413847e-01,3.413847e-01,0.7632,,,,,,,,,,,,,,2.2265424728393555,ok
cnn,sp,swish,4,0,1,5.383113e+01,8.692857e-04,7.526730e-04,6.931744e-01,0.5000,6.939854e-01,1.172435e-03,1.966570e-01,1.966570e-01,1.966570e-01,0.8654,,,,,,,,,,,,,,1.4625340700149536,ok
cnn,sp,swish,4,0,2,5.395402e+01,8.692857e-04,8.204108e-04,7.349688e-01,0.4750,7.358137e-01,1.172435e-03,1.980955e-01,1.980955e-01,1.969747e-01,0.8638,,,,,,,,,,,,,,1.4625340700149536,ok
cnn,sp,swish,4,0,3,5.402969e+01,8.692857e-04,8.464195e-04,5.119955e-01,0.5000,5.128533e-01,1.172435e-03,1.582790e-01,1.582790e-01,1.582790e-01,0.8908,,,,,,,,,,,,,,1.4625340700149536,ok
cnn,sp,swish,4,0,4,5.379943e+01,8.692857e-04,7.494713e-04,3.738822e-01,0.5000,3.746916e-01,1.172435e-03,1.373467e-01,1.373467e-01,1.373467e-01,0.9062,,,,,,,,,,,,,,1.4625340700149536,ok
cnn,sp,swish,4,1,2,5.381740e+01,7.526735e-04,8.204101e-04,3.680128e-01,0.5000,3.687993e-01,1.011631e-03,1.351498e-01,1.351498e-01,1.351498e-01,0.9107,,,,,,,,,,,,,,1.46068274974823,ok
cnn,sp,swish,4,1,3,5.404167e+01,7.526735e-04,8.464215e-04,5.800967e-01,0.4750,5.808963e-01,1.011631e-03,1.676923e-01,1.693790e-01,1.693790e-01,0.8859,,,,,,,,,,,,,,1.46068274974823,ok
cnn,sp,swish,4,1,4,5.400938e+01,7.526735e-04,7.494716e-04,5.768886e-01,0.5000,5.776397e-01,1.011631e-03,1.808058e-01,1.808058e-01,1.808058e-01,0.8763,,,,,,,,,,,,,,1.46068274974823,ok
cnn,sp,swish,4,2,3,5.404691e+01,8.204100e-04,8.464206e-04,4.204292e-01,0.5000,4.212626e-01,1.103253e-03,1.407580e-01,1.407580e-01,1.407580e-01,0.9060,,,,,,,,,,,,,,1.4496054649353027,ok
cnn,sp,swish,4,2,4,5.352561e+01,8.204100e-04,7.494706e-04,4.787875e-01,0.5000,4.795725e-01,1.103253e-03,1.628753e-01,1.628753e-01,1.628753e-01,0.8902,,,,,,,,,,,,,,1.4496054649353027,ok
cnn,sp,swish,4,3,4,5.428210e+01,8.464209e-04,7.494707e-04,5.276369e-01,0.5250,5.284349e-01,1.137758e-03,1.588762e-01,1.597217e-01,1.597217e-01,0.8919,,,,,,,,,,,,,,1.4611276388168335,ok
cnn,sp,swish,8,0,1,5.858940e+01,5.161655e-04,5.374221e-04,1.826170e-01,0.5000,1.831438e-01,6.954746e-04,8.754167e-02,8.754167e-02,8.754167e-02,0.9426,,,,,,,,,,,,,,0.9790440201759338,ok
cnn,sp,swish,8,0,2,5.891463e+01,5.161655e-04,5.392316e-04,2.188828e-01,0.5000,2.194105e-01,6.954746e-04,9.330949e-02,9.330949e-02,9.330949e-02,0.9385,,,,,,,,,,,,,,0.9790440201759338,ok
cnn,sp,swish,8,0,3,5.868541e+01,5.161655e-04,5.345072e-04,2.060796e-01,0.5250,2.066050e-01,6.954746e-04,9.452700e-02,9.503977e-02,9.503977e-02,0.9392,,,,,,,,,,,,,,0.9790440201759338,ok
cnn,sp,swish,8,0,4,5.881649e+01,5.161655e-04,4.750088e-04,2.192194e-01,0.5000,2.197149e-01,6.954746e-04,9.433228e-02,9.433228e-02,9.433228e-02,0.9375,,,,,,,,,,,,,,0.9790440201759338,ok
cnn,sp,swish,8,1,2,5.902299e+01,5.374212e-04,5.392313e-04,3.054046e-01,0.5000,3.059429e-01,7.240148e-04,1.217403e-01,1.217403e-01,1.217403e-01,0.9187,,,,,,,,,,,,,,0.9855754971504211,ok
cnn,sp,swish,8,1,3,5.901150e+01,5.374212e-04,5.345065e-04,2.085590e-01,0.5250,2.090949e-01,7.240148e-04,9.761277e-02,9.794570e-02,9.794570e-02,0.9376,,,,,,,,,,,,,,0.9855754971504211,ok
cnn,sp,swish,8,1,4,5.876750e+01,5.374212e-04,4.750089e-04,2.706722e-01,0.5000,2.711784e-01,7.240148e-04,1.089013e-01,1.089013e-01,1.089013e-01,0.9281,,,,,,,,,,,,,,0.9855754971504211,ok
cnn,sp,swish,8,2,3,5.916083e+01,5.392305e-04,5.345058e-04,2.253622e-01,0.5000,2.258991e-01,7.259955e-04,1.000857e-01,1.000857e-01,1.000857e-01,0.9348,,,,,,,,,,,,,,0.9877440929412842,ok
cnn,sp,swish,8,2,4,5.912796e+01,5.392305e-04,4.750082e-04,1.863907e-01,0.5000,1.868978e-01,7.259955e-04,8.829020e-02,8.839832e-02,8.829020e-02,0.9431,,,,,,,,,,,,,,0.9877440929412842,ok
cnn,sp,swish,8,3,4,5.876406e+01,5.345062e-04,4.750087e-04,2.517050e-01,0.5000,2.522098e-01,7.193133e-04,1.012894e-01,1.012894e-01,1.012894e-01,0.9338,,,,,,,,,,,,,,0.986594557762146,ok
cnn,sp,softplus,1,0,1,4.998402e+01,1.679511e-01,1.791841e-01,5.396206e-01,0.5250,7.131882e-01,1.259667e-01,3.432074e-01,3.432074e-01,3.429539e-01,0.7805,,,,,,,,,,,,,,3.1345553398132324,ok
cnn,sp,softplus,1,0,2,5.014827e+01,1.679511e-01,1.767971e-01,7.715277e-01,0.5250,9.439018e-01,1.259667e-01,3.934869e-01,3.941628e-01,3.941628e-01,0.7377,,,,,,,,,,,,,,3.1345553398132324,ok
cnn,sp,softplus,1,0,3,4.974653e+01,1.679511e-01,1.720843e-01,1.401739e+00,0.4750,1.571756e+00,1.259667e-01,4.927275e-01,4.953921e-01,4.953921e-01,0.6545,,,,,,,,,,,,,,3.1345553398132324,ok
cnn,sp,softplus,1,0,4,5.024734e+01,1.679511e-01,1.870967e-01,8.045443e-01,0.5000,9.820682e-01,1.259667e-01,4.876951e-01,4.876951e-01,4.876951e-01,0.6626,,,,,,,,,,,,,,3.1345553398132324,ok
cnn,sp,softplus,1,1,2,5.082603e+01,1.791841e-01,1.767971e-01,1.999864e+00,0.5000,2.177855e+00,1.316828e-01,6.982794e-01,6.982794e-01,6.982794e-01,0.4962,,,,,,,,,,,,,,3.117652416229248,ok
cnn,sp,softplus,1,1,3,5.008937e+01,1.791841e-01,1.720843e-01,9.119068e-01,0.4750,1.087541e+00,1.316828e-01,4.713606e-01,4.766101e-01,4.766101e-01,0.6682,,,,,,,,,,,,,,3.117652416229248,ok
cnn,sp,softplus,1,1,4,4.995551e+01,1.791841e-01,1.870967e-01,1.047730e+00,0.4750,1.230871e+00,1.316828e-01,5.482374e-01,5.497423e-01,5.497423e-01,0.6129,,,,,,,,,,,,,,3.117652416229248,ok
cnn,sp,softplus,1,2,3,5.012281e+01,1.767971e-01,1.720842e-01,5.207782e-01,0.4750,6.952189e-01,1.323667e-01,3.596032e-01,3.610460e-01,3.610460e-01,0.7732,,,,,,,,,,,,,,3.1483190059661865,ok
cnn,sp,softplus,1,2,4,5.030338e+01,1.767971e-01,1.870967e-01,6.247442e-01,0.4500,8.066911e-01,1.323667e-01,3.713123e-01,3.789512e-01,3.789512e-01,0.7573,,,,,,,,,,,,,,3.1483190059661865,ok
cnn,sp,softplus,1,3,4,5.077232e+01,1.720843e-01,1.870967e-01,1.211722e+00,0.5250,1.391313e+00,1.285214e-01,4.997340e-01,4.997340e-01,4.975116e-01,0.6661,,,,,,,,,,,,,,3.0876920223236084,ok
cnn,sp,softplus,2,0,1,5.267340e+01,1.206890e-01,1.336303e-01,5.852731e-01,0.4500,7.124327e-01,9.556258e-02,3.367629e-01,3.455022e-01,3.455022e-01,0.7717,,,,,,,,,,,,,,2.2945547103881836,ok
cnn,sp,softplus,2,0,2,5.281825e+01,1.206890e-01,1.266685e-01,7.160200e-01,0.5000,8.396988e-01,9.556258e-02,3.354689e-01,3.354689e-01,3.354689e-01,0.7641,,,,,,,,,,,,,,2.2945547103881836,ok
cnn,sp,softplus,2,0,3,5.319866e+01,1.206890e-01,1.243346e-01,4.506401e-01,0.4750,5.731519e-01,9.556258e-02,2.706311e-01,2.713960e-01,2.713960e-01,0.8296,,,,,,,,,,,,,,2.2945547103881836,ok
cnn,sp,softplus,2,0,4,5.261360e+01,1.206890e-01,1.390470e-01,8.783750e-01,0.5000,1.008243e+00,9.556258e-02,4.655872e-01,4.655872e-01,4.655872e-01,0.6808,,,,,,,,,,,,,,2.2945547103881836,ok
cnn,sp,softplus,2,1,2,5.237836e+01,1.336303e-01,1.266686e-01,3.022543e-01,0.4750,4.324037e-01,1.041610e-01,2.443957e-01,2.453547e-01,2.453547e-01,0.8478,,,,,,,,,,,,,,2.272634744644165,ok
cnn,sp,softplus,2,1,3,5.368870e+01,1.336303e-01,1.243346e-01,4.004346e-01,0.5000,5.294171e-01,1.041610e-01,2.837017e-01,2.837017e-01,2.837017e-01,0.8213,,,,,,,,,,,,,,2.272634744644165,ok
cnn,sp,softplus,2,1,4,5.343508e+01,1.336303e-01,1.390470e-01,1.822302e+00,0.5250,1.958640e+00,1.041610e-01,6.768731e-01,6.803249e-01,6.803249e-01,0.5041,,,,,,,,,,,,,,2.272634744644165,ok
cnn,sp,softplus,2,2,3,5.400775e+01,1.266686e-01,1.243346e-01,8.445345e-01,0.5250,9.700362e-01,1.003026e-01,4.194219e-01,4.234087e-01,4.234087e-01,0.7099,,,,,,,,,,,,,,2.286301851272583,ok
cnn,sp,softplus,2,2,4,5.217285e+01,1.266686e-01,1.390470e-01,5.295030e-01,0.4750,6.623608e-01,1.003026e-01,3.191789e-01,3.221045e-01,3.220935e-01,0.7818,,,,,,,,,,,,,,2.286301851272583,ok
cnn,sp,softplus,2,3,4,5.252748e+01,1.243346e-01,1.390470e-01,5.600726e-01,0.5000,6.917635e-01,9.782497e-02,3.577373e-01,3.577373e-01,3.577373e-01,0.7658,,,,,,,,,,,,,,2.2843751907348633,ok
cnn,sp,softplus,4,0,1,5.650858e+01,9.391853e-02,9.784535e-02,4.085994e-01,0.5000,5.044813e-01,7.853461e-02,2.364527e-01,2.365831e-01,2.364527e-01,0.8471,,,,,,,,,,,,,,1.6120885610580444,ok
cnn,sp,softplus,4,0,2,5.719180e+01,9.391853e-02,8.390774e-02,4.457219e-01,0.5000,5.346350e-01,7.853461e-02,2.460821e-01,2.461768e-01,2.460821e-01,0.8350,,,,,,,,,,,,,,1.6120885610580444,ok
cnn,sp,softplus,4,0,3,5.710355e+01,9.391853e-02,9.823111e-02,5.090648e-01,0.4750,6.051396e-01,7.853461e-02,2.697424e-01,2.720948e-01,2.720948e-01,0.8254,,,,,,,,,,,,,,1.6120885610580444,ok
cnn,sp,softplus,4,0,4,5.661500e+01,9.391853e-02,9.143809e-02,3.197208e-01,0.4750,4.123991e-01,7.853461e-02,2.294430e-01,2.294885e-01,2.294885e-01,0.8575,,,,,,,,,,,,,,1.6120885610580444,ok
cnn,sp,softplus,4,1,2,5.641270e+01,9.784539e-02,8.390777e-02,5.378083e-01,0.5250,6.286849e-01,8.069497e-02,2.936012e-01,2.936012e-01,2.933670e-01,0.8059,,,,,,,,,,,,,,1.6215275526046753,ok
cnn,sp,softplus,4,1,3,5.685679e+01,9.784539e-02,9.823113e-02,4.259109e-01,0.5000,5.239491e-01,8.069497e-02,2.781918e-01,2.789559e-01,2.781918e-01,0.8252,,,,,,,,,,,,,,1.6215275526046753,ok
cnn,sp,softplus,4,1,4,5.685039e+01,9.784539e-02,9.143810e-02,5.035022e-01,0.5000,5.981440e-01,8.069497e-02,3.064764e-01,3.071212e-01,3.064764e-01,0.7996,,,,,,,,,,,,,,1.6215275526046753,ok
cnn,sp,softplus,4,2,3,5.690574e+01,8.390775e-02,9.823112e-02,4.058180e-01,0.5000,4.968874e-01,7.306742e-02,2.476436e-01,2.476436e-01,2.476436e-01,0.8409,,,,,,,,,,,,,,1.6509582996368408,ok
cnn,sp,softplus,4,2,4,5.650027e+01,8.390775e-02,9.143807e-02,6.710856e-01,0.5250,7.587585e-01,7.306742e-02,2.808979e-01,2.816134e-01,2.816134e-01,0.8070,,,,,,,,,,,,,,1.6509582996368408,ok
cnn,sp,softplus,4,3,4,5.623553e+01,9.823113e-02,9.143808e-02,3.148732e-01,0.5000,4.097078e-01,8.135315e-02,2.106130e-01,2.106130e-01,2.106130e-01,0.8702,,,,,,,,,,,,,,1.6450530290603638,ok
cnn,sp,softplus,8,0,1,6.126073e+01,7.631813e-02,7.986925e-02,4.508417e-01,0.5000,5.289354e-01,6.515143e-02,2.514707e-01,2.514707e-01,2.514707e-01,0.8353,,,,,,,,,,,,,,1.1128138303756714,ok
cnn,sp,softplus,8,0,2,6.174371e+01,7.631813e-02,8.371362e-02,4.402481e-01,0.5250,5.202640e-01,6.515143e-02,2.345324e-01,2.345324e-01,2.343415e-01,0.8433,,,,,,,,,,,,,,1.1128138303756714,ok
cnn,sp,softplus,8,0,3,6.119373e+01,7.631813e-02,7.918171e-02,8.775638e-01,0.5250,9.553137e-01,6.515143e-02,2.862604e-01,2.882387e-01,2.881300e-01,0.7994,,,,,,,,,,,,,,1.1128138303756714,ok
cnn,sp,softplus,8,0,4,6.205696e+01,7.631813e-02,7.927574e-02,4.693664e-01,0.4500,5.471633e-01,6.515143e-02,2.391316e-01,2.413809e-01,2.413082e-01,0.8386,,,,,,,,,,,,,,1.1128138303756714,ok
cnn,sp,softplus,8,1,2,6.162683e+01,7.986927e-02,8.371367e-02,2.861733e-01,0.4750,3.679648e-01,6.868455e-02,1.842805e-01,1.851360e-01,1.851360e-01,0.8836,,,,,,,,,,,,,,1.1096808910369873,ok
cnn,sp,softplus,8,1,3,6.140403e+01,7.986927e-02,7.918172e-02,3.714105e-01,0.5250,4.509360e-01,6.868455e-02,2.224101e-01,2.234469e-01,2.234469e-01,0.8565,,,,,,,,,,,,,,1.1096808910369873,ok
cnn,sp,softplus,8,1,4,6.099746e+01,7.986927e-02,7.927577e-02,3.599833e-01,0.4750,4.395558e-01,6.868455e-02,1.986754e-01,1.991653e-01,1.991653e-01,0.8693,,,,,,,,,,,,,,1.1096808910369873,ok
cnn,sp,softplus,8,2,3,6.114875e+01,8.371366e-02,7.918173e-02,3.942422e-01,0.5000,4.756899e-01,6.997636e-02,2.081507e-01,2.082204e-01,2.081507e-01,0.8585,,,,,,,,,,,,,,1.1090636253356934,ok
cnn,sp,softplus,8,2,4,6.117913e+01,8.371366e-02,7.927577e-02,2.744958e-01,0.5250,3.559905e-01,6.997636e-02,1.922930e-01,1.934678e-01,1.934678e-01,0.8812,,,,,,,,,,,,,,1.1090636253356934,ok
cnn,sp,softplus,8,3,4,6.121782e+01,7.918173e-02,7.927575e-02,8.609395e-01,0.5000,9.401682e-01,6.742703e-02,3.076852e-01,3.076852e-01,3.076852e-01,0.7835,,,,,,,,,,,,,,1.1076462268829346,ok
cnn,mup,gelu,1,0,1,7.312732e+01,3.290831e-02,3.551030e-02,1.212703e+00,0.4750,1.246912e+00,3.689970e-02,4.331475e-01,4.375340e-01,4.375340e-01,0.6958,,,,,,,,,,,,,,4.110321998596191,ok
cnn,mup,gelu,1,0,2,7.417773e+01,3.290831e-02,3.382401e-02,2.024630e+00,0.5000,2.057996e+00,3.689970e-02,6.275942e-01,6.275942e-01,6.275942e-01,0.5503,,,,,,,,,,,,,,4.110321998596191,ok
cnn,mup,gelu,1,0,3,7.454256e+01,3.290831e-02,3.510446e-02,3.195548e+00,0.5250,3.229555e+00,3.689970e-02,7.940959e-01,8.000738e-01,8.000738e-01,0.4155,,,,,,,,,,,,,,4.110321998596191,ok
cnn,mup,gelu,1,0,4,7.467209e+01,3.290831e-02,3.523154e-02,4.575707e+00,0.5000,4.609777e+00,3.689970e-02,9.160479e-01,9.164596e-01,9.160479e-01,0.3167,,,,,,,,,,,,,,4.110321998596191,ok
cnn,mup,gelu,1,1,2,7.422572e+01,3.551031e-02,3.382401e-02,1.304797e+00,0.5500,1.339464e+00,3.880348e-02,4.922343e-01,5.000685e-01,4.983701e-01,0.6541,,,,,,,,,,,,,,4.074221134185791,ok
cnn,mup,gelu,1,1,3,7.428790e+01,3.551031e-02,3.510445e-02,3.520713e+00,0.5250,3.556020e+00,3.880348e-02,7.551223e-01,7.580021e-01,7.580021e-01,0.4522,,,,,,,,,,,,,,4.074221134185791,ok
cnn,mup,gelu,1,1,4,7.383864e+01,3.551031e-02,3.523155e-02,1.411018e+00,0.5000,1.446389e+00,3.880348e-02,4.920962e-01,4.954740e-01,4.920962e-01,0.6474,,,,,,,,,,,,,,4.074221134185791,ok
cnn,mup,gelu,1,2,3,7.389812e+01,3.382401e-02,3.510445e-02,1.892151e+00,0.5250,1.926616e+00,3.777500e-02,5.485801e-01,5.485801e-01,5.466190e-01,0.6082,,,,,,,,,,,,,,4.098989963531494,ok
cnn,mup,gelu,1,2,4,7.546825e+01,3.382401e-02,3.523155e-02,2.747602e+00,0.4500,2.782130e+00,3.777500e-02,8.209704e-01,8.267454e-01,8.199111e-01,0.3956,,,,,,,,,,,,,,4.098989963531494,ok
cnn,mup,gelu,1,3,4,7.520429e+01,3.510447e-02,3.523156e-02,2.752103e+00,0.4750,2.787271e+00,3.852635e-02,7.900084e-01,7.900084e-01,7.860849e-01,0.4271,,,,,,,,,,,,,,4.127727508544922,ok
cnn,mup,gelu,2,0,1,9.094862e+01,6.023217e-03,5.006075e-03,8.794139e-01,0.5500,8.849286e-01,7.883299e-03,3.093250e-01,3.120786e-01,3.103839e-01,0.7849,,,,,,,,,,,,,,3.450960874557495,ok
cnn,mup,gelu,2,0,2,9.012572e+01,6.023217e-03,4.411524e-03,9.430909e-01,0.5000,9.483083e-01,7.883299e-03,3.086729e-01,3.086729e-01,3.086729e-01,0.7883,,,,,,,,,,,,,,3.450960874557495,ok
cnn,mup,gelu,2,0,3,8.983698e+01,6.023217e-03,5.325437e-03,7.796245e-01,0.5000,7.852988e-01,7.883299e-03,2.845200e-01,2.848532e-01,2.845200e-01,0.8094,,,,,,,,,,,,,,3.450960874557495,ok
cnn,mup,gelu,2,0,4,9.022987e+01,6.023217e-03,4.965692e-03,6.375531e-01,0.5000,6.430476e-01,7.883299e-03,2.473154e-01,2.473154e-01,2.473154e-01,0.8348,,,,,,,,,,,,,,3.450960874557495,ok
cnn,mup,gelu,2,1,2,9.026689e+01,5.006074e-03,4.411522e-03,1.204616e+00,0.5250,1.209324e+00,6.592042e-03,3.579155e-01,3.583209e-01,3.583209e-01,0.7507,,,,,,,,,,,,,,3.4435367584228516,ok
cnn,mup,gelu,2,1,3,8.926926e+01,5.006074e-03,5.325438e-03,5.430324e-01,0.5000,5.481981e-01,6.592042e-03,2.111250e-01,2.111250e-01,2.111250e-01,0.8560,,,,,,,,,,,,,,3.4435367584228516,ok
cnn,mup,gelu,2,1,4,9.015442e+01,5.006074e-03,4.965694e-03,6.817822e-01,0.5000,6.867681e-01,6.592042e-03,2.582699e-01,2.582699e-01,2.582699e-01,0.8247,,,,,,,,,,,,,,3.4435367584228516,ok
cnn,mup,gelu,2,2,3,8.990781e+01,4.411524e-03,5.325437e-03,6.737644e-01,0.4750,6.786329e-01,5.826181e-03,2.324345e-01,2.334617e-01,2.334617e-01,0.8407,,,,,,,,,,,,,,3.452219247817993,ok
cnn,mup,gelu,2,2,4,9.026951e+01,4.411524e-03,4.965694e-03,7.006799e-01,0.4500,7.053685e-01,5.826181e-03,2.469860e-01,2.487027e-01,2.473764e-01,0.8347,,,,,,,,,,,,,,3.452219247817993,ok
cnn,mup,gelu,2,3,4,8.990830e+01,5.325437e-03,4.965694e-03,5.155038e-01,0.5000,5.206493e-01,6.993480e-03,2.104652e-01,2.104652e-01,2.104652e-01,0.8587,,,,,,,,,,,,,,3.428356409072876,ok
cnn,mup,gelu,4,0,1,1.060938e+02,2.277914e-03,2.040330e-03,5.142712e-01,0.5000,5.164303e-01,3.019668e-03,1.670454e-01,1.670454e-01,1.670454e-01,0.8848,,,,,,,,,,,,,,2.8543684482574463,ok
cnn,mup,gelu,4,0,2,1.070515e+02,2.277914e-03,1.943223e-03,3.217692e-01,0.5000,3.238798e-01,3.019668e-03,1.430284e-01,1.430284e-01,1.430284e-01,0.9087,,,,,,,,,,,,,,2.8543684482574463,ok
cnn,mup,gelu,4,0,3,1.064193e+02,2.277914e-03,1.965048e-03,3.373876e-01,0.5000,3.395090e-01,3.019668e-03,1.374575e-01,1.374575e-01,1.374575e-01,0.9087,,,,,,,,,,,,,,2.8543684482574463,ok
cnn,mup,gelu,4,0,4,1.069821e+02,2.277914e-03,2.149992e-03,2.958349e-01,0.5000,2.980488e-01,3.019668e-03,1.337361e-01,1.337361e-01,1.337361e-01,0.9138,,,,,,,,,,,,,,2.8543684482574463,ok
cnn,mup,gelu,4,1,2,1.073225e+02,2.040329e-03,1.943223e-03,4.077684e-01,0.4750,4.097602e-01,2.710571e-03,1.565626e-01,1.572031e-01,1.572031e-01,0.8965,,,,,,,,,,,,,,2.8556900024414062,ok
cnn,mup,gelu,4,1,3,1.065667e+02,2.040329e-03,1.965051e-03,3.277953e-01,0.5250,3.297980e-01,2.710571e-03,1.368433e-01,1.373348e-01,1.373348e-01,0.9079,,,,,,,,,,,,,,2.8556900024414062,ok
cnn,mup,gelu,4,1,4,1.080154e+02,2.040329e-03,2.149993e-03,5.915185e-01,0.5000,5.936136e-01,2.710571e-03,2.078829e-01,2.082416e-01,2.078829e-01,0.8585,,,,,,,,,,,,,,2.8556900024414062,ok
cnn,mup,gelu,4,2,3,1.063772e+02,1.943223e-03,1.965050e-03,3.820381e-01,0.5000,3.839922e-01,2.592393e-03,1.426298e-01,1.426298e-01,1.426298e-01,0.9050,,,,,,,,,,,,,,2.8543248176574707,ok
cnn,mup,gelu,4,2,4,1.056517e+02,1.943223e-03,2.149992e-03,2.992821e-01,0.5000,3.013287e-01,2.592393e-03,1.234910e-01,1.234910e-01,1.234910e-01,0.9188,,,,,,,,,,,,,,2.8543248176574707,ok
cnn,mup,gelu,4,3,4,1.068690e+02,1.965050e-03,2.149991e-03,4.830821e-01,0.5250,4.851396e-01,2.613409e-03,1.651673e-01,1.651673e-01,1.647583e-01,0.8878,,,,,,,,,,,,,,2.8614590167999268,ok
cnn,mup,gelu,8,0,1,1.325102e+02,1.804684e-03,1.579829e-03,1.833029e-01,0.5000,1.849951e-01,2.396147e-03,9.337869e-02,9.337869e-02,9.337869e-02,0.9410,,,,,,,,,,,,,,2.51633882522583,ok
cnn,mup,gelu,8,0,2,1.313796e+02,1.804684e-03,1.800686e-03,3.911047e-01,0.5000,3.929074e-01,2.396147e-03,1.486858e-01,1.487769e-01,1.486858e-01,0.8993,,,,,,,,,,,,,,2.51633882522583,ok
cnn,mup,gelu,8,0,3,1.315592e+02,1.804684e-03,1.734034e-03,2.471909e-01,0.5000,2.489603e-01,2.396147e-03,1.142570e-01,1.142570e-01,1.142570e-01,0.9250,,,,,,,,,,,,,,2.51633882522583,ok
cnn,mup,gelu,8,0,4,1.303813e+02,1.804684e-03,1.765945e-03,2.225576e-01,0.5000,2.243429e-01,2.396147e-03,1.080835e-01,1.080835e-01,1.080835e-01,0.9305,,,,,,,,,,,,,,2.51633882522583,ok
cnn,mup,gelu,8,1,2,1.319530e+02,1.579830e-03,1.800686e-03,1.622207e-01,0.4750,1.639110e-01,2.098435e-03,8.716549e-02,8.757367e-02,8.757367e-02,0.9447,,,,,,,,,,,,,,2.5315823554992676,ok
cnn,mup,gelu,8,1,3,1.315044e+02,1.579830e-03,1.734033e-03,1.789500e-01,0.5000,1.806070e-01,2.098435e-03,9.358772e-02,9.358772e-02,9.358772e-02,0.9415,,,,,,,,,,,,,,2.5315823554992676,ok
cnn,mup,gelu,8,1,4,1.320096e+02,1.579830e-03,1.765945e-03,2.431295e-01,0.5000,2.448024e-01,2.098435e-03,1.108460e-01,1.108460e-01,1.108460e-01,0.9283,,,,,,,,,,,,,,2.5315823554992676,ok
cnn,mup,gelu,8,2,3,1.313118e+02,1.800687e-03,1.734032e-03,2.942362e-01,0.5000,2.960036e-01,2.376828e-03,1.253047e-01,1.253047e-01,1.253047e-01,0.9164,,,,,,,,,,,,,,2.519338607788086,ok
cnn,mup,gelu,8,2,4,1.305540e+02,1.800687e-03,1.765944e-03,1.562198e-01,0.5250,1.580031e-01,2.376828e-03,8.447180e-02,8.474958e-02,8.474958e-02,0.9467,,,,,,,,,,,,,,2.519338607788086,ok
cnn,mup,gelu,8,3,4,1.309596e+02,1.734034e-03,1.765945e-03,1.817613e-01,0.5000,1.835113e-01,2.300924e-03,9.552539e-02,9.552539e-02,9.552539e-02,0.9409,,,,,,,,,,,,,,2.497826337814331,ok
cnn,mup,tanh,1,0,1,7.503998e+01,6.756238e-02,6.347133e-02,1.269531e+00,0.5250,1.335048e+00,6.804304e-02,5.640816e-01,5.640816e-01,5.622591e-01,0.5998,,,,,,,,,,,,,,4.326821327209473,ok
cnn,mup,tanh,1,0,2,7.573752e+01,6.756238e-02,7.103918e-02,2.842126e+00,0.5250,2.911427e+00,6.804304e-02,7.957421e-01,7.962069e-01,7.870781e-01,0.4029,,,,,,,,,,,,,,4.326821327209473,ok
cnn,mup,tanh,1,0,3,7.543067e+01,6.756238e-02,7.064611e-02,2.385897e+00,0.5250,2.455001e+00,6.804304e-02,7.114628e-01,7.149515e-01,7.149515e-01,0.4725,,,,,,,,,,,,,,4.326821327209473,ok
cnn,mup,tanh,1,0,4,7.536197e+01,6.756238e-02,6.897115e-02,2.738083e+00,0.5000,2.806350e+00,6.804304e-02,7.981042e-01,7.982511e-01,7.981042e-01,0.3979,,,,,,,,,,,,,,4.326821327209473,ok
cnn,mup,tanh,1,1,2,7.532343e+01,6.347133e-02,7.103917e-02,2.011679e+00,0.5000,2.078934e+00,6.515577e-02,6.614482e-01,6.614482e-01,6.614482e-01,0.5211,,,,,,,,,,,,,,4.352384090423584,ok
cnn,mup,tanh,1,1,3,7.559156e+01,6.347133e-02,7.064610e-02,2.352475e+00,0.5000,2.419534e+00,6.515577e-02,7.531067e-01,7.531067e-01,7.531067e-01,0.4354,,,,,,,,,,,,,,4.352384090423584,ok
cnn,mup,tanh,1,1,4,7.488960e+01,6.347133e-02,6.897114e-02,2.496319e+00,0.4750,2.562540e+00,6.515577e-02,7.651414e-01,7.686839e-01,7.686839e-01,0.4305,,,,,,,,,,,,,,4.352384090423584,ok
cnn,mup,tanh,1,2,3,7.492039e+01,7.103918e-02,7.064611e-02,1.834998e+00,0.4750,1.905841e+00,7.048352e-02,6.608123e-01,6.660386e-01,6.660386e-01,0.5388,,,,,,,,,,,,,,4.30253267288208,ok
cnn,mup,tanh,1,2,4,7.478121e+01,7.103918e-02,6.897115e-02,1.321022e+00,0.5500,1.391027e+00,7.048352e-02,5.555578e-01,5.696416e-01,5.696416e-01,0.6043,,,,,,,,,,,,,,4.30253267288208,ok
cnn,mup,tanh,1,3,4,7.499295e+01,7.064612e-02,6.897114e-02,1.101134e+00,0.4500,1.170942e+00,7.039643e-02,5.185160e-01,5.278992e-01,5.278992e-01,0.6489,,,,,,,,,,,,,,4.365540504455566,ok
cnn,mup,tanh,2,0,1,9.239107e+01,2.353825e-02,2.644200e-02,7.683531e-01,0.5000,7.933432e-01,2.773423e-02,3.308658e-01,3.308658e-01,3.308658e-01,0.7791,,,,,,,,,,,,,,3.6003196239471436,ok
cnn,mup,tanh,2,0,2,9.216193e+01,2.353825e-02,2.524723e-02,1.293032e+00,0.5250,1.317425e+00,2.773423e-02,4.316472e-01,4.316472e-01,4.288596e-01,0.6996,,,,,,,,,,,,,,3.6003196239471436,ok
cnn,mup,tanh,2,0,3,9.229559e+01,2.353825e-02,2.348412e-02,9.440239e-01,0.4750,9.675351e-01,2.773423e-02,3.652519e-01,3.664164e-01,3.664164e-01,0.7479,,,,,,,,,,,,,,3.6003196239471436,ok
cnn,mup,tanh,2,0,4,9.221072e+01,2.353825e-02,2.687690e-02,1.235780e+00,0.5000,1.260988e+00,2.773423e-02,4.755145e-01,4.755145e-01,4.755145e-01,0.6620,,,,,,,,,,,,,,3.6003196239471436,ok
cnn,mup,tanh,2,1,2,9.264111e+01,2.644202e-02,2.524722e-02,1.650813e+00,0.5000,1.676658e+00,3.080285e-02,5.428445e-01,5.428445e-01,5.428445e-01,0.6152,,,,,,,,,,,,,,3.6194534301757812,ok
cnn,mup,tanh,2,1,3,9.313274e+01,2.644202e-02,2.348413e-02,1.440356e+00,0.5000,1.465319e+00,3.080285e-02,5.045418e-01,5.045418e-01,5.045418e-01,0.6444,,,,,,,,,,,,,,3.6194534301757812,ok
cnn,mup,tanh,2,1,4,9.230693e+01,2.644202e-02,2.687691e-02,1.094917e+00,0.5500,1.121576e+00,3.080285e-02,4.056744e-01,4.149886e-01,4.149886e-01,0.7202,,,,,,,,,,,,,,3.6194534301757812,ok
cnn,mup,tanh,2,2,3,9.284026e+01,2.524723e-02,2.348413e-02,1.354943e+00,0.4750,1.379309e+00,2.973329e-02,4.498594e-01,4.624583e-01,4.604655e-01,0.6885,,,,,,,,,,,,,,3.643190860748291,ok
cnn,mup,tanh,2,2,4,9.228570e+01,2.524723e-02,2.687690e-02,1.037234e+00,0.4750,1.063296e+00,2.973329e-02,4.082278e-01,4.082278e-01,4.070337e-01,0.7231,,,,,,,,,,,,,,3.643190860748291,ok
cnn,mup,tanh,2,3,4,9.302245e+01,2.348412e-02,2.687691e-02,1.040709e+00,0.5000,1.065889e+00,2.782561e-02,4.622127e-01,4.622127e-01,4.622127e-01,0.6879,,,,,,,,,,,,,,3.6210649013519287,ok
cnn,mup,tanh,4,0,1,1.171025e+02,5.775282e-03,5.480961e-03,1.065205e+00,0.4750,1.070833e+00,7.476953e-03,3.023130e-01,3.050105e-01,3.050105e-01,0.7946,,,,,,,,,,,,,,3.2281079292297363,ok
cnn,mup,tanh,4,0,2,1.170707e+02,5.775282e-03,6.450994e-03,4.941826e-01,0.5000,5.002957e-01,7.476953e-03,1.976737e-01,1.976737e-01,1.976737e-01,0.8763,,,,,,,,,,,,,,3.2281079292297363,ok
cnn,mup,tanh,4,0,3,1.172377e+02,5.775282e-03,5.277736e-03,4.545499e-01,0.5000,4.600764e-01,7.476953e-03,2.024669e-01,2.024669e-01,2.024669e-01,0.8703,,,,,,,,,,,,,,3.2281079292297363,ok
cnn,mup,tanh,4,0,4,1.173555e+02,5.775282e-03,5.903036e-03,1.046564e+00,0.5000,1.052403e+00,7.476953e-03,3.602275e-01,3.602275e-01,3.602275e-01,0.7633,,,,,,,,,,,,,,3.2281079292297363,ok
cnn,mup,tanh,4,1,2,1.173655e+02,5.480960e-03,6.450988e-03,6.402083e-01,0.4750,6.461743e-01,7.092032e-03,2.427098e-01,2.440415e-01,2.440415e-01,0.8390,,,,,,,,,,,,,,3.245819091796875,ok
cnn,mup,tanh,4,1,3,1.175662e+02,5.480960e-03,5.277735e-03,8.162632e-01,0.5250,8.216425e-01,7.092032e-03,2.766426e-01,2.769867e-01,2.769867e-01,0.8147,,,,,,,,,,,,,,3.245819091796875,ok
cnn,mup,tanh,4,1,4,1.183341e+02,5.480960e-03,5.903036e-03,6.194582e-01,0.5250,6.251502e-01,7.092032e-03,2.774270e-01,2.818485e-01,2.818485e-01,0.8176,,,,,,,,,,,,,,3.245819091796875,ok
cnn,mup,tanh,4,2,3,1.180748e+02,6.450992e-03,5.277736e-03,9.101050e-01,0.5000,9.159694e-01,8.335637e-03,3.381234e-01,3.394547e-01,3.381234e-01,0.7709,,,,,,,,,,,,,,3.2395570278167725,ok
cnn,mup,tanh,4,2,4,1.176395e+02,6.450992e-03,5.903038e-03,6.254689e-01,0.5250,6.316459e-01,8.335637e-03,2.473350e-01,2.484588e-01,2.484588e-01,0.8360,,,,,,,,,,,,,,3.2395570278167725,ok
cnn,mup,tanh,4,3,4,1.165171e+02,5.277736e-03,5.903034e-03,7.506285e-01,0.5250,7.562189e-01,6.855418e-03,2.776102e-01,2.776102e-01,2.769456e-01,0.8101,,,,,,,,,,,,,,3.2345523834228516,ok
cnn,mup,tanh,8,0,1,1.486344e+02,2.309935e-03,2.222338e-03,2.979830e-01,0.4500,3.002491e-01,3.036709e-03,1.439841e-01,1.459866e-01,1.459866e-01,0.9129,,,,,,,,,,,,,,2.9225516319274902,ok
cnn,mup,tanh,8,0,2,1.486821e+02,2.309935e-03,2.221348e-03,4.127906e-01,0.4750,4.150562e-01,3.036709e-03,1.859497e-01,1.859812e-01,1.859812e-01,0.8810,,,,,,,,,,,,,,2.9225516319274902,ok
cnn,mup,tanh,8,0,3,1.489776e+02,2.309935e-03,2.347411e-03,3.194397e-01,0.5000,3.217684e-01,3.036709e-03,1.508290e-01,1.508290e-01,1.508290e-01,0.9070,,,,,,,,,,,,,,2.9225516319274902,ok
cnn,mup,tanh,8,0,4,1.486397e+02,2.309935e-03,2.204480e-03,3.444946e-01,0.4750,3.467518e-01,3.036709e-03,1.582305e-01,1.610714e-01,1.610714e-01,0.9020,,,,,,,,,,,,,,2.9225516319274902,ok
cnn,mup,tanh,8,1,2,1.492518e+02,2.222337e-03,2.221349e-03,3.850265e-01,0.5250,3.872483e-01,2.931370e-03,1.651205e-01,1.655954e-01,1.655954e-01,0.8954,,,,,,,,,,,,,,2.956615447998047,ok
cnn,mup,tanh,8,1,3,1.491929e+02,2.222337e-03,2.347410e-03,7.036229e-01,0.4750,7.059077e-01,2.931370e-03,2.282258e-01,2.309422e-01,2.309422e-01,0.8451,,,,,,,,,,,,,,2.956615447998047,ok
cnn,mup,tanh,8,1,4,1.491076e+02,2.222337e-03,2.204480e-03,3.937867e-01,0.5250,3.960001e-01,2.931370e-03,1.856668e-01,1.872634e-01,1.872634e-01,0.8788,,,,,,,,,,,,,,2.956615447998047,ok
cnn,mup,tanh,8,2,3,1.491385e+02,2.221348e-03,2.347412e-03,3.657611e-01,0.5000,3.680455e-01,2.915347e-03,1.666687e-01,1.666687e-01,1.666687e-01,0.8948,,,,,,,,,,,,,,2.9118003845214844,ok
cnn,mup,tanh,8,2,4,1.484818e+02,2.221348e-03,2.204479e-03,3.187999e-01,0.5500,3.210128e-01,2.915347e-03,1.526244e-01,1.567093e-01,1.567093e-01,0.9034,,,,,,,,,,,,,,2.9118003845214844,ok
cnn,mup,tanh,8,3,4,1.570431e+02,2.347410e-03,2.204479e-03,1.388014e+00,0.5000,1.390290e+00,3.082420e-03,5.249631e-01,5.249631e-01,5.249631e-01,0.6246,,,,,,,,,,,,,,2.9172635078430176,ok
cnn,mup,swish,1,0,1,7.418146e+01,4.078383e-02,3.586210e-02,2.539086e+00,0.5000,2.577409e+00,4.278036e-02,7.202653e-01,7.202653e-01,7.202653e-01,0.4720,,,,,,,,,,,,,,4.07814884185791,ok
cnn,mup,swish,1,0,2,7.445995e+01,4.078383e-02,3.617408e-02,1.060980e+00,0.6000,1.099459e+00,4.278036e-02,4.226731e-01,4.330642e-01,4.145118e-01,0.7159,,,,,,,,,,,,,,4.07814884185791,ok
cnn,mup,swish,1,0,3,7.409928e+01,4.078383e-02,3.245158e-02,1.199657e+00,0.5250,1.236274e+00,4.278036e-02,4.004986e-01,4.004986e-01,3.990516e-01,0.7235,,,,,,,,,,,,,,4.07814884185791,ok
cnn,mup,swish,1,0,4,7.448157e+01,4.078383e-02,3.326640e-02,2.070588e+00,0.5000,2.107614e+00,4.278036e-02,5.925454e-01,5.925454e-01,5.925454e-01,0.5758,,,,,,,,,,,,,,4.07814884185791,ok
cnn,mup,swish,1,1,2,7.463400e+01,3.586210e-02,3.617409e-02,1.600043e+00,0.5250,1.636061e+00,3.868152e-02,5.469163e-01,5.491473e-01,5.491473e-01,0.6117,,,,,,,,,,,,,,4.07444429397583,ok
cnn,mup,swish,1,1,3,7.427886e+01,3.586210e-02,3.245158e-02,2.078625e+00,0.5250,2.112782e+00,3.868152e-02,5.662741e-01,5.698688e-01,5.698688e-01,0.5916,,,,,,,,,,,,,,4.07444429397583,ok
cnn,mup,swish,1,1,4,7.508958e+01,3.586210e-02,3.326639e-02,2.349802e+00,0.5000,2.384366e+00,3.868152e-02,5.977978e-01,5.977978e-01,5.977978e-01,0.5761,,,,,,,,,,,,,,4.07444429397583,ok
cnn,mup,swish,1,2,3,7.393202e+01,3.617409e-02,3.245159e-02,1.618410e+00,0.4500,1.652723e+00,3.942170e-02,4.500970e-01,4.552531e-01,4.541400e-01,0.6858,,,,,,,,,,,,,,4.092592239379883,ok
cnn,mup,swish,1,2,4,7.427609e+01,3.617409e-02,3.326640e-02,2.793216e+00,0.5250,2.827936e+00,3.942170e-02,6.121266e-01,6.193571e-01,6.193571e-01,0.5648,,,,,,,,,,,,,,4.092592239379883,ok
cnn,mup,swish,1,3,4,7.494572e+01,3.245157e-02,3.326640e-02,3.211880e+00,0.4750,3.244739e+00,3.588878e-02,7.821337e-01,7.821337e-01,7.800304e-01,0.4352,,,,,,,,,,,,,,4.089104175567627,ok
cnn,mup,swish,2,0,1,9.087576e+01,4.051222e-03,4.264700e-03,8.874607e-01,0.4750,8.916186e-01,5.358327e-03,2.967828e-01,2.989254e-01,2.989254e-01,0.7967,,,,,,,,,,,,,,3.427826166152954,ok
cnn,mup,swish,2,0,2,9.016040e+01,4.051222e-03,4.941641e-03,6.100673e-01,0.4500,6.145637e-01,5.358327e-03,2.086500e-01,2.128145e-01,2.128145e-01,0.8616,,,,,,,,,,,,,,3.427826166152954,ok
cnn,mup,swish,2,0,3,8.983807e+01,4.051222e-03,4.323987e-03,6.138674e-01,0.4750,6.180550e-01,5.358327e-03,2.058605e-01,2.058605e-01,2.052643e-01,0.8601,,,,,,,,,,,,,,3.427826166152954,ok
cnn,mup,swish,2,0,4,9.048268e+01,4.051222e-03,4.983004e-03,8.985562e-01,0.5000,9.030734e-01,5.358327e-03,2.729225e-01,2.729225e-01,2.729225e-01,0.8076,,,,,,,,,,,,,,3.427826166152954,ok
cnn,mup,swish,2,1,2,9.116176e+01,4.264700e-03,4.941647e-03,1.043701e+00,0.5000,1.048304e+00,5.639237e-03,3.363504e-01,3.363504e-01,3.363504e-01,0.7701,,,,,,,,,,,,,,3.4737753868103027,ok
cnn,mup,swish,2,1,3,9.130426e+01,4.264700e-03,4.323992e-03,2.190616e+00,0.4750,2.194911e+00,5.639237e-03,5.293923e-01,5.293923e-01,5.271041e-01,0.6197,,,,,,,,,,,,,,3.4737753868103027,ok
cnn,mup,swish,2,1,4,9.285703e+01,4.264700e-03,4.983013e-03,1.302015e+00,0.4750,1.306638e+00,5.639237e-03,4.315649e-01,4.336603e-01,4.336603e-01,0.7030,,,,,,,,,,,,,,3.4737753868103027,ok
cnn,mup,swish,2,2,3,8.978011e+01,4.941644e-03,4.323989e-03,8.408350e-01,0.5250,8.454678e-01,6.505229e-03,2.452011e-01,2.460704e-01,2.460704e-01,0.8295,,,,,,,,,,,,,,3.4549057483673096,ok
cnn,mup,swish,2,2,4,9.109502e+01,4.941644e-03,4.983007e-03,8.590894e-01,0.5000,8.640517e-01,6.505229e-03,2.881034e-01,2.889131e-01,2.881034e-01,0.8003,,,,,,,,,,,,,,3.4549057483673096,ok
cnn,mup,swish,2,3,4,9.107410e+01,4.323990e-03,4.983011e-03,1.308761e+00,0.5000,1.313414e+00,5.713946e-03,3.437948e-01,3.437948e-01,3.437948e-01,0.7557,,,,,,,,,,,,,,3.441999673843384,ok
cnn,mup,swish,4,0,1,1.093636e+02,2.126393e-03,2.406386e-03,3.461612e-01,0.5250,3.484276e-01,2.831574e-03,1.393812e-01,1.393812e-01,1.386289e-01,0.9069,,,,,,,,,,,,,,2.9270472526550293,ok
cnn,mup,swish,4,0,2,1.098517e+02,2.126393e-03,2.295677e-03,7.058773e-01,0.5000,7.080883e-01,2.831574e-03,2.216594e-01,2.216594e-01,2.216594e-01,0.8474,,,,,,,,,,,,,,2.9270472526550293,ok
cnn,mup,swish,4,0,3,1.089936e+02,2.126393e-03,2.449102e-03,2.980770e-01,0.5000,3.003647e-01,2.831574e-03,1.367223e-01,1.367223e-01,1.367223e-01,0.9129,,,,,,,,,,,,,,2.9270472526550293,ok
cnn,mup,swish,4,0,4,1.099634e+02,2.126393e-03,1.937473e-03,4.784075e-01,0.5000,4.804395e-01,2.831574e-03,1.741093e-01,1.741093e-01,1.741093e-01,0.8849,,,,,,,,,,,,,,2.9270472526550293,ok
cnn,mup,swish,4,1,2,1.092443e+02,2.406383e-03,2.295679e-03,5.072430e-01,0.4750,5.095940e-01,3.195640e-03,1.604747e-01,1.604747e-01,1.602929e-01,0.8918,,,,,,,,,,,,,,2.931546688079834,ok
cnn,mup,swish,4,1,3,1.088124e+02,2.406383e-03,2.449102e-03,5.326935e-01,0.4500,5.351212e-01,3.195640e-03,1.660275e-01,1.701935e-01,1.701935e-01,0.8858,,,,,,,,,,,,,,2.931546688079834,ok
cnn,mup,swish,4,1,4,1.098399e+02,2.406383e-03,1.937474e-03,4.253926e-01,0.5000,4.275645e-01,3.195640e-03,1.546326e-01,1.546326e-01,1.546326e-01,0.8945,,,,,,,,,,,,,,2.931546688079834,ok
cnn,mup,swish,4,2,3,1.092582e+02,2.295680e-03,2.449100e-03,3.485780e-01,0.5500,3.509504e-01,3.060191e-03,1.451337e-01,1.474448e-01,1.474448e-01,0.9069,,,,,,,,,,,,,,2.9323463439941406,ok
cnn,mup,swish,4,2,4,1.089701e+02,2.295680e-03,1.937472e-03,3.751053e-01,0.5000,3.772218e-01,3.060191e-03,1.453059e-01,1.453059e-01,1.453059e-01,0.9031,,,,,,,,,,,,,,2.9323463439941406,ok
cnn,mup,swish,4,3,4,1.087419e+02,2.449104e-03,1.937475e-03,3.223396e-01,0.5000,3.245329e-01,3.254966e-03,1.366915e-01,1.370674e-01,1.366915e-01,0.9099,,,,,,,,,,,,,,2.905285358428955,ok
cnn,mup,swish,8,0,1,1.345507e+02,1.925066e-03,2.311610e-03,1.725465e-01,0.5000,1.746648e-01,2.555868e-03,9.135873e-02,9.135873e-02,9.135873e-02,0.9438,,,,,,,,,,,,,,2.5715253353118896,ok
cnn,mup,swish,8,0,2,1.351771e+02,1.925066e-03,2.049184e-03,2.062394e-01,0.5000,2.082266e-01,2.555868e-03,9.431605e-02,9.431605e-02,9.431605e-02,0.9401,,,,,,,,,,,,,,2.5715253353118896,ok
cnn,mup,swish,8,0,3,1.358423e+02,1.925066e-03,2.072992e-03,2.044854e-01,0.5000,2.064844e-01,2.555868e-03,1.011314e-01,1.011314e-01,1.011314e-01,0.9370,,,,,,,,,,,,,,2.5715253353118896,ok
cnn,mup,swish,8,0,4,1.345714e+02,1.925066e-03,1.919296e-03,2.223547e-01,0.4750,2.242769e-01,2.555868e-03,1.008878e-01,1.014646e-01,1.014646e-01,0.9360,,,,,,,,,,,,,,2.5715253353118896,ok
cnn,mup,swish,8,1,2,1.353402e+02,2.311610e-03,2.049186e-03,2.015790e-01,0.4750,2.037593e-01,3.056212e-03,9.735317e-02,9.769915e-02,9.769915e-02,0.9380,,,,,,,,,,,,,,2.5531251430511475,ok
cnn,mup,swish,8,1,3,1.351339e+02,2.311610e-03,2.072996e-03,1.927535e-01,0.5000,1.949458e-01,3.056212e-03,9.142318e-02,9.142318e-02,9.142318e-02,0.9409,,,,,,,,,,,,,,2.5531251430511475,ok
cnn,mup,swish,8,1,4,1.353514e+02,2.311610e-03,1.919294e-03,2.415787e-01,0.5000,2.436942e-01,3.056212e-03,1.133793e-01,1.133793e-01,1.133793e-01,0.9287,,,,,,,,,,,,,,2.5531251430511475,ok
cnn,mup,swish,8,2,3,1.355585e+02,2.049184e-03,2.072995e-03,2.556049e-01,0.5000,2.576660e-01,2.722237e-03,1.124100e-01,1.124100e-01,1.124100e-01,0.9284,,,,,,,,,,,,,,2.5655171871185303,ok
cnn,mup,swish,8,2,4,1.357297e+02,2.049184e-03,1.919295e-03,3.179312e-01,0.5250,3.199154e-01,2.722237e-03,1.361963e-01,1.373256e-01,1.373256e-01,0.9111,,,,,,,,,,,,,,2.5655171871185303,ok
cnn,mup,swish,8,3,4,1.349170e+02,2.072994e-03,1.919295e-03,2.115221e-01,0.5000,2.135182e-01,2.752928e-03,9.919585e-02,9.922218e-02,9.919585e-02,0.9353,,,,,,,,,,,,,,2.576242685317993,ok
cnn,mup,softplus,1,0,1,7.037420e+01,1.746259e-01,1.832014e-01,9.005729e-01,0.5000,1.079487e+00,1.288239e-01,4.400222e-01,4.400222e-01,4.400222e-01,0.6844,,,,,,,,,,,,,,4.095299243927002,ok
cnn,mup,softplus,1,0,2,7.179527e+01,1.746259e-01,1.828012e-01,1.115867e+00,0.5000,1.294581e+00,1.288239e-01,5.186070e-01,5.186070e-01,5.186070e-01,0.6258,,,,,,,,,,,,,,4.095299243927002,ok
cnn,mup,softplus,1,0,3,6.993793e+01,1.746259e-01,1.865740e-01,6.158105e-01,0.5000,7.964105e-01,1.288239e-01,4.198657e-01,4.198657e-01,4.198657e-01,0.7185,,,,,,,,,,,,,,4.095299243927002,ok
cnn,mup,softplus,1,0,4,7.100014e+01,1.746259e-01,1.764210e-01,7.132504e-01,0.5250,8.887738e-01,1.288239e-01,3.822832e-01,3.837177e-01,3.837177e-01,0.7407,,,,,,,,,,,,,,4.095299243927002,ok
cnn,mup,softplus,1,1,2,7.142211e+01,1.832014e-01,1.828012e-01,9.553417e-01,0.4750,1.138343e+00,1.363224e-01,5.245350e-01,5.254218e-01,5.254218e-01,0.6240,,,,,,,,,,,,,,4.122256755828857,ok
cnn,mup,softplus,1,1,3,7.175636e+01,1.832014e-01,1.865740e-01,1.371139e+00,0.4500,1.556027e+00,1.363224e-01,5.954092e-01,5.996818e-01,5.980265e-01,0.5636,,,,,,,,,,,,,,4.122256755828857,ok
cnn,mup,softplus,1,1,4,7.166813e+01,1.832014e-01,1.764210e-01,5.625328e-01,0.5000,7.423440e-01,1.363224e-01,3.395907e-01,3.395907e-01,3.395907e-01,0.7722,,,,,,,,,,,,,,4.122256755828857,ok
cnn,mup,softplus,1,2,3,7.109403e+01,1.828012e-01,1.865740e-01,1.319776e+00,0.5500,1.504463e+00,1.330781e-01,5.475296e-01,5.640288e-01,5.637541e-01,0.6101,,,,,,,,,,,,,,4.087509632110596,ok
cnn,mup,softplus,1,2,4,7.287170e+01,1.828012e-01,1.764210e-01,1.900837e+00,0.4500,2.080449e+00,1.330781e-01,7.107562e-01,7.264205e-01,7.264205e-01,0.4758,,,,,,,,,,,,,,4.087509632110596,ok
cnn,mup,softplus,1,3,4,7.478338e+01,1.865740e-01,1.764210e-01,4.154272e+00,0.5000,4.335769e+00,1.384544e-01,1.091744e+00,1.096498e+00,1.091744e+00,0.1801,,,,,,,,,,,,,,3.9541001319885254,ok
cnn,mup,softplus,2,0,1,9.016318e+01,1.464601e-01,1.532952e-01,6.786607e-01,0.4750,8.285383e-01,1.122947e-01,4.030963e-01,4.060038e-01,4.060038e-01,0.7190,,,,,,,,,,,,,,3.6388659477233887,ok
cnn,mup,softplus,2,0,2,9.164214e+01,1.464601e-01,1.483548e-01,4.356968e-01,0.4750,5.831042e-01,1.122947e-01,3.170317e-01,3.188527e-01,3.188527e-01,0.7983,,,,,,,,,,,,,,3.6388659477233887,ok
cnn,mup,softplus,2,0,3,9.073499e+01,1.464601e-01,1.362184e-01,3.787814e-01,0.5000,5.201206e-01,1.122947e-01,2.673865e-01,2.673865e-01,2.673865e-01,0.8377,,,,,,,,,,,,,,3.6388659477233887,ok
cnn,mup,softplus,2,0,4,9.154993e+01,1.464601e-01,1.470931e-01,8.687184e-01,0.5250,1.015495e+00,1.122947e-01,4.327274e-01,4.348816e-01,4.348816e-01,0.7025,,,,,,,,,,,,,,3.6388659477233887,ok
cnn,mup,softplus,2,1,2,9.162473e+01,1.532951e-01,1.483547e-01,5.640996e-01,0.5250,7.149245e-01,1.156842e-01,3.361996e-01,3.377411e-01,3.324407e-01,0.7735,,,,,,,,,,,,,,3.60825777053833,ok
cnn,mup,softplus,2,1,3,9.197923e+01,1.532951e-01,1.362184e-01,6.222280e-01,0.5250,7.669848e-01,1.156842e-01,3.765817e-01,3.801379e-01,3.799593e-01,0.7397,,,,,,,,,,,,,,3.60825777053833,ok
cnn,mup,softplus,2,1,4,8.960680e+01,1.532951e-01,1.470931e-01,4.174359e-01,0.5000,5.676300e-01,1.156842e-01,2.966514e-01,2.966514e-01,2.966514e-01,0.8097,,,,,,,,,,,,,,3.60825777053833,ok
cnn,mup,softplus,2,2,3,9.254390e+01,1.483547e-01,1.362184e-01,5.281757e-01,0.5000,6.704623e-01,1.135654e-01,3.281072e-01,3.287532e-01,3.281072e-01,0.7930,,,,,,,,,,,,,,3.6372134685516357,ok
cnn,mup,softplus,2,2,4,9.057413e+01,1.483547e-01,1.470931e-01,5.268287e-01,0.4750,6.745526e-01,1.135654e-01,3.244456e-01,3.262389e-01,3.262389e-01,0.7864,,,,,,,,,,,,,,3.6372134685516357,ok
cnn,mup,softplus,2,3,4,9.086898e+01,1.362185e-01,1.470931e-01,3.007803e-01,0.4500,4.424361e-01,1.064224e-01,2.418972e-01,2.443092e-01,2.443092e-01,0.8462,,,,,,,,,,,,,,3.698613405227661,ok
cnn,mup,softplus,4,0,1,1.176730e+02,1.248109e-01,1.318902e-01,2.912918e-01,0.5000,4.196424e-01,1.022195e-01,2.432440e-01,2.432440e-01,2.432440e-01,0.8534,,,,,,,,,,,,,,3.2837002277374268,ok
cnn,mup,softplus,4,0,2,1.175695e+02,1.248109e-01,1.245146e-01,5.432245e-01,0.5000,6.678873e-01,1.022195e-01,3.056885e-01,3.056885e-01,3.056885e-01,0.7943,,,,,,,,,,,,,,3.2837002277374268,ok
cnn,mup,softplus,4,0,3,1.179647e+02,1.248109e-01,1.296117e-01,9.950281e-01,0.5000,1.122239e+00,1.022195e-01,3.801822e-01,3.801822e-01,3.801822e-01,0.7477,,,,,,,,,,,,,,3.2837002277374268,ok
cnn,mup,softplus,4,0,4,1.158606e+02,1.248109e-01,1.277698e-01,4.411487e-01,0.4750,5.674391e-01,1.022195e-01,2.771605e-01,2.782939e-01,2.782939e-01,0.8160,,,,,,,,,,,,,,3.2837002277374268,ok
cnn,mup,softplus,4,1,2,1.183776e+02,1.318902e-01,1.245146e-01,2.971377e-01,0.5000,4.253401e-01,1.059165e-01,2.241694e-01,2.241694e-01,2.241694e-01,0.8575,,,,,,,,,,,,,,3.2709667682647705,ok
cnn,mup,softplus,4,1,3,1.158961e+02,1.318902e-01,1.296116e-01,1.988111e-01,0.5500,3.295620e-01,1.059165e-01,2.060743e-01,2.080216e-01,2.080216e-01,0.8816,,,,,,,,,,,,,,3.2709667682647705,ok
cnn,mup,softplus,4,1,4,1.161477e+02,1.318902e-01,1.277698e-01,4.220258e-01,0.5000,5.518558e-01,1.059165e-01,2.755246e-01,2.755246e-01,2.755246e-01,0.8207,,,,,,,,,,,,,,3.2709667682647705,ok
cnn,mup,softplus,4,2,3,1.162434e+02,1.245146e-01,1.296117e-01,3.063838e-01,0.5250,4.334470e-01,9.876680e-02,2.577400e-01,2.605878e-01,2.601794e-01,0.8399,,,,,,,,,,,,,,3.3046932220458984,ok
cnn,mup,softplus,4,2,4,1.172152e+02,1.245146e-01,1.277698e-01,3.483780e-01,0.5250,4.745202e-01,9.876680e-02,2.521854e-01,2.527231e-01,2.527231e-01,0.8430,,,,,,,,,,,,,,3.3046932220458984,ok
cnn,mup,softplus,4,3,4,1.173471e+02,1.296117e-01,1.277698e-01,4.580010e-01,0.5500,5.866917e-01,1.041259e-01,2.925650e-01,2.950812e-01,2.950392e-01,0.8040,,,,,,,,,,,,,,3.301353931427002,ok
cnn,mup,softplus,8,0,1,1.480724e+02,1.391100e-01,1.291015e-01,4.938029e-01,0.5000,6.279087e-01,1.097622e-01,2.851261e-01,2.851261e-01,2.851261e-01,0.8139,,,,,,,,,,,,,,2.9172675609588623,ok
cnn,mup,softplus,8,0,2,1.489731e+02,1.391100e-01,1.232584e-01,2.506934e-01,0.5250,3.818775e-01,1.097622e-01,2.253668e-01,2.253668e-01,2.253248e-01,0.8661,,,,,,,,,,,,,,2.9172675609588623,ok
cnn,mup,softplus,8,0,3,1.481948e+02,1.391100e-01,1.275441e-01,3.857727e-01,0.4750,5.190997e-01,1.097622e-01,2.702841e-01,2.708049e-01,2.708049e-01,0.8243,,,,,,,,,,,,,,2.9172675609588623,ok
cnn,mup,softplus,8,0,4,1.485240e+02,1.391100e-01,1.232546e-01,3.904465e-01,0.5000,5.216289e-01,1.097622e-01,2.699334e-01,2.699334e-01,2.699334e-01,0.8338,,,,,,,,,,,,,,2.9172675609588623,ok
cnn,mup,softplus,8,1,2,1.470592e+02,1.291015e-01,1.232584e-01,2.148271e-01,0.5250,3.410070e-01,1.040929e-01,1.961717e-01,1.962458e-01,1.962458e-01,0.8782,,,,,,,,,,,,,,2.941864252090454,ok
cnn,mup,softplus,8,1,3,1.475581e+02,1.291015e-01,1.275442e-01,3.313396e-01,0.5000,4.596625e-01,1.040929e-01,2.524368e-01,2.524368e-01,2.524368e-01,0.8475,,,,,,,,,,,,,,2.941864252090454,ok
cnn,mup,softplus,8,1,4,1.473115e+02,1.291015e-01,1.232546e-01,2.407363e-01,0.5250,3.669144e-01,1.040929e-01,2.118681e-01,2.121495e-01,2.121495e-01,0.8755,,,,,,,,,,,,,,2.941864252090454,ok
cnn,mup,softplus,8,2,3,1.482867e+02,1.232584e-01,1.275442e-01,2.391215e-01,0.5000,3.645227e-01,9.894685e-02,2.144395e-01,2.144395e-01,2.144395e-01,0.8696,,,,,,,,,,,,,,2.9821043014526367,ok
cnn,mup,softplus,8,2,4,1.483094e+02,1.232584e-01,1.232546e-01,1.816811e-01,0.4750,3.049376e-01,9.894685e-02,1.953112e-01,1.956150e-01,1.956150e-01,0.8881,,,,,,,,,,,,,,2.9821043014526367,ok
cnn,mup,softplus,8,3,4,1.453666e+02,1.275441e-01,1.232546e-01,3.028767e-01,0.5000,4.282760e-01,1.015571e-01,2.193177e-01,2.193766e-01,2.193177e-01,0.8614,,,,,,,,,,,,,,2.9795010089874268,ok
