mode,regime,act,width,seed,dF_op,gn_op,transport_op,rho_S,tr_frac
mlp,ntk,gelu,64,0,2.405884e-03,1.869495e-03,1.642659e-03,9.993979e-02,0.6828
mlp,ntk,gelu,64,1,2.431697e-03,1.440911e-03,1.958645e-03,9.619639e-02,0.8055
mlp,ntk,gelu,64,2,5.522344e-03,1.707462e-03,4.926444e-03,1.060958e-01,0.8921
mlp,ntk,gelu,128,0,1.716156e-03,9.744596e-04,1.598813e-03,1.060870e-01,0.9316
mlp,ntk,gelu,128,1,1.566893e-03,9.073271e-04,1.161169e-03,1.035097e-01,0.7411
mlp,ntk,gelu,128,2,1.482250e-03,8.470390e-04,1.128756e-03,1.084639e-01,0.7615
mlp,ntk,gelu,256,0,5.500451e-04,4.376123e-04,3.763180e-04,1.128167e-01,0.6842
mlp,ntk,gelu,256,1,5.558486e-04,4.144358e-04,4.181287e-04,1.110242e-01,0.7522
mlp,ntk,gelu,256,2,7.244635e-04,4.697308e-04,5.453646e-04,1.115065e-01,0.7528
mlp,ntk,gelu,512,0,3.552133e-04,2.369523e-04,2.525387e-04,1.193625e-01,0.7109
mlp,ntk,gelu,512,1,2.598650e-04,2.385983e-04,2.262238e-04,1.193249e-01,0.8705
mlp,ntk,gelu,512,2,3.475700e-04,2.439975e-04,1.860671e-04,1.213505e-01,0.5353
mlp,ntk,gelu,1024,0,1.602936e-04,1.249236e-04,1.400709e-04,1.264181e-01,0.8738
mlp,ntk,gelu,1024,1,1.710027e-04,1.178422e-04,1.032377e-04,1.260545e-01,0.6037
mlp,ntk,gelu,1024,2,1.549692e-04,1.140950e-04,9.127209e-05,1.267964e-01,0.5890
mlp,ntk,gelu,2048,0,8.311885e-05,5.920363e-05,4.919199e-05,1.330937e-01,0.5918
mlp,ntk,gelu,2048,1,7.595966e-05,5.758971e-05,5.366819e-05,1.321938e-01,0.7065
mlp,ntk,gelu,2048,2,8.804095e-05,5.582151e-05,6.889978e-05,1.301932e-01,0.7826
mlp,ntk,gelu,4096,0,3.386620e-05,2.604722e-05,2.064017e-05,1.389750e-01,0.6095
mlp,ntk,gelu,4096,1,3.224963e-05,2.655501e-05,1.633469e-05,1.401868e-01,0.5065
mlp,ntk,gelu,4096,2,3.128564e-05,2.625795e-05,1.834104e-05,1.375020e-01,0.5862
mlp,ntk,tanh,64,0,9.530025e-04,7.263017e-04,7.730533e-04,1.165481e-01,0.8112
mlp,ntk,tanh,64,1,1.437018e-03,7.928638e-04,1.272120e-03,1.136821e-01,0.8852
mlp,ntk,tanh,64,2,1.274419e-03,9.307093e-04,9.200376e-04,1.144672e-01,0.7219
mlp,ntk,tanh,128,0,5.413153e-04,3.900933e-04,4.185938e-04,1.257377e-01,0.7733
mlp,ntk,tanh,128,1,5.550300e-04,4.363155e-04,4.821095e-04,1.262882e-01,0.8686
mlp,ntk,tanh,128,2,5.275789e-04,3.911064e-04,3.653796e-04,1.238054e-01,0.6926
mlp,ntk,tanh,256,0,2.959592e-04,2.104837e-04,1.902355e-04,1.345809e-01,0.6428
mlp,ntk,tanh,256,1,3.349310e-04,2.549562e-04,2.205474e-04,1.328430e-01,0.6585
mlp,ntk,tanh,256,2,3.432696e-04,2.440045e-04,2.425864e-04,1.382249e-01,0.7067
mlp,ntk,tanh,512,0,2.176085e-04,1.491505e-04,1.576023e-04,1.422742e-01,0.7242
mlp,ntk,tanh,512,1,2.018653e-04,1.438279e-04,1.426574e-04,1.409545e-01,0.7067
mlp,ntk,tanh,512,2,2.068536e-04,1.429486e-04,1.310267e-04,1.422521e-01,0.6334
mlp,ntk,tanh,1024,0,1.371411e-04,8.344221e-05,8.892810e-05,1.476420e-01,0.6484
mlp,ntk,tanh,1024,1,1.158665e-04,8.552137e-05,9.142137e-05,1.472860e-01,0.7890
mlp,ntk,tanh,1024,2,1.228084e-04,8.091296e-05,8.957897e-05,1.469821e-01,0.7294
mlp,ntk,tanh,2048,0,6.103441e-05,4.703437e-05,4.200077e-05,1.515030e-01,0.6881
mlp,ntk,tanh,2048,1,5.740739e-05,4.691112e-05,3.304269e-05,1.506203e-01,0.5756
mlp,ntk,tanh,2048,2,5.666787e-05,4.643618e-05,2.497476e-05,1.516715e-01,0.4407
mlp,ntk,tanh,4096,0,3.205120e-05,2.466605e-05,1.929574e-05,1.521417e-01,0.6020
mlp,ntk,tanh,4096,1,2.773472e-05,2.576484e-05,1.711147e-05,1.535415e-01,0.6170
mlp,ntk,tanh,4096,2,3.185590e-05,2.530640e-05,2.040637e-05,1.537217e-01,0.6406
mlp,sp,gelu,64,0,1.649824e-01,1.879172e-02,1.691886e-01,6.142553e-04,1.0255
mlp,sp,gelu,64,1,8.163729e-02,5.692310e-02,7.940958e-02,3.903859e-04,0.9727
mlp,sp,gelu,64,2,8.924650e-02,2.885678e-02,8.786321e-02,4.114126e-04,0.9845
mlp,sp,gelu,128,0,3.854044e-02,9.044366e-03,3.515236e-02,2.237759e-04,0.9121
mlp,sp,gelu,128,1,3.987122e-02,5.847615e-03,3.907892e-02,2.147416e-04,0.9801
mlp,sp,gelu,128,2,4.066657e-02,5.114085e-03,3.746324e-02,2.124161e-04,0.9212
mlp,sp,gelu,256,0,3.258881e-02,3.457946e-03,3.289355e-02,1.960502e-04,1.0094
mlp,sp,gelu,256,1,2.711373e-02,2.640357e-03,2.680192e-02,1.450953e-04,0.9885
mlp,sp,gelu,256,2,1.754315e-02,3.490411e-03,1.711129e-02,1.363102e-04,0.9754
mlp,sp,gelu,512,0,1.198487e-02,2.314081e-03,1.183451e-02,1.440959e-04,0.9875
mlp,sp,gelu,512,1,1.438103e-02,1.713015e-03,1.418919e-02,1.374936e-04,0.9867
mlp,sp,gelu,512,2,9.846136e-03,2.426893e-03,9.886689e-03,1.687922e-04,1.0041
mlp,sp,gelu,1024,0,6.904786e-03,1.366152e-03,6.583259e-03,1.318963e-04,0.9534
mlp,sp,gelu,1024,1,9.104527e-03,1.452456e-03,8.936423e-03,1.355095e-04,0.9815
mlp,sp,gelu,1024,2,6.827241e-03,1.761567e-03,6.753471e-03,1.376717e-04,0.9892
mlp,sp,gelu,2048,0,3.610958e-03,1.210852e-03,3.395721e-03,1.449471e-04,0.9404
mlp,sp,gelu,2048,1,5.604509e-03,1.011362e-03,5.517858e-03,1.503066e-04,0.9845
mlp,sp,gelu,2048,2,3.405303e-03,9.616650e-04,3.072188e-03,1.479058e-04,0.9022
mlp,sp,gelu,4096,0,1.741005e-03,5.924450e-04,1.766444e-03,1.631062e-04,1.0146
mlp,sp,gelu,4096,1,2.492001e-03,8.632588e-04,2.253439e-03,1.737177e-04,0.9043
mlp,sp,gelu,4096,2,1.874429e-03,5.201812e-04,1.744569e-03,1.699485e-04,0.9307
mlp,sp,tanh,64,0,1.498803e-01,7.309693e-02,1.261000e-01,3.295579e-03,0.8413
mlp,sp,tanh,64,1,1.558985e-01,5.498576e-02,1.664286e-01,3.067263e-03,1.0675
mlp,sp,tanh,64,2,1.622247e-01,5.354428e-02,1.703321e-01,2.522488e-03,1.0500
mlp,sp,tanh,128,0,3.543948e-02,1.161221e-02,3.290508e-02,9.307139e-04,0.9285
mlp,sp,tanh,128,1,4.421557e-02,1.662673e-02,4.293015e-02,7.826740e-04,0.9709
mlp,sp,tanh,128,2,4.907206e-02,1.155581e-02,4.121862e-02,6.519213e-04,0.8400
mlp,sp,tanh,256,0,2.626023e-02,6.614549e-03,2.490381e-02,4.893460e-04,0.9483
mlp,sp,tanh,256,1,2.919398e-02,3.604508e-03,2.915502e-02,4.397669e-04,0.9987
mlp,sp,tanh,256,2,2.035232e-02,4.258016e-03,1.966508e-02,3.953717e-04,0.9662
mlp,sp,tanh,512,0,1.085857e-02,3.214320e-03,1.019490e-02,2.976183e-04,0.9389
mlp,sp,tanh,512,1,1.285268e-02,2.673042e-03,1.187235e-02,3.334078e-04,0.9237
mlp,sp,tanh,512,2,1.344402e-02,2.757977e-03,1.258601e-02,2.948533e-04,0.9362
mlp,sp,tanh,1024,0,1.289860e-02,2.813203e-03,1.170699e-02,2.066829e-04,0.9076
mlp,sp,tanh,1024,1,1.046991e-02,1.520965e-03,1.000187e-02,2.248537e-04,0.9553
mlp,sp,tanh,1024,2,1.094903e-02,1.525854e-03,1.088961e-02,2.328475e-04,0.9946
mlp,sp,tanh,2048,0,2.913656e-03,8.647967e-04,2.759000e-03,6.607844e-05,0.9469
mlp,sp,tanh,2048,1,4.049688e-03,8.097449e-04,4.029362e-03,7.897679e-05,0.9950
mlp,sp,tanh,2048,2,3.694605e-03,6.195443e-04,3.721546e-03,6.696565e-05,1.0073
mlp,sp,tanh,4096,0,1.515689e-03,3.831786e-04,1.254626e-03,1.433366e-05,0.8278
mlp,sp,tanh,4096,1,1.792435e-03,3.533707e-04,1.684840e-03,1.356582e-05,0.9400
mlp,sp,tanh,4096,2,7.605095e-04,2.487144e-04,6.109742e-04,7.109293e-06,0.8034
mlp,mup,gelu,64,0,1.281194e-01,1.699297e-02,1.255932e-01,5.531564e-04,0.9803
mlp,mup,gelu,64,1,1.013932e-01,1.970229e-02,1.036305e-01,5.232623e-04,1.0221
mlp,mup,gelu,64,2,6.749102e-02,3.233228e-02,6.190858e-02,7.443172e-04,0.9173
mlp,mup,gelu,128,0,3.251371e-02,7.217663e-03,3.225558e-02,2.816350e-04,0.9921
mlp,mup,gelu,128,1,1.731497e-02,3.470759e-03,1.589627e-02,2.792096e-04,0.9181
mlp,mup,gelu,128,2,1.753815e-02,2.729580e-03,1.687168e-02,1.816341e-04,0.9620
mlp,mup,gelu,256,0,9.450594e-03,1.031324e-03,9.204730e-03,1.504209e-04,0.9740
mlp,mup,gelu,256,1,4.097022e-03,8.448767e-04,4.143526e-03,1.224849e-04,1.0114
mlp,mup,gelu,256,2,1.280820e-02,1.521528e-03,1.224002e-02,1.165339e-04,0.9556
mlp,mup,gelu,512,0,4.702447e-03,6.129491e-04,4.785172e-03,1.206904e-04,1.0176
mlp,mup,gelu,512,1,1.774481e-03,3.202620e-04,1.758053e-03,8.219786e-05,0.9907
mlp,mup,gelu,512,2,1.059048e-03,2.979974e-04,1.021817e-03,8.840697e-05,0.9648
mlp,mup,gelu,1024,0,1.722378e-03,3.015352e-04,1.722662e-03,9.084339e-05,1.0002
mlp,mup,gelu,1024,1,8.697750e-04,1.884570e-04,8.697634e-04,8.720668e-05,1.0000
mlp,mup,gelu,1024,2,2.310123e-03,2.930194e-04,2.268260e-03,6.663130e-05,0.9819
mlp,mup,gelu,2048,0,7.458348e-04,1.034222e-04,7.332303e-04,5.437240e-05,0.9831
mlp,mup,gelu,2048,1,1.885384e-03,1.870233e-04,1.865740e-03,7.687265e-05,0.9896
mlp,mup,gelu,2048,2,1.666726e-03,1.929232e-04,1.684555e-03,8.590080e-05,1.0107
mlp,mup,gelu,4096,0,9.230412e-04,1.184303e-04,8.960469e-04,6.395534e-05,0.9708
mlp,mup,gelu,4096,1,4.405776e-04,9.379522e-05,4.127690e-04,5.117679e-05,0.9369
mlp,mup,gelu,4096,2,6.586765e-04,8.982669e-05,6.169289e-04,6.246285e-05,0.9366
mlp,mup,tanh,64,0,7.915311e-02,4.945866e-02,7.737732e-02,2.999054e-03,0.9776
mlp,mup,tanh,64,1,7.840835e-02,3.324787e-02,7.767652e-02,3.199668e-03,0.9907
mlp,mup,tanh,64,2,1.744510e-01,4.933650e-02,1.482476e-01,3.121558e-03,0.8498
mlp,mup,tanh,128,0,1.901019e-02,6.536021e-03,1.960988e-02,1.271538e-03,1.0315
mlp,mup,tanh,128,1,1.765347e-02,7.771570e-03,1.329436e-02,1.428627e-03,0.7531
mlp,mup,tanh,128,2,2.510381e-02,6.830357e-03,2.448456e-02,1.248422e-03,0.9753
mlp,mup,tanh,256,0,3.151036e-03,1.291086e-03,2.919003e-03,7.418198e-04,0.9264
mlp,mup,tanh,256,1,3.190614e-03,1.377157e-03,3.234512e-03,7.144526e-04,1.0138
mlp,mup,tanh,256,2,3.719389e-03,1.339885e-03,2.811059e-03,7.050318e-04,0.7558
mlp,mup,tanh,512,0,7.831072e-04,7.257413e-04,5.627410e-04,5.724708e-04,0.7186
mlp,mup,tanh,512,1,8.502379e-04,4.888339e-04,8.595986e-04,5.809875e-04,1.0110
mlp,mup,tanh,512,2,1.297401e-03,3.716557e-04,1.126343e-03,5.676190e-04,0.8682
mlp,mup,tanh,1024,0,3.158847e-04,1.492290e-04,2.144941e-04,4.543981e-04,0.6790
mlp,mup,tanh,1024,1,2.400939e-04,1.804600e-04,1.527816e-04,4.948907e-04,0.6363
mlp,mup,tanh,1024,2,1.808611e-04,9.814330e-05,1.546436e-04,4.599093e-04,0.8550
mlp,mup,tanh,2048,0,9.479729e-05,6.715498e-05,7.256110e-05,4.332259e-04,0.7654
mlp,mup,tanh,2048,1,8.441525e-05,5.503924e-05,5.265911e-05,4.617649e-04,0.6238
mlp,mup,tanh,2048,2,8.558139e-05,5.629174e-05,6.442794e-05,4.692122e-04,0.7528
mlp,mup,tanh,4096,0,3.224711e-05,2.758365e-05,1.792530e-05,4.265445e-04,0.5559
mlp,mup,tanh,4096,1,3.260936e-05,2.701671e-05,1.348716e-05,4.044332e-04,0.4136
mlp,mup,tanh,4096,2,3.753034e-05,2.984667e-05,1.532093e-05,4.058169e-04,0.4082
