regime,act,width,seedA,seedB,dnorm,lam_max,devrel_1e-1,devrel_1e-2,devrel_1e-3,rhs_1e-2,cg_resid,fd_instab,status
mup,gelu,64,0,1,2.793629e+01,1.502948e-01,9.678816e-02,1.905617e-01,3.287374e-01,1.217419e+02,7.40e-04,8.454e-03,ok
mup,gelu,64,0,2,2.779932e+01,1.502948e-01,5.611545e-02,1.044557e-01,1.926067e-01,5.243556e+01,3.79e-04,1.076e-02,ok
mup,gelu,64,0,3,2.801647e+01,1.502948e-01,4.153866e-02,7.575226e-02,1.427900e-01,1.961775e+01,5.61e-05,9.762e-03,ok
mup,gelu,128,0,1,3.707206e+01,5.131466e-02,2.173312e-02,3.625105e-02,1.360407e-01,9.728108e+00,1.53e-04,3.490e-02,ok
mup,gelu,128,0,2,3.708135e+01,5.131466e-02,2.476409e-02,4.563120e-02,1.675220e-01,1.342809e+01,2.41e-04,3.186e-02,ok
mup,gelu,128,0,3,3.742708e+01,5.131466e-02,2.480121e-02,4.303582e-02,1.578146e-01,1.298673e+01,5.09e-04,3.673e-02,ok
mup,gelu,256,0,1,4.996331e+01,2.284131e-02,1.210904e-02,2.780667e-02,1.958405e-01,5.555739e+00,2.16e-04,5.422e-02,ok
mup,gelu,256,0,2,5.023690e+01,2.284131e-02,1.282949e-02,2.833392e-02,1.790628e-01,5.049765e+00,4.55e-04,4.921e-02,ok
mup,gelu,256,0,3,4.993246e+01,2.284131e-02,1.251953e-02,2.921749e-02,1.858332e-01,9.823528e+00,2.27e-04,4.207e-02,ok
mup,gelu,512,0,1,6.769072e+01,2.298191e-02,6.154071e-03,1.436520e-02,1.028330e-01,2.433635e+00,9.76e-05,1.440e-01,ok
mup,gelu,512,0,2,6.730485e+01,2.298191e-02,6.042835e-03,1.513552e-02,1.056040e-01,2.304725e+00,1.01e-04,1.963e-01,ok
mup,gelu,512,0,3,6.776951e+01,2.298191e-02,6.636520e-03,1.482642e-02,1.071641e-01,3.222924e+00,9.12e-05,1.596e-01,ok
mup,gelu,1024,0,1,9.422092e+01,1.751805e-02,4.285547e-03,1.187041e-02,8.771645e-02,2.023045e+00,8.66e-05,2.360e-01,ok
mup,gelu,1024,0,2,9.388660e+01,1.751805e-02,4.396527e-03,1.487396e-02,1.200900e-01,2.134119e+00,5.66e-05,2.165e-01,ok
mup,gelu,1024,0,3,9.430901e+01,1.751805e-02,4.638012e-03,1.171760e-02,8.851628e-02,2.267259e+00,1.20e-04,1.263e-01,ok
mup,gelu,2048,0,1,1.322893e+02,1.987556e-02,2.445878e-03,7.780169e-03,6.141887e-02,1.043266e+00,6.69e-05,4.414e-01,ok
mup,gelu,2048,0,2,1.320877e+02,1.987556e-02,2.556191e-03,9.115901e-03,7.354471e-02,1.236680e+00,8.61e-05,2.376e-01,ok
mup,gelu,2048,0,3,1.321098e+02,1.987556e-02,2.458946e-03,9.343508e-03,7.913029e-02,1.142581e+00,1.34e-05,4.232e-01,ok
mup,gelu,4096,0,1,1.869090e+02,2.301412e-02,1.644319e-03,8.356047e-03,7.254575e-02,1.917213e+00,1.29e-05,3.751e-01,ok
mup,gelu,4096,0,2,1.877414e+02,2.301412e-02,1.698396e-03,9.200242e-03,8.094417e-02,1.420640e+00,4.06e-05,2.919e-01,ok
mup,gelu,4096,0,3,1.865656e+02,2.301412e-02,1.540038e-03,6.315833e-03,5.355986e-02,1.109041e+00,2.80e-05,4.061e-01,ok
mup,tanh,64,0,1,2.916946e+01,2.454397e-01,9.028379e-02,1.680032e-01,2.795496e-01,5.608059e+01,2.94e-05,2.571e-03,ok
mup,tanh,64,0,2,2.974490e+01,2.454397e-01,1.107590e-01,2.051968e-01,3.565862e-01,8.320464e+01,8.55e-05,1.769e-03,ok
mup,tanh,64,0,3,2.917756e+01,2.454397e-01,1.494782e-01,2.717192e-01,4.345404e-01,1.774278e+02,3.04e-04,2.202e-03,ok
mup,tanh,128,0,1,3.862525e+01,5.089636e-02,6.464031e-02,1.158369e-01,2.495395e-01,2.065998e+01,2.42e-04,6.022e-03,ok
mup,tanh,128,0,2,3.804404e+01,5.089636e-02,6.037513e-02,1.099718e-01,2.517688e-01,2.485295e+01,2.91e-04,4.744e-03,ok
mup,tanh,128,0,3,3.846584e+01,5.089636e-02,8.074200e-02,1.425786e-01,3.056547e-01,3.172262e+01,3.54e-04,4.582e-03,ok
mup,tanh,256,0,1,5.115590e+01,2.454713e-02,5.976962e-02,1.129165e-01,4.760137e-01,3.930243e+01,2.84e-04,7.395e-03,ok
mup,tanh,256,0,2,5.058252e+01,2.454713e-02,3.509252e-02,6.174195e-02,2.258342e-01,9.364867e+00,1.98e-04,9.476e-03,ok
mup,tanh,256,0,3,5.092815e+01,2.454713e-02,3.966255e-02,7.370275e-02,2.700442e-01,1.007238e+01,2.22e-04,8.641e-03,ok
mup,tanh,512,0,1,7.307808e+01,1.025593e-02,5.079811e-02,9.632590e-02,4.431307e-01,8.242107e+00,5.11e-04,1.391e-02,ok
mup,tanh,512,0,2,7.253256e+01,1.025593e-02,3.966335e-02,7.562765e-02,3.674100e-01,8.417037e+00,5.63e-04,1.249e-02,ok
mup,tanh,512,0,3,7.361458e+01,1.025593e-02,4.745685e-02,9.613888e-02,5.436923e-01,9.117666e+00,6.43e-04,1.630e-02,ok
mup,tanh,1024,0,1,1.037037e+02,6.310234e-03,3.316440e-02,7.568004e-02,4.747463e-01,5.332059e+00,5.45e-04,2.183e-02,ok
mup,tanh,1024,0,2,1.041830e+02,6.310234e-03,4.277414e-02,9.609613e-02,6.080130e-01,7.424756e+00,8.47e-04,1.853e-02,ok
mup,tanh,1024,0,3,1.033226e+02,6.310234e-03,3.732122e-02,9.110481e-02,6.493411e-01,7.751073e+00,9.96e-04,1.879e-02,ok
mup,tanh,2048,0,1,1.483677e+02,4.369154e-03,2.616201e-02,9.316758e-02,7.975165e-01,5.660392e+00,5.82e-04,3.265e-02,ok
mup,tanh,2048,0,2,1.476930e+02,4.369154e-03,2.714184e-02,9.999347e-02,8.691121e-01,6.008215e+00,3.39e-04,3.224e-02,ok
mup,tanh,2048,0,3,1.480599e+02,4.369154e-03,2.607300e-02,9.200094e-02,7.799935e-01,4.287868e+00,6.89e-04,2.760e-02,ok
mup,tanh,4096,0,1,2.117822e+02,3.639244e-03,1.976980e-02,1.207590e-01,1.133958e+00,3.578453e+00,5.13e-04,4.037e-02,ok
mup,tanh,4096,0,2,2.110832e+02,3.639244e-03,1.925242e-02,9.840268e-02,9.154108e-01,2.998143e+00,4.58e-04,3.644e-02,ok
mup,tanh,4096,0,3,2.125599e+02,3.639244e-03,2.213995e-02,1.335277e-01,1.283761e+00,4.783393e+00,4.62e-04,3.679e-02,ok
mup,swish,64,0,1,2.753254e+01,1.409233e-01,3.576856e-02,7.168229e-02,1.453129e-01,1.934341e+01,1.11e-04,1.349e-02,ok
mup,swish,64,0,2,2.773096e+01,1.409233e-01,5.798824e-02,1.093052e-01,2.031447e-01,4.798885e+01,4.64e-04,1.214e-02,ok
mup,swish,64,0,3,2.718155e+01,1.409233e-01,4.372729e-02,8.277420e-02,1.550691e-01,2.932016e+01,1.31e-04,7.246e-03,ok
mup,swish,128,0,1,3.661600e+01,3.859565e-02,2.523833e-02,4.627730e-02,1.775770e-01,1.159605e+01,6.45e-04,2.826e-02,ok
mup,swish,128,0,2,3.644824e+01,3.859565e-02,2.593372e-02,4.779735e-02,1.793376e-01,9.068318e+00,4.02e-04,3.382e-02,ok
mup,swish,128,0,3,3.618081e+01,3.859565e-02,2.127001e-02,4.112154e-02,1.628954e-01,1.020911e+01,3.72e-04,2.378e-02,ok
mup,swish,256,0,1,4.869866e+01,2.831846e-02,1.105700e-02,2.208427e-02,1.507670e-01,3.585226e+00,2.85e-04,8.129e-02,ok
mup,swish,256,0,2,4.862946e+01,2.831846e-02,1.222183e-02,2.330884e-02,1.409169e-01,4.344021e+00,2.41e-04,3.397e-02,ok
mup,swish,256,0,3,4.871864e+01,2.831846e-02,1.114059e-02,2.127906e-02,1.289476e-01,3.364048e+00,2.34e-04,5.342e-02,ok
mup,swish,512,0,1,6.715414e+01,1.870722e-02,6.598770e-03,1.682822e-02,1.218431e-01,2.273998e+00,1.34e-04,1.469e-01,ok
mup,swish,512,0,2,6.679197e+01,1.870722e-02,6.658318e-03,1.716999e-02,1.292100e-01,3.005657e+00,1.08e-04,9.727e-02,ok
mup,swish,512,0,3,6.711751e+01,1.870722e-02,6.926348e-03,1.917036e-02,1.457594e-01,2.625017e+00,2.89e-04,8.146e-02,ok
mup,swish,1024,0,1,9.220853e+01,1.639737e-02,4.422583e-03,1.408606e-02,1.140504e-01,1.402787e+00,1.12e-04,3.313e-01,ok
mup,swish,1024,0,2,9.234947e+01,1.639737e-02,3.887515e-03,1.309555e-02,1.020217e-01,1.441862e+00,1.27e-04,3.344e-01,ok
mup,swish,1024,0,3,9.228161e+01,1.639737e-02,3.954559e-03,1.196141e-02,9.358755e-02,1.642924e+00,2.41e-04,2.512e-01,ok
mup,swish,2048,0,1,1.295845e+02,1.693127e-02,2.508135e-03,9.143882e-03,7.272744e-02,1.642902e+00,2.86e-05,4.512e-01,ok
mup,swish,2048,0,2,1.296923e+02,1.693127e-02,2.462410e-03,1.079952e-02,9.106981e-02,2.065980e+00,4.51e-05,4.388e-01,ok
mup,swish,2048,0,3,1.302933e+02,1.693127e-02,2.632317e-03,1.055236e-02,8.506667e-02,4.395925e-01,1.36e-05,5.398e-01,ok
mup,swish,4096,0,1,1.828175e+02,1.871027e-02,1.829192e-03,9.785699e-03,8.734412e-02,1.335128e+00,7.23e-05,4.482e-01,ok
mup,swish,4096,0,2,1.839990e+02,1.871027e-02,1.730541e-03,7.384315e-03,6.005314e-02,6.803916e-01,4.88e-05,3.905e-01,ok
mup,swish,4096,0,3,1.842048e+02,1.871027e-02,1.611717e-03,8.027085e-03,6.741829e-02,5.948041e-01,2.10e-05,5.020e-01,ok
mup,softplus,64,0,1,2.725699e+01,1.483603e-01,3.535552e-02,6.286101e-02,1.260993e-01,1.991354e+01,1.10e-04,8.983e-03,ok
mup,softplus,64,0,2,2.723596e+01,1.483603e-01,3.470810e-02,6.158387e-02,1.166891e-01,1.919873e+01,8.71e-05,9.598e-03,ok
mup,softplus,64,0,3,2.742014e+01,1.483603e-01,2.724577e-02,5.271985e-02,1.151013e-01,1.862901e+01,1.35e-04,8.326e-03,ok
mup,softplus,128,0,1,3.532494e+01,4.969635e-02,1.848858e-02,2.946361e-02,1.229649e-01,7.803067e+00,2.80e-04,3.466e-02,ok
mup,softplus,128,0,2,3.549744e+01,4.969635e-02,1.804332e-02,2.960882e-02,1.174057e-01,6.104868e+00,2.55e-04,2.650e-02,ok
mup,softplus,128,0,3,3.553476e+01,4.969635e-02,1.948179e-02,3.325661e-02,1.145959e-01,1.093042e+01,2.79e-04,2.769e-02,ok
mup,softplus,256,0,1,4.705753e+01,4.023687e-02,9.323575e-03,1.618609e-02,9.022542e-02,2.659611e+00,7.03e-05,6.317e-02,ok
mup,softplus,256,0,2,4.746436e+01,4.023687e-02,1.048561e-02,1.635009e-02,8.228514e-02,2.649249e+00,1.26e-04,6.711e-02,ok
mup,softplus,256,0,3,4.724083e+01,4.023687e-02,1.025701e-02,1.653296e-02,8.212672e-02,2.925638e+00,5.96e-05,3.838e-02,ok
mup,softplus,512,0,1,6.459724e+01,2.468990e-02,6.133130e-03,1.231857e-02,8.169426e-02,1.783470e+00,1.40e-04,9.915e-02,ok
mup,softplus,512,0,2,6.427230e+01,2.468990e-02,6.370524e-03,1.346983e-02,8.627736e-02,2.462824e+00,1.93e-04,8.727e-02,ok
mup,softplus,512,0,3,6.431501e+01,2.468990e-02,7.067260e-03,1.435839e-02,9.586314e-02,1.521246e+00,6.50e-05,6.259e-02,ok
mup,softplus,1024,0,1,8.860406e+01,1.924829e-02,4.269733e-03,9.476853e-03,6.657184e-02,1.363148e+00,1.04e-04,2.377e-01,ok
mup,softplus,1024,0,2,8.887380e+01,1.924829e-02,4.100249e-03,1.024190e-02,7.634751e-02,1.177515e+00,9.60e-05,1.964e-01,ok
mup,softplus,1024,0,3,8.863583e+01,1.924829e-02,4.448412e-03,1.215572e-02,9.166335e-02,2.430255e+00,1.23e-04,1.857e-01,ok
mup,softplus,2048,0,1,1.240501e+02,2.824325e-02,2.279185e-03,5.935916e-03,4.097145e-02,4.861157e-01,1.00e-05,2.744e-01,ok
mup,softplus,2048,0,2,1.245531e+02,2.824325e-02,2.175581e-03,5.860976e-03,4.343397e-02,1.326658e+00,8.88e-06,2.419e-01,ok
mup,softplus,2048,0,3,1.238623e+02,2.824325e-02,2.107735e-03,5.855415e-03,4.707353e-02,8.049094e-01,9.25e-07,5.003e-01,ok
mup,softplus,4096,0,1,1.751196e+02,2.379224e-02,1.452249e-03,6.805522e-03,6.036282e-02,6.344328e-01,1.05e-05,4.537e-01,ok
mup,softplus,4096,0,2,1.751458e+02,2.379224e-02,1.394579e-03,6.277340e-03,5.301681e-02,6.119031e-01,6.36e-06,3.786e-01,ok
mup,softplus,4096,0,3,1.756721e+02,2.379224e-02,1.497195e-03,5.568987e-03,4.451683e-02,5.799368e-01,1.09e-05,3.700e-01,ok
