mode,regime,act,width,smooth,seed,nparams,lmax,pow_gap,trP,trP_sem,probes,acc,status
mlp,ntk,relu,4096,0,0,20037642,1.068222e-01,2.99e-04,4.145175e-08,3.047e-09,24,0.9166,ok
mlp,ntk,relu,4096,0,1,20037642,1.039463e-01,1.26e-03,4.128413e-08,3.664e-09,24,0.9164,ok
mlp,ntk,relu,4096,0,2,20037642,1.070513e-01,8.32e-04,4.452825e-08,3.312e-09,24,0.9184,ok
mlp,ntk,relu,4096,0,3,20037642,1.058569e-01,8.22e-04,4.505976e-08,2.995e-09,24,0.9168,ok
mlp,ntk,relu,4096,0,4,20037642,1.065135e-01,4.96e-04,4.195058e-08,2.712e-09,24,0.9171,ok
mlp,ntk,tanh,4096,1,0,20037642,9.087715e-02,2.61e-03,3.746622e-08,3.910e-09,24,0.9132,ok
mlp,ntk,tanh,4096,1,1,20037642,9.634305e-02,1.38e-03,3.851129e-08,2.767e-09,24,0.9147,ok
mlp,ntk,tanh,4096,1,2,20037642,9.493132e-02,1.31e-03,3.925733e-08,2.773e-09,24,0.9121,ok
mlp,ntk,tanh,4096,1,3,20037642,9.230748e-02,1.61e-03,3.441456e-08,2.717e-09,24,0.9126,ok
mlp,ntk,tanh,4096,1,4,20037642,9.462957e-02,4.94e-04,4.362560e-08,2.980e-09,24,0.9112,ok
mlp,ntk,softplus,4096,1,0,20037642,1.838078e-01,1.46e-03,5.613906e-08,4.472e-09,24,0.8897,ok
mlp,ntk,softplus,4096,1,1,20037642,1.886861e-01,7.64e-05,6.287863e-08,6.232e-09,24,0.8898,ok
mlp,ntk,softplus,4096,1,2,20037642,1.924347e-01,4.39e-04,6.344275e-08,6.686e-09,24,0.8879,ok
mlp,ntk,softplus,4096,1,3,20037642,1.906872e-01,2.17e-04,5.771247e-08,4.562e-09,24,0.889,ok
mlp,ntk,softplus,4096,1,4,20037642,1.865330e-01,2.98e-03,5.945150e-08,6.117e-09,24,0.8904,ok
mlp,sp,gelu,4096,1,0,20037642,3.820478e-02,5.83e-04,5.043037e-08,1.256e-09,24,0.9856,ok
mlp,sp,gelu,4096,1,1,20037642,5.191704e-02,1.36e-06,5.120962e-08,1.673e-09,24,0.9858,ok
mlp,sp,gelu,4096,1,2,20037642,4.576989e-02,8.50e-04,4.697313e-08,1.454e-09,24,0.9857,ok
mlp,sp,gelu,4096,1,3,20037642,3.863526e-02,4.00e-04,4.253070e-08,1.614e-09,24,0.985,ok
mlp,sp,gelu,4096,1,4,20037642,3.464209e-02,2.60e-05,4.657137e-08,1.599e-09,24,0.9863,ok
mlp,sp,swish,4096,1,0,20037642,5.635382e-02,5.28e-05,5.997796e-08,1.987e-09,24,0.9859,ok
mlp,sp,swish,4096,1,1,20037642,5.240716e-02,1.78e-03,6.076811e-08,2.265e-09,24,0.985,ok
mlp,sp,swish,4096,1,2,20037642,6.994709e-02,1.07e-07,5.889476e-08,2.933e-09,24,0.9852,ok
mlp,sp,swish,4096,1,3,20037642,6.351775e-02,4.93e-06,5.599949e-08,2.017e-09,24,0.9849,ok
mlp,sp,swish,4096,1,4,20037642,7.362408e-02,6.07e-07,5.669172e-08,1.894e-09,24,0.9859,ok
mlp,mup,relu,4096,0,0,20037642,1.894704e-02,2.19e-04,8.209452e-09,5.771e-10,24,0.9873,ok
mlp,mup,relu,4096,0,1,20037642,1.771895e-02,5.04e-04,6.942509e-09,4.810e-10,24,0.9873,ok
mlp,mup,relu,4096,0,2,20037642,3.927824e-02,0.00e+00,1.084612e-08,6.479e-10,24,0.9873,ok
mlp,mup,relu,4096,0,3,20037642,2.687381e-02,4.85e-06,1.052280e-08,8.886e-10,24,0.9876,ok
mlp,mup,relu,4096,0,4,20037642,2.022433e-02,2.60e-04,6.932708e-09,3.814e-10,24,0.9868,ok
mlp,mup,tanh,4096,1,0,20037642,3.646499e-03,4.30e-04,4.788315e-09,1.343e-10,24,0.986,ok
mlp,mup,tanh,4096,1,1,20037642,3.430940e-03,6.75e-04,4.725582e-09,1.007e-10,24,0.9856,ok
mlp,mup,tanh,4096,1,2,20037642,3.903390e-03,1.16e-05,4.493364e-09,1.038e-10,24,0.9862,ok
mlp,mup,tanh,4096,1,3,20037642,3.682963e-03,4.91e-04,4.907734e-09,1.395e-10,24,0.9852,ok
mlp,mup,tanh,4096,1,4,20037642,3.530325e-03,1.07e-04,5.181562e-09,1.478e-10,24,0.9855,ok
mlp,mup,softplus,4096,1,0,20037642,2.379338e-02,3.05e-06,1.064154e-08,7.998e-10,24,0.9872,ok
mlp,mup,softplus,4096,1,1,20037642,2.050276e-02,2.12e-04,8.134167e-09,5.971e-10,24,0.9863,ok
mlp,mup,softplus,4096,1,2,20037642,2.266977e-02,8.46e-06,7.811217e-09,4.915e-10,24,0.9864,ok
mlp,mup,softplus,4096,1,3,20037642,2.266049e-02,2.55e-06,9.081456e-09,7.187e-10,24,0.9877,ok
mlp,mup,softplus,4096,1,4,20037642,2.170212e-02,1.71e-03,9.235958e-09,7.053e-10,24,0.9876,ok
mlp,ntk,softplus,2048,1,0,5824522,2.067693e-01,2.70e-03,2.139981e-07,1.722e-08,24,0.8928,ok
mlp,ntk,softplus,2048,1,1,5824522,2.062514e-01,6.30e-03,2.377616e-07,2.821e-08,24,0.8943,ok
mlp,ntk,softplus,2048,1,2,5824522,1.963529e-01,1.81e-03,2.050265e-07,1.915e-08,24,0.8922,ok
mlp,ntk,softplus,2048,1,3,5824522,2.015962e-01,2.87e-03,2.661982e-07,2.846e-08,24,0.8941,ok
mlp,ntk,softplus,2048,1,4,5824522,2.159670e-01,1.37e-03,2.503484e-07,2.907e-08,24,0.8964,ok
mlp,sp,gelu,2048,1,0,5824522,3.827636e-02,1.27e-03,1.418361e-07,4.868e-09,24,0.9857,ok
mlp,sp,gelu,2048,1,1,5824522,4.765780e-02,5.99e-05,1.507107e-07,4.672e-09,24,0.9854,ok
mlp,sp,gelu,2048,1,2,5824522,4.001041e-02,4.72e-04,1.484142e-07,4.786e-09,24,0.9857,ok
mlp,sp,gelu,2048,1,3,5824522,5.400108e-02,5.17e-06,1.554247e-07,5.516e-09,24,0.9867,ok
mlp,sp,gelu,2048,1,4,5824522,4.524760e-02,6.03e-05,1.623146e-07,7.580e-09,24,0.9849,ok
mlp,sp,swish,2048,1,0,5824522,5.038615e-02,1.43e-03,1.919767e-07,6.952e-09,24,0.9855,ok
mlp,sp,swish,2048,1,1,5824522,6.133104e-02,2.19e-06,2.006605e-07,9.118e-09,24,0.9851,ok
mlp,sp,swish,2048,1,2,5824522,7.425056e-02,1.00e-07,2.073212e-07,5.660e-09,24,0.9852,ok
mlp,sp,swish,2048,1,3,5824522,5.874749e-02,1.74e-05,1.911511e-07,7.538e-09,24,0.9847,ok
mlp,sp,swish,2048,1,4,5824522,5.517785e-02,1.05e-03,1.859038e-07,7.016e-09,24,0.9848,ok
mlp,mup,relu,2048,0,0,5824522,1.862694e-02,3.50e-06,2.564381e-08,1.314e-09,24,0.9875,ok
mlp,mup,relu,2048,0,1,5824522,1.762766e-02,8.98e-06,2.476992e-08,1.593e-09,24,0.9866,ok
mlp,mup,relu,2048,0,2,5824522,1.783378e-02,2.66e-04,2.608481e-08,1.501e-09,24,0.9871,ok
mlp,mup,relu,2048,0,3,5824522,2.309059e-02,2.98e-06,3.191238e-08,1.631e-09,24,0.987,ok
mlp,mup,relu,2048,0,4,5824522,1.789020e-02,8.57e-05,2.503722e-08,1.648e-09,24,0.9866,ok
mlp,mup,tanh,2048,1,0,5824522,4.369235e-03,2.13e-07,2.293831e-08,5.431e-10,24,0.9843,ok
mlp,mup,tanh,2048,1,1,5824522,4.720773e-03,1.20e-03,2.734606e-08,6.243e-10,24,0.9856,ok
mlp,mup,tanh,2048,1,2,5824522,4.916671e-03,9.84e-04,2.638248e-08,5.637e-10,24,0.9846,ok
mlp,mup,tanh,2048,1,3,5824522,5.196833e-03,1.79e-05,2.759301e-08,8.423e-10,24,0.9848,ok
mlp,mup,tanh,2048,1,4,5824522,5.333250e-03,1.66e-05,2.622473e-08,5.457e-10,24,0.9849,ok
mlp,mup,softplus,2048,1,0,5824522,2.824323e-02,1.06e-06,3.220731e-08,1.997e-09,24,0.9869,ok
mlp,mup,softplus,2048,1,1,5824522,2.318955e-02,7.72e-04,3.127864e-08,2.240e-09,24,0.9868,ok
mlp,mup,softplus,2048,1,2,5824522,2.562020e-02,1.16e-05,3.509534e-08,1.642e-09,24,0.9876,ok
mlp,mup,softplus,2048,1,3,5824522,1.850224e-02,1.91e-06,2.221880e-08,1.332e-09,24,0.9876,ok
mlp,mup,softplus,2048,1,4,5824522,2.319603e-02,1.21e-04,3.056685e-08,2.146e-09,24,0.9857,ok
mlp,ntk,softplus,1024,1,0,1863690,2.627671e-01,2.53e-05,9.114233e-07,8.074e-08,24,0.8964,ok
mlp,ntk,softplus,1024,1,1,1863690,2.542451e-01,5.26e-05,8.933806e-07,6.525e-08,24,0.8993,ok
mlp,ntk,softplus,1024,1,2,1863690,2.508158e-01,4.03e-04,1.048710e-06,8.919e-08,24,0.8994,ok
mlp,ntk,softplus,1024,1,3,1863690,2.507873e-01,1.52e-03,8.204071e-07,1.023e-07,24,0.8998,ok
mlp,ntk,softplus,1024,1,4,1863690,2.646823e-01,2.76e-04,8.701828e-07,8.428e-08,24,0.8993,ok
mlp,sp,gelu,1024,1,0,1863690,3.922596e-02,6.72e-04,4.173276e-07,2.331e-08,24,0.9867,ok
mlp,sp,gelu,1024,1,1,1863690,4.366419e-02,1.25e-03,4.648812e-07,1.892e-08,24,0.9864,ok
mlp,sp,gelu,1024,1,2,1863690,4.495895e-02,3.81e-06,4.402395e-07,1.934e-08,24,0.9855,ok
mlp,sp,gelu,1024,1,3,1863690,4.065310e-02,5.12e-04,3.954773e-07,1.440e-08,24,0.9868,ok
mlp,sp,gelu,1024,1,4,1863690,4.518489e-02,1.55e-04,4.094277e-07,1.132e-08,24,0.9867,ok
mlp,sp,swish,1024,1,0,1863690,5.636945e-02,3.30e-07,5.120829e-07,1.751e-08,24,0.985,ok
mlp,sp,swish,1024,1,1,1863690,6.590827e-02,1.47e-06,5.694152e-07,1.684e-08,24,0.9856,ok
mlp,sp,swish,1024,1,2,1863690,6.290840e-02,7.99e-04,6.690576e-07,2.568e-08,24,0.9858,ok
mlp,sp,swish,1024,1,3,1863690,7.506070e-02,8.93e-07,5.562865e-07,2.268e-08,24,0.9867,ok
mlp,sp,swish,1024,1,4,1863690,7.180274e-02,0.00e+00,5.441598e-07,2.198e-08,24,0.9852,ok
mlp,mup,relu,1024,0,0,1863690,2.215246e-02,0.00e+00,6.520383e-08,5.257e-09,24,0.9874,ok
mlp,mup,relu,1024,0,1,1863690,1.747657e-02,5.85e-04,1.129419e-07,7.006e-09,24,0.9872,ok
mlp,mup,relu,1024,0,2,1863690,1.848763e-02,1.93e-03,1.064517e-07,6.659e-09,24,0.9871,ok
mlp,mup,relu,1024,0,3,1863690,2.050259e-02,3.64e-05,1.128747e-07,5.701e-09,24,0.9866,ok
mlp,mup,relu,1024,0,4,1863690,2.306370e-02,4.12e-06,1.065761e-07,6.286e-09,24,0.9854,ok
mlp,mup,tanh,1024,1,0,1863690,6.311627e-03,3.43e-05,1.185400e-07,3.161e-09,24,0.9846,ok
mlp,mup,tanh,1024,1,1,1863690,7.401126e-03,6.37e-05,1.275848e-07,3.436e-09,24,0.9843,ok
mlp,mup,tanh,1024,1,2,1863690,7.859447e-03,1.42e-06,1.195232e-07,3.434e-09,24,0.9845,ok
mlp,mup,tanh,1024,1,3,1863690,7.494680e-03,7.97e-05,1.372390e-07,4.794e-09,24,0.9833,ok
mlp,mup,tanh,1024,1,4,1863690,5.735096e-03,3.02e-04,1.217909e-07,3.142e-09,24,0.9851,ok
mlp,mup,softplus,1024,1,0,1863690,1.925837e-02,1.01e-04,9.693974e-08,5.292e-09,24,0.9869,ok
mlp,mup,softplus,1024,1,1,1863690,1.962785e-02,2.09e-06,9.399315e-08,7.066e-09,24,0.9867,ok
mlp,mup,softplus,1024,1,2,1863690,2.260054e-02,1.53e-04,1.240242e-07,9.611e-09,24,0.9868,ok
mlp,mup,softplus,1024,1,3,1863690,3.342357e-02,3.01e-06,1.259087e-07,1.073e-08,24,0.9862,ok
mlp,mup,softplus,1024,1,4,1863690,2.720178e-02,2.88e-06,1.251386e-07,9.054e-09,24,0.9872,ok
mlp,ntk,softplus,512,1,0,669706,3.308088e-01,1.66e-04,3.073979e-06,2.541e-07,24,0.9059,ok
mlp,ntk,softplus,512,1,1,669706,3.316216e-01,2.07e-04,3.313478e-06,3.669e-07,24,0.9057,ok
mlp,ntk,softplus,512,1,2,669706,3.344255e-01,2.32e-06,3.187244e-06,2.969e-07,24,0.9057,ok
mlp,ntk,softplus,512,1,3,669706,3.025084e-01,1.67e-04,2.864596e-06,2.054e-07,24,0.9033,ok
mlp,ntk,softplus,512,1,4,669706,3.475792e-01,5.33e-04,3.721831e-06,3.954e-07,24,0.9058,ok
mlp,sp,gelu,512,1,0,669706,4.623128e-02,1.85e-06,1.072810e-06,3.023e-08,24,0.9861,ok
mlp,sp,gelu,512,1,1,669706,4.621107e-02,9.67e-07,1.128070e-06,4.822e-08,24,0.9863,ok
mlp,sp,gelu,512,1,2,669706,4.627361e-02,2.46e-04,1.040652e-06,4.409e-08,24,0.986,ok
mlp,sp,gelu,512,1,3,669706,3.707144e-02,2.22e-03,1.013991e-06,3.596e-08,24,0.9851,ok
mlp,sp,gelu,512,1,4,669706,5.277696e-02,9.21e-04,1.303842e-06,6.756e-08,24,0.9852,ok
mlp,sp,swish,512,1,0,669706,5.423363e-02,2.60e-05,1.387738e-06,5.602e-08,24,0.9848,ok
mlp,sp,swish,512,1,1,669706,5.232785e-02,4.98e-06,1.510493e-06,7.076e-08,24,0.986,ok
mlp,sp,swish,512,1,2,669706,4.119008e-02,2.45e-04,1.260082e-06,5.975e-08,24,0.9866,ok
mlp,sp,swish,512,1,3,669706,6.162561e-02,3.92e-05,1.470543e-06,7.726e-08,24,0.9855,ok
mlp,sp,swish,512,1,4,669706,6.393924e-02,6.99e-07,1.486902e-06,6.351e-08,24,0.9853,ok
mlp,mup,relu,512,0,0,669706,2.002906e-02,8.25e-04,4.269456e-07,2.448e-08,24,0.9863,ok
mlp,mup,relu,512,0,1,669706,1.887109e-02,2.47e-06,2.594686e-07,1.587e-08,24,0.986,ok
mlp,mup,relu,512,0,2,669706,2.408272e-02,2.32e-07,3.138954e-07,1.631e-08,24,0.9867,ok
mlp,mup,relu,512,0,3,669706,3.147010e-02,0.00e+00,3.826044e-07,2.240e-08,24,0.9868,ok
mlp,mup,relu,512,0,4,669706,2.909579e-02,2.37e-06,3.576098e-07,2.131e-08,24,0.9871,ok
mlp,mup,tanh,512,1,0,669706,1.025755e-02,2.79e-05,5.661245e-07,1.137e-08,24,0.9835,ok
mlp,mup,tanh,512,1,1,669706,1.159500e-02,8.51e-06,5.560382e-07,1.499e-08,24,0.9836,ok
mlp,mup,tanh,512,1,2,669706,1.111161e-02,6.19e-05,6.044412e-07,1.388e-08,24,0.9849,ok
mlp,mup,tanh,512,1,3,669706,1.094545e-02,1.58e-03,5.540260e-07,1.066e-08,24,0.9834,ok
mlp,mup,tanh,512,1,4,669706,1.204479e-02,2.32e-06,6.005058e-07,1.332e-08,24,0.983,ok
mlp,mup,softplus,512,1,0,669706,2.469217e-02,1.29e-05,3.862005e-07,2.314e-08,24,0.9855,ok
mlp,mup,softplus,512,1,1,669706,2.785350e-02,2.67e-06,4.893144e-07,2.854e-08,24,0.9863,ok
mlp,mup,softplus,512,1,2,669706,3.588352e-02,4.59e-04,4.720126e-07,3.080e-08,24,0.9862,ok
mlp,mup,softplus,512,1,3,669706,2.816044e-02,2.05e-06,3.960055e-07,2.287e-08,24,0.9858,ok
mlp,mup,softplus,512,1,4,669706,2.631469e-02,1.26e-03,5.103379e-07,3.049e-08,24,0.9855,ok
mlp,ntk,softplus,256,1,0,269322,4.319623e-01,2.22e-03,9.655173e-06,7.136e-07,24,0.9098,ok
mlp,ntk,softplus,256,1,1,269322,4.349522e-01,2.24e-03,1.066682e-05,1.084e-06,24,0.9089,ok
mlp,ntk,softplus,256,1,2,269322,4.491913e-01,9.76e-04,9.187271e-06,7.293e-07,24,0.9101,ok
mlp,ntk,softplus,256,1,3,269322,4.388111e-01,3.65e-05,1.056372e-05,9.349e-07,24,0.9075,ok
mlp,ntk,softplus,256,1,4,269322,4.183608e-01,2.35e-03,1.124218e-05,1.172e-06,24,0.9079,ok
mlp,sp,gelu,256,1,0,269322,5.444118e-02,6.77e-06,3.278856e-06,1.481e-07,24,0.9842,ok
mlp,sp,gelu,256,1,1,269322,3.476199e-02,7.92e-04,2.660991e-06,7.756e-08,24,0.9866,ok
mlp,sp,gelu,256,1,2,269322,5.265599e-02,1.41e-05,2.824968e-06,1.092e-07,24,0.9841,ok
mlp,sp,gelu,256,1,3,269322,4.679258e-02,6.37e-07,2.805736e-06,1.145e-07,24,0.9855,ok
mlp,sp,gelu,256,1,4,269322,5.302469e-02,6.69e-05,2.490975e-06,9.924e-08,24,0.9846,ok
mlp,sp,swish,256,1,0,269322,6.075834e-02,1.29e-06,3.235497e-06,1.534e-07,24,0.9846,ok
mlp,sp,swish,256,1,1,269322,5.386300e-02,2.07e-07,3.621381e-06,1.167e-07,24,0.9848,ok
mlp,sp,swish,256,1,2,269322,4.312757e-02,3.82e-05,2.847720e-06,1.175e-07,24,0.9846,ok
mlp,sp,swish,256,1,3,269322,6.220976e-02,1.80e-07,3.083781e-06,1.361e-07,24,0.9848,ok
mlp,sp,swish,256,1,4,269322,4.692564e-02,2.47e-03,3.610105e-06,1.320e-07,24,0.9852,ok
mlp,mup,relu,256,0,0,269322,2.241057e-02,2.74e-06,1.103917e-06,4.518e-08,24,0.9875,ok
mlp,mup,relu,256,0,1,269322,2.450086e-02,2.27e-05,1.046434e-06,5.319e-08,24,0.9861,ok
mlp,mup,relu,256,0,2,269322,2.699608e-02,6.76e-04,1.631639e-06,9.458e-08,24,0.9848,ok
mlp,mup,relu,256,0,3,269322,1.933989e-02,8.22e-05,1.071696e-06,5.781e-08,24,0.9861,ok
mlp,mup,relu,256,0,4,269322,2.614740e-02,1.07e-06,1.085167e-06,6.019e-08,24,0.9844,ok
mlp,mup,tanh,256,1,0,269322,2.537079e-02,8.16e-03,3.071661e-06,8.920e-08,24,0.9833,ok
mlp,mup,tanh,256,1,1,269322,2.109638e-02,1.36e-05,2.601404e-06,5.854e-08,24,0.9827,ok
mlp,mup,tanh,256,1,2,269322,2.049016e-02,1.77e-03,2.536803e-06,5.925e-08,24,0.9831,ok
mlp,mup,tanh,256,1,3,269322,2.713958e-02,1.72e-06,3.104215e-06,8.382e-08,24,0.982,ok
mlp,mup,tanh,256,1,4,269322,2.250338e-02,1.77e-03,2.678523e-06,5.285e-08,24,0.983,ok
mlp,mup,softplus,256,1,0,269322,4.023702e-02,1.20e-06,1.403638e-06,7.255e-08,24,0.9855,ok
mlp,mup,softplus,256,1,1,269322,3.389391e-02,6.62e-05,1.742600e-06,1.081e-07,24,0.9856,ok
mlp,mup,softplus,256,1,2,269322,3.490797e-02,1.74e-03,1.578961e-06,8.050e-08,24,0.9854,ok
mlp,mup,softplus,256,1,3,269322,3.368465e-02,1.09e-03,1.571101e-06,7.482e-08,24,0.9857,ok
mlp,mup,softplus,256,1,4,269322,3.299472e-02,9.03e-07,1.337618e-06,6.585e-08,24,0.9854,ok
mlp,ntk,softplus,128,1,0,118282,5.555047e-01,6.24e-04,2.996077e-05,2.561e-06,24,0.9105,ok
mlp,ntk,softplus,128,1,1,118282,5.610616e-01,3.29e-03,2.743036e-05,2.941e-06,24,0.9117,ok
mlp,ntk,softplus,128,1,2,118282,5.344095e-01,8.20e-04,3.311724e-05,1.750e-06,24,0.9129,ok
mlp,ntk,softplus,128,1,3,118282,5.324141e-01,1.44e-03,3.168069e-05,3.127e-06,24,0.9108,ok
mlp,ntk,softplus,128,1,4,118282,6.024045e-01,8.11e-05,3.156971e-05,3.023e-06,24,0.9113,ok
mlp,sp,gelu,128,1,0,118282,7.949407e-02,2.81e-07,7.836484e-06,3.491e-07,24,0.9849,ok
mlp,sp,gelu,128,1,1,118282,4.880124e-02,9.71e-04,8.299551e-06,3.701e-07,24,0.9856,ok
mlp,sp,gelu,128,1,2,118282,6.501569e-02,0.00e+00,7.328443e-06,2.987e-07,24,0.9842,ok
mlp,sp,gelu,128,1,3,118282,6.007203e-02,8.73e-04,8.884654e-06,2.978e-07,24,0.9845,ok
mlp,sp,gelu,128,1,4,118282,6.933159e-02,2.15e-07,7.703421e-06,2.817e-07,24,0.9838,ok
mlp,sp,swish,128,1,0,118282,7.404407e-02,2.52e-06,8.929872e-06,3.905e-07,24,0.9841,ok
mlp,sp,swish,128,1,1,118282,5.459357e-02,1.18e-03,8.518034e-06,2.963e-07,24,0.9834,ok
mlp,sp,swish,128,1,2,118282,5.972700e-02,3.86e-04,8.722392e-06,4.903e-07,24,0.984,ok
mlp,sp,swish,128,1,3,118282,6.605975e-02,7.99e-04,8.849411e-06,5.363e-07,24,0.9845,ok
mlp,sp,swish,128,1,4,118282,9.430492e-02,7.90e-08,1.024379e-05,4.082e-07,24,0.9835,ok
mlp,mup,relu,128,0,0,118282,5.196162e-02,5.74e-07,5.193760e-06,3.097e-07,24,0.9835,ok
mlp,mup,relu,128,0,1,118282,4.138277e-02,2.70e-07,5.539676e-06,2.273e-07,24,0.9845,ok
mlp,mup,relu,128,0,2,118282,5.633760e-02,1.63e-03,6.710930e-06,3.894e-07,24,0.9848,ok
mlp,mup,relu,128,0,3,118282,4.900831e-02,6.00e-05,5.045274e-06,2.517e-07,24,0.9831,ok
mlp,mup,relu,128,0,4,118282,4.154769e-02,1.67e-03,6.322570e-06,2.820e-07,24,0.9842,ok
mlp,mup,tanh,128,1,0,118282,5.102155e-02,4.96e-04,1.658780e-05,4.266e-07,24,0.979,ok
mlp,mup,tanh,128,1,1,118282,5.404162e-02,2.36e-05,1.622726e-05,3.331e-07,24,0.9812,ok
mlp,mup,tanh,128,1,2,118282,5.955735e-02,3.75e-07,1.684534e-05,4.105e-07,24,0.9795,ok
mlp,mup,tanh,128,1,3,118282,5.976565e-02,3.94e-04,1.817049e-05,3.711e-07,24,0.9783,ok
mlp,mup,tanh,128,1,4,118282,4.954595e-02,1.54e-05,1.608734e-05,3.246e-07,24,0.9787,ok
mlp,mup,softplus,128,1,0,118282,4.972943e-02,1.01e-04,6.043681e-06,1.910e-07,24,0.9836,ok
mlp,mup,softplus,128,1,1,118282,7.831439e-02,4.76e-07,6.654119e-06,3.927e-07,24,0.9835,ok
mlp,mup,softplus,128,1,2,118282,8.381622e-02,2.14e-05,7.384144e-06,3.662e-07,24,0.9827,ok
mlp,mup,softplus,128,1,3,118282,6.354374e-02,8.17e-05,6.670461e-06,3.779e-07,24,0.9838,ok
mlp,mup,softplus,128,1,4,118282,6.506839e-02,0.00e+00,6.763764e-06,3.210e-07,24,0.983,ok
mlp,ntk,softplus,64,1,0,55050,6.755785e-01,1.61e-04,8.681597e-05,6.518e-06,24,0.9139,ok
mlp,ntk,softplus,64,1,1,55050,6.557165e-01,1.46e-03,7.490613e-05,6.687e-06,24,0.9129,ok
mlp,ntk,softplus,64,1,2,55050,6.856480e-01,6.95e-05,9.386949e-05,9.306e-06,24,0.914,ok
mlp,ntk,softplus,64,1,3,55050,7.333630e-01,1.41e-04,8.136343e-05,8.873e-06,24,0.9123,ok
mlp,ntk,softplus,64,1,4,55050,6.725572e-01,3.86e-04,1.005952e-04,9.889e-06,24,0.9129,ok
mlp,sp,gelu,64,1,0,55050,1.166579e-01,7.51e-05,3.379728e-05,2.075e-06,24,0.9828,ok
mlp,sp,gelu,64,1,1,55050,1.372067e-01,2.02e-04,3.357666e-05,1.772e-06,24,0.9799,ok
mlp,sp,gelu,64,1,2,55050,1.489335e-01,2.25e-05,3.476050e-05,1.623e-06,24,0.9813,ok
mlp,sp,gelu,64,1,3,55050,1.682364e-01,2.66e-06,3.823706e-05,1.879e-06,24,0.9821,ok
mlp,sp,gelu,64,1,4,55050,1.300547e-01,6.76e-06,2.977017e-05,1.293e-06,24,0.9827,ok
mlp,sp,swish,64,1,0,55050,1.776760e-01,1.04e-03,5.223086e-05,1.867e-06,24,0.9805,ok
mlp,sp,swish,64,1,1,55050,9.628256e-02,2.16e-04,2.750426e-05,1.388e-06,24,0.9805,ok
mlp,sp,swish,64,1,2,55050,1.218454e-01,7.34e-07,2.975959e-05,1.294e-06,24,0.9793,ok
mlp,sp,swish,64,1,3,55050,1.108072e-01,1.32e-03,3.409658e-05,1.441e-06,24,0.9798,ok
mlp,sp,swish,64,1,4,55050,9.420426e-02,3.13e-04,3.919308e-05,1.727e-06,24,0.9793,ok
mlp,mup,relu,64,0,0,55050,1.382405e-01,1.19e-05,4.418956e-05,1.678e-06,24,0.9805,ok
mlp,mup,relu,64,0,1,55050,1.307609e-01,1.57e-04,3.648665e-05,1.452e-06,24,0.9813,ok
mlp,mup,relu,64,0,2,55050,1.801076e-01,2.73e-04,4.957954e-05,2.260e-06,24,0.9798,ok
mlp,mup,relu,64,0,3,55050,1.178634e-01,2.81e-04,4.187211e-05,1.753e-06,24,0.9797,ok
mlp,mup,relu,64,0,4,55050,2.198024e-01,4.75e-07,4.748900e-05,2.448e-06,24,0.9817,ok
mlp,mup,tanh,64,1,0,55050,2.462775e-01,6.67e-04,1.356131e-04,4.106e-06,24,0.9716,ok
mlp,mup,tanh,64,1,1,55050,1.753846e-01,2.08e-03,1.151422e-04,2.275e-06,24,0.9754,ok
mlp,mup,tanh,64,1,2,55050,2.816123e-01,0.00e+00,1.300000e-04,3.291e-06,24,0.9745,ok
mlp,mup,tanh,64,1,3,55050,2.127996e-01,1.32e-02,1.481247e-04,3.419e-06,24,0.9757,ok
mlp,mup,tanh,64,1,4,55050,2.170190e-01,5.34e-04,1.311894e-04,3.778e-06,24,0.9752,ok
mlp,mup,softplus,64,1,0,55050,1.487743e-01,6.41e-04,4.591001e-05,1.674e-06,24,0.9811,ok
mlp,mup,softplus,64,1,1,55050,2.143632e-01,8.34e-07,4.868480e-05,2.077e-06,24,0.9814,ok
mlp,mup,softplus,64,1,2,55050,2.113126e-01,5.86e-04,4.962748e-05,2.886e-06,24,0.9801,ok
mlp,mup,softplus,64,1,3,55050,1.541989e-01,9.21e-05,4.546797e-05,2.033e-06,24,0.9803,ok
mlp,mup,softplus,64,1,4,55050,1.994547e-01,1.27e-06,4.517285e-05,1.605e-06,24,0.9798,ok
