mode,regime,act,width,smooth,n_pairs,nparams,dnorm_med,rq_A_med,rq_mid_med,rq_B_med,flen_mid_med,lmax_A_med,lmax_mid_med,lmax_B_med,trP_A_med,trP_mid_med,trP_B_med,align_A_med,align_mid_med,align_B_med,spec_mid_med,ov1_mid_med,top1_mid_med,pow_gap_mid_med,rq_tmax_med,rq_tmin_med,t_at_rqmax_med,align_mid_rat,spec_mid_rat,alpha_rq,alpha_rq_r2,alpha_flen,alpha_flen_r2,alpha_dnorm,alpha_dnorm_r2,alpha_trP,alpha_trP_r2,alpha_lmax,alpha_lmax_r2,alpha_align,alpha_align_r2,alpha_spec,alpha_spec_r2,resid_flen,resid_rq
mlp,mup,relu,64,0,10,55050,28.073156,0.00013573075000000002,0.001436723,0.000162426,0.56743465,0.1382405,3.3250605,0.1801076,4.418956e-05,0.0010807075,4.7489e-05,3.1354435,1.405454,3.3489775,0.0004673389,5.876339e-06,0.011469799999999999,5.11e-06,0.002997527,0.00012898065,0.25,1.3294281755239046,0.00043208928078150756,2.3484,0.9931,1.4363,0.9744,-0.4567,0.9982,2.2913,0.998,0.4664,0.7975,0.0571,0.227,1.882,0.9957,0.0013,0.0
mlp,mup,relu,128,0,10,118282,37.320283,2.0698579999999997e-05,0.00021973975,2.3708645000000002e-05,0.15339835000000002,0.05196162,1.3012505,0.045278,5.366718e-06,0.0001683086,6.32257e-06,3.9033545,1.3086155000000002,4.068637,0.0001665262,4.49052e-06,0.02518428,1.793e-05,0.00068805335,1.998409e-05,0.5,1.305576482722808,0.0001688681387634433,2.3484,0.9931,1.4363,0.9744,-0.4567,0.9982,2.2913,0.998,0.4664,0.7975,0.0571,0.227,1.882,0.9957,0.0013,0.0
mlp,mup,relu,256,0,10,269322,49.649728499999995,5.337124e-06,2.994598e-05,5.191146500000001e-06,0.03664191,0.023455715000000002,0.66845135,0.0261474,1.103917e-06,3.159017e-05,1.085167e-06,4.9206330000000005,0.96930355,4.783728,4.4219145e-05,7.2199405e-07,0.017137035,1.59e-06,0.00013536875,4.8799975000000005e-06,0.5,0.9479524801544278,4.4799041845004874e-05,2.3484,0.9931,1.4363,0.9744,-0.4567,0.9982,2.2913,0.998,0.4664,0.7975,0.0571,0.227,1.882,0.9957,0.0013,0.0
mlp,mup,relu,512,0,10,669706,67.6852355,1.678839e-06,5.6827185e-06,1.6382229999999998e-06,0.013017425,0.02002906,0.5253296000000001,0.02909579,3.482499e-07,6.2579910000000004e-06,3.576098e-07,5.1255375,0.926674,5.320129,1.0249519999999999e-05,7.213065000000001e-07,0.06262381,1.4175e-07,2.8837945e-05,1.580678e-06,0.25,0.9080739329922333,1.0817434425929928e-05,2.3484,0.9931,1.4363,0.9744,-0.4567,0.9982,2.2913,0.998,0.4664,0.7975,0.0571,0.227,1.882,0.9957,0.0013,0.0
mlp,mup,relu,1024,0,10,1863690,93.76265649999999,5.810095e-07,1.2217865e-06,6.5468715e-07,0.0054059,0.019495110000000003,0.4413287,0.02050259,1.064517e-07,1.3392245000000002e-06,1.065761e-07,6.183961,0.91446015,6.1270880000000005,2.796754e-06,1.7276705e-07,0.045462155000000004,1.215e-07,6.448676e-06,5.6322635e-07,0.75,0.9123089519344963,2.7684274782038876e-06,2.3484,0.9931,1.4363,0.9744,-0.4567,0.9982,2.2913,0.998,0.4664,0.7975,0.0571,0.227,1.882,0.9957,0.0013,0.0
mlp,mup,relu,2048,0,10,5824522,132.2955805,2.1915355000000001e-07,2.8618124999999997e-07,1.810239e-07,0.0024951375000000003,0.01823036,0.49700315000000006,0.0178902,2.564381e-08,3.1740304999999997e-07,2.5561015e-08,8.5978645,0.96306245,7.2689155,6.2080985e-07,2.140385e-08,0.033805315,8e-08,1.840577e-06,1.8094939999999998e-07,0.25,0.9016335854365608,5.758137549027605e-07,2.3484,0.9931,1.4363,0.9744,-0.4567,0.9982,2.2913,0.998,0.4664,0.7975,0.0571,0.227,1.882,0.9957,0.0013,0.0
mlp,mup,relu,4096,0,10,20037642,187.5351405,8.2123595e-08,8.828404000000001e-08,7.768486500000001e-08,0.0015412935,0.01894704,0.3549462,0.02354907,8.209452e-09,7.4122415e-08,8.7326545e-09,9.527131,1.1828105,8.7642985,2.5244795e-07,7.0439565e-09,0.038877919999999996,5.4e-08,4.4061165e-07,7.141967000000001e-08,0.75,1.1910572530590107,2.487251307381232e-07,2.3484,0.9931,1.4363,0.9744,-0.4567,0.9982,2.2913,0.998,0.4664,0.7975,0.0571,0.227,1.882,0.9957,0.0013,0.0
mlp,mup,softplus,64,1,10,55050,27.207531,0.00016615264999999998,0.00068198475,0.0001554943,0.25410115,0.18275575,3.1195075,0.1994547,4.7297405e-05,0.00096059935,4.546797e-05,3.4189195000000003,0.7427861,3.3467434999999996,0.00020198115,2.2188354e-06,0.0073650565,3.03e-07,0.0023719780000000003,0.00014609410000000002,0.75,0.7099575384888611,0.00021861936539662108,2.2233,0.99,1.324,0.9617,-0.4497,0.9979,2.2684,0.9983,0.4794,0.8364,-0.0451,0.1051,1.7439,0.997,0.0001,0.0
mlp,mup,softplus,128,1,10,118282,35.334738,2.6325595e-05,8.108028e-05,2.920392e-05,0.05015277,0.070929065,1.1140915,0.06506839,6.654119e-06,0.00015671769999999998,6.763764e-06,4.142292,0.53248195,4.378095999999999,7.340763e-05,4.2176480000000003e-07,0.0085406135,0.00010229999999999999,0.0005378437,2.4967545e-05,0.5,0.5173651731744404,7.277703851075068e-05,2.2233,0.99,1.324,0.9617,-0.4497,0.9979,2.2684,0.9983,0.4794,0.8364,-0.0451,0.1051,1.7439,0.997,0.0001,0.0
mlp,mup,softplus,256,1,10,269322,47.225350500000005,7.316787e-06,1.29013e-05,8.1491975e-06,0.01446646,0.03490797,0.6785950999999999,0.03368465,1.575031e-06,2.755631e-05,1.571101e-06,5.0553805,0.47136880000000003,5.6429100000000005,2.0280305e-05,3.7925275e-07,0.022167485,2.451e-05,9.475957500000001e-05,6.9373285e-06,0.5,0.4681795204074856,1.901177889436573e-05,2.2233,0.99,1.324,0.9617,-0.4497,0.9979,2.2684,0.9983,0.4794,0.8364,-0.0451,0.1051,1.7439,0.997,0.0001,0.0
mlp,mup,softplus,512,1,10,669706,64.269055,2.519322e-06,2.981992e-06,2.8471899999999998e-06,0.0061309005,0.0278535,0.4856204,0.02800697,4.3400905e-07,6.36911e-06,4.806635e-07,6.1050775,0.4913905,6.313103,6.367739e-06,2.9607150000000003e-08,0.004791504,5.21e-05,2.932194e-05,2.482017e-06,0.75,0.468196027388442,6.140582232542126e-06,2.2233,0.99,1.324,0.9617,-0.4497,0.9979,2.2684,0.9983,0.4794,0.8364,-0.0451,0.1051,1.7439,0.997,0.0001,0.0
mlp,mup,softplus,1024,1,10,1863690,88.5643025,7.625587e-07,8.0262875e-07,8.346893e-07,0.003153275,0.01962785,0.4662948,0.02720178,9.693974e-08,1.39745e-06,1.251386e-07,6.7096775,0.63029565,6.6988285,1.981618e-06,2.3058695e-07,0.101195105,2.25e-07,6.3017065e-06,7.5360155e-07,0.25,0.5743523918565959,1.7212903725282804e-06,2.2233,0.99,1.324,0.9617,-0.4497,0.9979,2.2684,0.9983,0.4794,0.8364,-0.0451,0.1051,1.7439,0.997,0.0001,0.0
mlp,mup,softplus,2048,1,10,5824522,124.04205350000001,2.699971e-07,1.7167175e-07,2.441147e-07,0.001318863,0.0256202,0.42052080000000003,0.02319603,3.220731e-08,2.910682e-07,3.056685e-08,8.434004999999999,0.6076960499999999,8.1512805,4.544137e-07,3.434488e-08,0.07153416,1.085e-07,1.3753155e-06,1.672671e-07,0.25,0.5897990574030416,4.0823604920374925e-07,2.2233,0.99,1.324,0.9617,-0.4497,0.9979,2.2684,0.9983,0.4794,0.8364,-0.0451,0.1051,1.7439,0.997,0.0001,0.0
mlp,mup,softplus,4096,1,10,20037642,175.2597115,1.0192234e-07,5.916583e-08,9.2642735e-08,0.0009101248500000001,0.02266977,0.3044359,0.022181305,8.607811500000001e-09,7.270985e-08,9.081456e-09,11.074660000000002,0.8286982,11.248935,1.7587715e-07,7.990321e-09,0.04101128,1.0370000000000001e-07,4.920097e-07,5.916583e-08,0.25,0.8137251005193932,1.9434577196710376e-07,2.2233,0.99,1.324,0.9617,-0.4497,0.9979,2.2684,0.9983,0.4794,0.8364,-0.0451,0.1051,1.7439,0.997,0.0001,0.0
mlp,mup,tanh,64,1,10,55050,29.5013305,0.0004475425,0.006975530000000001,0.00045746575,3.044645,0.2462775,5.419961000000001,0.217019,0.00013280654999999999,0.0022726730000000002,0.0001311894,3.6409095000000002,2.9985115,3.3175225,0.0012131339999999998,6.2164195e-06,0.004571577,6.07e-06,0.009477556,0.00042844585000000003,0.5,3.0693064950391014,0.0012870074157360172,1.8752,0.9863,0.9139,0.9199,-0.4817,0.997,2.4247,0.9988,0.8934,0.9428,-0.5496,0.9208,0.9818,0.9924,0.0021,0.0001
mlp,mup,tanh,128,1,10,118282,37.918001000000004,6.4453405e-05,0.0009211645999999999,7.189837e-05,0.6618450499999999,0.05404162,1.4488285,0.056799485,1.65878e-05,0.0003126394,1.65363e-05,3.9049490000000002,2.9325315,4.195263499999999,0.0006267567,5.085923e-06,0.0080565225,7.085e-06,0.001748849,6.116553e-05,0.3125,2.9464123843635828,0.0006357996132737586,1.8752,0.9863,0.9139,0.9199,-0.4817,0.997,2.4247,0.9988,0.8934,0.9428,-0.5496,0.9208,0.9818,0.9924,0.0021,0.0001
mlp,mup,tanh,256,1,10,269322,51.411561500000005,1.593122e-05,0.0001854494,1.581548e-05,0.24715864999999998,0.023233585,0.6564003,0.02250338,2.8365325e-06,5.793375e-05,2.678523e-06,5.4208099999999995,3.297114,5.883155,0.00026794725,2.2410041500000002e-06,0.008693988000000001,5.82e-06,0.00048907835,1.5452109999999998e-05,0.25,3.20105983127279,0.00028252485564068144,1.8752,0.9863,0.9139,0.9199,-0.4817,0.997,2.4247,0.9988,0.8934,0.9428,-0.5496,0.9208,0.9818,0.9924,0.0021,0.0001
mlp,mup,tanh,512,1,10,669706,72.63651250000001,4.6509045000000005e-06,6.62698e-05,4.5870525e-06,0.17649769999999998,0.01102853,0.34842275,0.011353305,5.661245e-07,1.1911605e-05,6.005058e-07,8.0484545,5.774785,7.758768,0.00019022435,1.8051905e-06,0.010576312000000001,6.8e-06,0.00016143815000000002,3.976019e-06,0.25,5.563465208928604,0.00019019940575062909,1.8752,0.9863,0.9139,0.9199,-0.4817,0.997,2.4247,0.9988,0.8934,0.9428,-0.5496,0.9208,0.9818,0.9924,0.0021,0.0001
mlp,mup,tanh,1024,1,10,1863690,104.0113335,1.419789e-06,2.3726355e-05,1.588829e-06,0.12836795,0.007401126,0.24480065,0.0074479030000000005,1.195232e-07,2.7106665e-06,1.217909e-07,11.753185,9.255439500000001,12.52201,9.9210755e-05,1.3120169e-06,0.012228718,4.715e-05,6.1521845e-05,1.419789e-06,0.5625,8.75295983478602,9.692112745615667e-05,1.8752,0.9863,0.9139,0.9199,-0.4817,0.997,2.4247,0.9988,0.8934,0.9428,-0.5496,0.9208,0.9818,0.9924,0.0021,0.0001
mlp,mup,tanh,2048,1,10,5824522,149.200878,4.8301435e-07,7.1632475e-06,4.5288634999999997e-07,0.079078495,0.004720773,0.15250595,0.005196833,2.638248e-08,4.421782e-07,2.638248e-08,19.093575,15.839500000000001,16.77461,4.269001e-05,1.01750125e-06,0.02749987,7.065e-05,1.8215344999999998e-05,4.462459e-07,0.25,16.199911031344378,4.6970282143090154e-05,1.8752,0.9863,0.9139,0.9199,-0.4817,0.997,2.4247,0.9988,0.8934,0.9428,-0.5496,0.9208,0.9818,0.9924,0.0021,0.0001
mlp,mup,tanh,4096,1,10,20037642,211.125218,1.6105399999999998e-07,1.9006204999999999e-06,1.5036905e-07,0.04225136,0.003646499,0.10434199999999999,0.003606644,4.7569485e-09,7.7076595e-08,4.907734e-09,33.796994999999995,23.905925,30.959085,1.703691e-05,7.442973e-07,0.042758865,0.00012550000000000001,6.2958605000000004e-06,1.5029180000000002e-07,0.5,24.65885396208797,1.821529681240536e-05,1.8752,0.9863,0.9139,0.9199,-0.4817,0.997,2.4247,0.9988,0.8934,0.9428,-0.5496,0.9208,0.9818,0.9924,0.0021,0.0001
mlp,ntk,relu,4096,0,10,20037642,6128.0047315,1.8319139999999998e-07,9.9912935e-09,1.8217905e-07,0.1875634,0.1068222,0.2840904,0.1065135,4.145175e-08,7.9266775e-08,4.3239415000000004e-08,4.296082,0.1247112,4.296886000000001,3.6388959999999996e-08,1.12432465e-09,0.029047645,1.0650000000000001e-07,4.8910945e-07,9.9912935e-09,0.75,0.12604642361191054,3.5169416143593726e-08,,,,,,,,,,,,,,,,
mlp,ntk,softplus,64,1,10,55050,321.362118,5.5202695e-05,4.9082625e-06,6.527033e-05,0.25212005000000004,0.6755785,1.7326655,0.6791026,8.681597e-05,0.0001520999,9.386949e-05,0.66987395,0.03636067,0.6614065499999999,2.895564e-06,1.02130205e-07,0.04002888,1.6650000000000002e-07,0.00010635635000000001,4.9082625e-06,0.5625,0.03226999163050074,2.832781341811215e-06,1.8002,0.9825,0.3856,0.9255,-0.7067,0.991,1.7605,0.9961,0.3705,0.9753,0.0397,0.0792,1.4297,0.9695,0.0012,0.0
mlp,ntk,softplus,128,1,10,118282,465.476832,2.8514065000000003e-05,2.4877005e-06,2.4527175000000003e-05,0.2688568,0.5555047,1.2519520000000002,0.5477355500000001,2.996077e-05,5.2351105e-05,3.16252e-05,0.96542425,0.05040876,0.83411605,1.8901135000000002e-06,6.969785e-09,0.0053954195,8.24e-06,4.751572e-05,2.4877005e-06,0.75,0.0475195413735775,1.987057411146753e-06,1.8002,0.9825,0.3856,0.9255,-0.7067,0.991,1.7605,0.9961,0.3705,0.9753,0.0397,0.0792,1.4297,0.9695,0.0012,0.0
mlp,ntk,softplus,256,1,10,269322,698.1981505,1.329782e-05,8.276239e-07,1.305457e-05,0.20154145,0.4349522,1.2409265,0.43688165,9.655173e-06,1.831557e-05,1.0615270000000001e-05,1.2525495,0.046690425,1.2761215,6.474996e-07,5.133774e-09,0.0065249855,1.3215e-07,2.628712e-05,8.276239e-07,0.75,0.045186903820083134,6.669403062953366e-07,1.8002,0.9825,0.3856,0.9255,-0.7067,0.991,1.7605,0.9961,0.3705,0.9753,0.0397,0.0792,1.4297,0.9695,0.0012,0.0
mlp,ntk,softplus,512,1,10,669706,1098.7037775,5.2676985e-06,2.9425765e-07,4.8443934999999994e-06,0.17748205,0.33121520000000004,0.75480835,0.3344255,3.1306115e-06,5.793787e-06,3.2503610000000002e-06,1.6840674999999998,0.048845324999999995,1.415836,3.9976955e-07,2.1475214999999998e-08,0.06867044,9.82e-07,9.031339e-06,2.9425765e-07,0.25,0.05078848255898948,3.8984419025041254e-07,1.8002,0.9825,0.3856,0.9255,-0.7067,0.991,1.7605,0.9961,0.3705,0.9753,0.0397,0.0792,1.4297,0.9695,0.0012,0.0
mlp,ntk,softplus,1024,1,10,1863690,1838.8897425,2.279298e-06,7.278794e-08,2.255578e-06,0.12311929999999999,0.2542451,0.6104969499999999,0.25253044999999996,9.114233e-07,1.6185225000000001e-06,8.701828e-07,2.4171560000000003,0.043841464999999996,2.565524,1.107213e-07,5.2454265e-09,0.047750065,2.035e-07,3.9312805e-06,7.278794e-08,0.5625,0.044971843147067765,1.192273605953314e-07,1.8002,0.9825,0.3856,0.9255,-0.7067,0.991,1.7605,0.9961,0.3705,0.9753,0.0397,0.0792,1.4297,0.9695,0.0012,0.0
mlp,ntk,softplus,2048,1,10,5824522,3275.631999,8.129925999999999e-07,1.543217e-08,8.1831285e-07,0.082830715,0.2062514,0.45425465,0.2039238,2.139981e-07,4.0427920000000003e-07,2.503484e-07,3.7434635,0.036301895,3.286034,3.4710210000000005e-08,5.212457e-10,0.0163751255,3.935e-07,1.3700960000000001e-06,1.543217e-08,0.5,0.03817206029892213,3.397250859182179e-08,1.8002,0.9825,0.3856,0.9255,-0.7067,0.991,1.7605,0.9961,0.3705,0.9753,0.0397,0.0792,1.4297,0.9695,0.0012,0.0
mlp,ntk,softplus,4096,1,10,20037642,6128.9599419999995,2.8123280000000003e-07,2.8609034999999998e-09,2.7754845e-07,0.053751364999999995,0.1886861,0.39260364999999997,0.18968665,6.029555e-08,9.890167500000001e-08,5.94515e-08,4.715888,0.029095919999999997,4.589513999999999,7.0375735e-09,3.514235e-10,0.052851605,7.82e-07,4.317715e-07,2.8609034999999998e-09,0.125,0.028926744668378968,7.287001789209041e-09,1.8002,0.9825,0.3856,0.9255,-0.7067,0.991,1.7605,0.9961,0.3705,0.9753,0.0397,0.0792,1.4297,0.9695,0.0012,0.0
mlp,ntk,tanh,4096,1,10,20037642,6127.553179500001,1.0718965e-07,5.8472475e-09,1.105653e-07,0.10979285,0.09361939999999999,0.2228344,0.09462957,3.7988754999999995e-08,7.744827500000001e-08,3.925733e-08,2.8483495,0.07636687,2.7748030000000004,2.6304190000000003e-08,4.400041e-10,0.01722962,9.84e-05,3.112206e-07,5.8472475e-09,0.25,0.07549874416182928,2.624032689746287e-08,,,,,,,,,,,,,,,,
mlp,sp,gelu,64,1,10,55050,27.935591000000002,0.0001109246,0.0015703330000000001,0.00012889175,0.6153854,0.1372067,3.2541349999999998,0.14307009999999998,3.379728e-05,0.0010273840000000001,3.416858e-05,3.230301,1.50876,3.600785,0.00042331300000000003,4.8939994999999995e-06,0.01255948,3.1099999999999997e-07,0.0037521065,9.808718e-05,0.5,1.5284771808788145,0.00048256541292847414,1.1794,0.86,0.4417,0.3601,-0.3687,0.9747,1.1671,0.9703,-0.4378,0.4613,0.0123,0.002,1.6172,0.9967,0.0003,0.0
mlp,sp,gelu,128,1,10,118282,30.997233,3.025303e-05,0.00038789545,3.5282805e-05,0.18445119999999998,0.06501569,1.8027375,0.06501569,7.836484e-06,0.0003189483,7.703421e-06,3.6451409999999997,1.1486939999999999,4.1106175,0.00021413360000000002,5.3576804999999995e-06,0.02400416,2.265e-05,0.0012840855,2.542798e-05,0.5,1.2161703009547316,0.00021517023415777394,1.1794,0.86,0.4417,0.3601,-0.3687,0.9747,1.1671,0.9703,-0.4378,0.4613,0.0123,0.002,1.6172,0.9967,0.0003,0.0
mlp,sp,gelu,256,1,10,269322,37.127168999999995,1.0747465e-05,7.9592495e-05,1.178606e-05,0.054949085,0.05265599,1.457381,0.05265599,2.824968e-06,0.00010250839999999999,2.7333635e-06,3.694188,0.78761645,4.4590245,5.8234415e-05,6.4948905e-07,0.012660425,0.00019635,0.00044399225,1.0747465e-05,0.5,0.7764485154387348,5.461337495136823e-05,1.1794,0.86,0.4417,0.3601,-0.3687,0.9747,1.1671,0.9703,-0.4378,0.4613,0.0123,0.002,1.6172,0.9967,0.0003,0.0
mlp,sp,gelu,512,1,10,669706,47.9251105,6.448347e-06,2.52125e-05,6.278991e-06,0.02896066,0.04623128,1.4933765,0.04627361,1.07281e-06,4.395393e-05,1.0843610000000001e-06,5.9437985,0.57371645,5.627388,1.7187185e-05,8.417201999999999e-07,0.03991016,9.205e-06,0.00019263625,5.9745475e-06,0.75,0.5736119614332552,1.6882882514891587e-05,1.1794,0.86,0.4417,0.3601,-0.3687,0.9747,1.1671,0.9703,-0.4378,0.4613,0.0123,0.002,1.6172,0.9967,0.0003,0.0
mlp,sp,gelu,1024,1,10,1863690,64.6508365,4.329318e-06,1.3607590000000001e-05,4.183316e-06,0.0284906,0.042158644999999995,2.047832,0.04495895,4.2878355e-07,2.0464005e-05,4.094277e-07,10.2524,0.6959811499999999,10.127870000000001,6.811776e-06,1.11470645e-07,0.01619576,2.065e-07,0.0001263234,4.125211e-06,0.75,0.6649524372184233,6.644876142183538e-06,1.1794,0.86,0.4417,0.3601,-0.3687,0.9747,1.1671,0.9703,-0.4378,0.4613,0.0123,0.002,1.6172,0.9967,0.0003,0.0
mlp,sp,gelu,2048,1,10,5824522,89.2844645,3.3950605e-06,1.358679e-05,3.5542175e-06,0.054094005,0.04001041,8.218608,0.0452476,1.484142e-07,1.3635705e-05,1.554247e-07,23.148719999999997,0.99153585,22.916385,1.689381e-06,8.393284500000001e-08,0.038890129999999995,7.58e-08,0.00020528855,3.3375055e-06,0.375,0.9964127267347013,1.653174114156558e-06,1.1794,0.86,0.4417,0.3601,-0.3687,0.9747,1.1671,0.9703,-0.4378,0.4613,0.0123,0.002,1.6172,0.9967,0.0003,0.0
mlp,sp,gelu,4096,1,10,20037642,124.580691,2.6618135e-06,1.2836010000000001e-05,2.460741e-06,0.09960970499999999,0.042202575,17.946495,0.03863526,5.043037e-08,7.5623695000000005e-06,4.657137e-08,54.787774999999996,1.6479135,55.517745000000005,6.975491e-07,8.7920955e-09,0.012780785,1.0099999999999999e-07,0.00041107155,2.460741e-06,0.625,1.6973529262223963,7.152377107619065e-07,1.1794,0.86,0.4417,0.3601,-0.3687,0.9747,1.1671,0.9703,-0.4378,0.4613,0.0123,0.002,1.6172,0.9967,0.0003,0.0
mlp,sp,swish,64,1,10,55050,27.431343,0.00012342395,0.0014054195,0.0001107127,0.5404483499999999,0.1218454,3.3957655,0.10354488,3.1928085e-05,0.0011055169999999999,3.409658e-05,3.5689675000000003,1.309722,3.2862929999999997,0.00035520335,1.0360484999999999e-05,0.020716325,1.48e-07,0.0032851535,0.00010616615,0.75,1.2712780536165433,0.00041387413235690154,1.2263,0.8851,0.4786,0.423,-0.375,0.9761,1.1971,0.9743,-0.4796,0.5235,0.0292,0.013,1.706,0.9961,0.0023,0.0
mlp,sp,swish,128,1,10,118282,30.512558,3.1624455000000006e-05,0.0002636754,3.749068e-05,0.1215932,0.062893375,1.7346995,0.06605975,8.7859015e-06,0.00029040105,8.849411e-06,3.5414234999999996,0.95919325,3.8876535,0.00014741695,1.4198439999999999e-06,0.0100023055,2.7799999999999996e-06,0.001036401,3.0128895000000002e-05,0.5,0.9079698575470028,0.0001520006202803425,1.2263,0.8851,0.4786,0.423,-0.375,0.9761,1.1971,0.9743,-0.4796,0.5235,0.0292,0.013,1.706,0.9961,0.0023,0.0
mlp,sp,swish,256,1,10,269322,36.709740499999995,1.5337645e-05,6.853855499999999e-05,1.460059e-05,0.046006309999999995,0.05731067,1.5090979999999998,0.04692564,3.235497e-06,0.00010668719999999999,3.3469430000000002e-06,4.614819000000001,0.6597007500000001,4.387781,3.745638e-05,1.3570575e-06,0.031060884999999996,4.3925e-06,0.00038217915,1.299888e-05,0.25,0.6424252862573955,4.5416901354318935e-05,1.2263,0.8851,0.4786,0.423,-0.375,0.9761,1.1971,0.9743,-0.4796,0.5235,0.0292,0.013,1.706,0.9961,0.0023,0.0
mlp,sp,swish,512,1,10,669706,47.786806,9.659211e-06,2.152732e-05,9.8838325e-06,0.024577975000000002,0.05328074,1.7557589999999998,0.06162561,1.387738e-06,4.6253935e-05,1.4787225e-06,6.639920500000001,0.4734408,6.7669495,1.2547305000000001e-05,7.294644e-08,0.0050697345,2.1e-07,0.00019059870000000002,9.5506785e-06,0.75,0.46541596947373237,1.226097659188989e-05,1.2263,0.8851,0.4786,0.423,-0.375,0.9761,1.1971,0.9743,-0.4796,0.5235,0.0292,0.013,1.706,0.9961,0.0023,0.0
mlp,sp,swish,1024,1,10,1863690,64.8378875,6.5490355e-06,1.196431e-05,6.432551500000001e-06,0.02515125,0.0629084,2.5335205,0.07180274,5.6285085e-07,2.063429e-05,5.562865e-07,11.384979999999999,0.5796607,11.501785,4.1361575e-06,1.1340994e-07,0.029700400000000002,7.575e-08,0.00014063284999999998,6.0525495000000005e-06,0.5,0.5798265896233891,4.722405048627e-06,1.2263,0.8851,0.4786,0.423,-0.375,0.9761,1.1971,0.9743,-0.4796,0.5235,0.0292,0.013,1.706,0.9961,0.0023,0.0
mlp,sp,swish,2048,1,10,5824522,89.7121845,5.2525785e-06,8.362877000000001e-06,5.278873000000001e-06,0.033658415,0.060039265,9.1304305,0.05874749,1.963186e-07,1.139306e-05,1.911511e-07,26.248975,0.70319745,27.860165000000002,9.766487000000002e-07,1.848605e-08,0.019369934999999998,4.15e-08,0.0001941135,5.197759e-06,0.75,0.7340325601725964,9.159345772359805e-07,1.2263,0.8851,0.4786,0.423,-0.375,0.9761,1.1971,0.9743,-0.4796,0.5235,0.0292,0.013,1.706,0.9961,0.0023,0.0
mlp,sp,swish,4096,1,10,20037642,125.09027599999999,4.0769765e-06,8.996985000000001e-06,3.865346e-06,0.070382625,0.05635382,21.022125000000003,0.06994709,5.997796e-08,7.170375e-06,5.669172e-08,67.53153,1.3328639999999998,65.63140999999999,4.418259e-07,7.226064e-09,0.018093755000000003,8.89e-08,0.00040697369999999995,3.7649395e-06,0.375,1.2547439987448357,4.279769528532439e-07,1.2263,0.8851,0.4786,0.423,-0.375,0.9761,1.1971,0.9743,-0.4796,0.5235,0.0292,0.013,1.706,0.9961,0.0023,0.0
