arch,regime,act,width,width_paper,smooth,n_pairs,rq_mid_med,rq_mid_q1,rq_mid_q3,trP_mid_med,trP_sem_mid_med,lmax_mid_med,lmax_A_med,dnorm_med,flen_mid_med,align_mid_med,align_mid_rat,spec_mid_rat,top1_mid_med,dip_depth,t_at_peak,n_profile_t,barrier,alpha_rq,alpha_rq_r2,alpha_trP,alpha_trP_r2,alpha_align,alpha_align_r2,alpha_dnorm,alpha_dnorm_r2,alpha_flen,alpha_flen_r2,alpha_lmax,alpha_lmax_r2,alpha_B,alpha_B_r2,alpha_dip,alpha_dip_r2,n_widths,resid_rq
cnn,mup,gelu,1,64,1,10,0.00698533,0.006256853,0.01323645,nan,nan,nan,15.0215,74.2568,19.24399127535615,nan,nan,nan,nan,,,0,2.39615,2.1825,0.9982,nan,nan,nan,nan,-0.2715,0.9985,1.645,0.9966,nan,nan,1.1603,0.9589,nan,nan,4,
cnn,mup,gelu,2,128,1,10,0.001297566,0.001137473,0.001726016,nan,nan,nan,3.0145999999999997,90.14005,5.258070873473572,nan,nan,nan,nan,,,0,0.68245,2.1825,0.9982,nan,nan,nan,nan,-0.2715,0.9985,1.645,0.9966,nan,nan,1.1603,0.9589,nan,nan,4,
cnn,mup,gelu,4,256,1,10,0.00029907800000000004,0.0002791863,0.000393156,nan,nan,nan,1.3448,106.71785,1.706057267054008,nan,nan,nan,nan,,,0,0.35185,2.1825,0.9982,nan,nan,nan,nan,-0.2715,0.9985,1.645,0.9966,nan,nan,1.1603,0.9589,nan,nan,4,
cnn,mup,gelu,8,512,1,10,7.3554355e-05,6.468873e-05,8.237883e-05,nan,nan,nan,0.9737899999999999,131.442,0.6260065645756333,nan,nan,nan,nan,,,0,0.2047,2.1825,0.9982,nan,nan,nan,nan,-0.2715,0.9985,1.645,0.9966,nan,nan,1.1603,0.9589,nan,nan,4,
cnn,mup,softplus,1,64,1,10,0.002265716,0.001157887,0.003623237,nan,nan,nan,22.971,71.54509999999999,5.8039408005891655,nan,nan,nan,nan,,,0,1.0243,1.6679,0.9952,nan,nan,nan,nan,-0.3513,0.9998,0.9661,0.9864,nan,nan,0.6473,0.9663,nan,nan,4,
cnn,mup,softplus,2,128,1,10,0.00062924275,0.0005699813,0.0007139394,nan,nan,nan,11.795,91.20945,2.5985023066586526,nan,nan,nan,nan,,,0,0.51945,1.6679,0.9952,nan,nan,nan,nan,-0.3513,0.9998,0.9661,0.9864,nan,nan,0.6473,0.9663,nan,nan,4,
cnn,mup,softplus,4,256,1,10,0.00018469225,0.0001737535,0.0001999542,nan,nan,nan,7.4372,117.28115,1.2588341390597149,nan,nan,nan,nan,,,0,0.35885,1.6679,0.9952,nan,nan,nan,nan,-0.3513,0.9998,0.9661,0.9864,nan,nan,0.6473,0.9663,nan,nan,4,
cnn,mup,softplus,8,512,1,10,7.2276345e-05,5.359348e-05,8.431257e-05,nan,nan,nan,5.0851,148.1336,0.7929212359542126,nan,nan,nan,nan,,,0,0.2597,1.6679,0.9952,nan,nan,nan,nan,-0.3513,0.9998,0.9661,0.9864,nan,nan,0.6473,0.9663,nan,nan,4,
cnn,mup,swish,1,64,1,10,0.006984742,0.006110307,0.007739844,nan,nan,nan,14.741000000000001,74.36945,19.441849379264696,nan,nan,nan,nan,,,0,2.0171,2.1625,0.9971,nan,nan,nan,nan,-0.2853,0.9992,1.5949,0.9927,nan,nan,1.0938,0.9954,nan,nan,4,
cnn,mup,swish,2,128,1,10,0.0017054975,0.001361407,0.002246762,nan,nan,nan,2.8240999999999996,90.97495,7.056335248493591,nan,nan,nan,nan,,,0,0.88385,2.1625,0.9971,nan,nan,nan,nan,-0.2853,0.9992,1.5949,0.9927,nan,nan,1.0938,0.9954,nan,nan,4,
cnn,mup,swish,4,256,1,10,0.0003031732,0.0002732425,0.0003539365,nan,nan,nan,1.2568000000000001,109.25125,1.7972991349845855,nan,nan,nan,nan,,,0,0.39055,2.1625,0.9971,nan,nan,nan,nan,-0.2853,0.9992,1.5949,0.9927,nan,nan,1.0938,0.9954,nan,nan,4,
cnn,mup,swish,8,512,1,10,8.3993525e-05,7.970685e-05,9.426642e-05,nan,nan,nan,0.9404,135.25865,0.7696972868038057,nan,nan,nan,nan,,,0,0.21155000000000002,2.1625,0.9971,nan,nan,nan,nan,-0.2853,0.9992,1.5949,0.9927,nan,nan,1.0938,0.9954,nan,nan,4,
cnn,mup,tanh,1,64,1,10,0.0066364635,0.004401806,0.009479835,nan,nan,nan,8.56715,75.1817,18.67160810581352,nan,nan,nan,nan,,,0,2.15315,1.4891,0.9925,nan,nan,nan,nan,-0.3308,0.9987,0.8255,0.9686,nan,nan,0.8318,0.9982,nan,nan,4,
cnn,mup,tanh,2,128,1,10,0.00206845,0.001740584,0.002857593,nan,nan,nan,4.563,92.34899999999999,8.801910211332478,nan,nan,nan,nan,,,0,1.1466,1.4891,0.9925,nan,nan,nan,nan,-0.3308,0.9987,0.8255,0.9686,nan,nan,0.8318,0.9982,nan,nan,4,
cnn,mup,tanh,4,256,1,10,0.0006771803,0.000604185,0.001205161,nan,nan,nan,2.6217,117.3605,4.641421662293618,nan,nan,nan,nan,,,0,0.69325,1.4891,0.9925,nan,nan,nan,nan,-0.3308,0.9987,0.8255,0.9686,nan,nan,0.8318,0.9982,nan,nan,4,
cnn,mup,tanh,8,512,1,10,0.00030859005,0.0002550538,0.0003689992,nan,nan,nan,0.8278300000000001,149.0426,3.431197642496066,nan,nan,nan,nan,,,0,0.37265000000000004,1.4891,0.9925,nan,nan,nan,nan,-0.3308,0.9987,0.8255,0.9686,nan,nan,0.8318,0.9982,nan,nan,4,
cnn,ntk,gelu,1,64,1,10,0.0012239745,0.0009186233,0.00191496,nan,nan,nan,8.5273,211.4317,27.39811263556564,nan,nan,nan,nan,,,0,5.543749999999999,2.5929,0.9893,nan,nan,nan,nan,-0.995,1.0,0.6037,0.8454,nan,nan,0.0994,0.4053,nan,nan,4,
cnn,ntk,gelu,2,128,1,10,0.00035409155000000003,0.0001268651,0.0004472736,nan,nan,nan,7.93635,416.74335,30.665423807775447,nan,nan,nan,nan,,,0,5.39125,2.5929,0.9893,nan,nan,nan,nan,-0.995,1.0,0.6037,0.8454,nan,nan,0.0994,0.4053,nan,nan,4,
cnn,ntk,gelu,4,256,1,10,3.870069e-05,3.095942e-05,5.338067e-05,nan,nan,nan,9.059000000000001,832.4863499999999,13.358012285829222,nan,nan,nan,nan,,,0,4.073650000000001,2.5929,0.9893,nan,nan,nan,nan,-0.995,1.0,0.6037,0.8454,nan,nan,0.0994,0.4053,nan,nan,4,
cnn,ntk,gelu,8,512,1,10,6.404378e-06,3.395125e-06,1.097776e-05,nan,nan,nan,8.668299999999999,1672.87085,8.959703307277795,nan,nan,nan,nan,,,0,4.838,2.5929,0.9893,nan,nan,nan,nan,-0.995,1.0,0.6037,0.8454,nan,nan,0.0994,0.4053,nan,nan,4,
cnn,ntk,softplus,1,64,1,10,0.001224239,0.0006406895,0.002097196,nan,nan,nan,8.8736,212.648,27.813883377293024,nan,nan,nan,nan,,,0,5.411250000000001,2.2562,0.9809,nan,nan,nan,nan,-0.9925,0.9999,0.2722,0.4195,nan,nan,0.0884,0.3952,nan,nan,4,
cnn,ntk,softplus,2,128,1,10,0.00027793925000000003,0.0002029681,0.0005305433,nan,nan,nan,8.4097,416.08405,24.027837507460063,nan,nan,nan,nan,,,0,4.6208,2.2562,0.9809,nan,nan,nan,nan,-0.9925,0.9999,0.2722,0.4195,nan,nan,0.0884,0.3952,nan,nan,4,
cnn,ntk,softplus,4,256,1,10,3.3947315e-05,2.131468e-05,7.148861e-05,nan,nan,nan,8.9831,832.6426,11.785944615453747,nan,nan,nan,nan,,,0,5.40385,2.2562,0.9809,nan,nan,nan,nan,-0.9925,0.9999,0.2722,0.4195,nan,nan,0.0884,0.3952,nan,nan,4,
cnn,ntk,softplus,8,512,1,10,1.343579e-05,7.21354e-06,1.980823e-05,nan,nan,nan,10.484,1671.4618500000001,18.80171399331227,nan,nan,nan,nan,,,0,4.1876,2.2562,0.9809,nan,nan,nan,nan,-0.9925,0.9999,0.2722,0.4195,nan,nan,0.0884,0.3952,nan,nan,4,
cnn,ntk,swish,1,64,1,10,0.00125719965,0.0008832742,0.002492065,nan,nan,nan,8.0133,211.5342,28.309944988034108,nan,nan,nan,nan,,,0,4.81505,2.3124,0.9779,nan,nan,nan,nan,-0.995,0.9999,0.3253,0.4469,nan,nan,0.125,0.28,nan,nan,4,
cnn,ntk,swish,2,128,1,10,0.0001920103,0.0001108498,0.0003781587,nan,nan,nan,7.140000000000001,415.74245,16.60489492095637,nan,nan,nan,nan,,,0,5.9871,2.3124,0.9779,nan,nan,nan,nan,-0.995,0.9999,0.3253,0.4469,nan,nan,0.125,0.28,nan,nan,4,
cnn,ntk,swish,4,256,1,10,2.823478e-05,1.599655e-05,8.17242e-05,nan,nan,nan,8.931,832.2987,9.754813990826813,nan,nan,nan,nan,,,0,5.540699999999999,2.3124,0.9779,nan,nan,nan,nan,-0.995,0.9999,0.3253,0.4469,nan,nan,0.125,0.28,nan,nan,4,
cnn,ntk,swish,8,512,1,10,1.1392529999999998e-05,9.144378e-06,1.817368e-05,nan,nan,nan,8.81935,1672.187,15.941264415868108,nan,nan,nan,nan,,,0,3.7015000000000002,2.3124,0.9779,nan,nan,nan,nan,-0.995,0.9999,0.3253,0.4469,nan,nan,0.125,0.28,nan,nan,4,
cnn,ntk,tanh,1,64,1,10,0.00052288605,0.0002141978,0.0006543635,nan,nan,nan,12.905,215.85264999999998,12.134881224259722,nan,nan,nan,nan,,,0,2.9818,2.6623,0.9806,nan,nan,nan,nan,-0.9855,0.9999,0.6892,0.7859,nan,nan,0.3002,0.9785,nan,nan,4,
cnn,ntk,tanh,2,128,1,10,0.00012273735,8.938989e-05,0.0001800378,nan,nan,nan,10.399,419.92785000000003,10.798879445881695,nan,nan,nan,nan,,,0,2.64565,2.6623,0.9806,nan,nan,nan,nan,-0.9855,0.9999,0.6892,0.7859,nan,nan,0.3002,0.9785,nan,nan,4,
cnn,ntk,tanh,4,256,1,10,2.455997e-05,2.017097e-05,2.761509e-05,nan,nan,nan,8.069749999999999,835.5667,8.57899249530804,nan,nan,nan,nan,,,0,2.0663,2.6623,0.9806,nan,nan,nan,nan,-0.9855,0.9999,0.6892,0.7859,nan,nan,0.3002,0.9785,nan,nan,4,
cnn,ntk,tanh,8,512,1,10,1.9049234999999999e-06,1.828403e-06,2.529156e-06,nan,nan,nan,5.2537,1672.80745,2.6653682519662047,nan,nan,nan,nan,,,0,1.6181,2.6623,0.9806,nan,nan,nan,nan,-0.9855,0.9999,0.6892,0.7859,nan,nan,0.3002,0.9785,nan,nan,4,
cnn,sp,gelu,1,64,1,10,0.010829721,0.00780196,0.01288211,nan,nan,nan,8.9947,52.346050000000005,15.034903021384888,nan,nan,nan,nan,,,0,1.72665,1.5256,0.9984,nan,nan,nan,nan,-0.0425,0.6217,1.4457,0.9992,nan,nan,1.0496,0.9967,nan,nan,4,
cnn,sp,gelu,2,128,1,10,0.004145148499999999,0.003525541,0.004747233,nan,nan,nan,2.23875,53.2624,5.902074057483466,nan,nan,nan,nan,,,0,0.74255,1.5256,0.9984,nan,nan,nan,nan,-0.0425,0.6217,1.4457,0.9992,nan,nan,1.0496,0.9967,nan,nan,4,
cnn,sp,gelu,4,256,1,10,0.0014357415,0.001332906,0.001640722,nan,nan,nan,0.9743550000000001,52.57145,1.9934503078163461,nan,nan,nan,nan,,,0,0.40175,1.5256,0.9984,nan,nan,nan,nan,-0.0425,0.6217,1.4457,0.9992,nan,nan,1.0496,0.9967,nan,nan,4,
cnn,sp,gelu,8,512,1,10,0.00045426315,0.0003893672,0.0005173711,nan,nan,nan,0.70072,58.00365,0.7648204739152786,nan,nan,nan,nan,,,0,0.18745,1.5256,0.9984,nan,nan,nan,nan,-0.0425,0.6217,1.4457,0.9992,nan,nan,1.0496,0.9967,nan,nan,4,
cnn,sp,softplus,1,64,1,10,0.0031836135,0.0031074,0.004703229,nan,nan,nan,13.772,50.135549999999995,4.013652163687403,nan,nan,nan,nan,,,0,0.8398,0.6937,0.9958,nan,nan,nan,nan,-0.0971,0.992,0.5007,0.9966,nan,nan,0.3473,0.8973,nan,nan,4,
cnn,sp,softplus,2,128,1,10,0.00203178,0.001766117,0.003064015,nan,nan,nan,14.928,52.7458,2.880943262659672,nan,nan,nan,nan,,,0,0.5660499999999999,0.6937,0.9958,nan,nan,nan,nan,-0.0971,0.992,0.5007,0.9966,nan,nan,0.3473,0.8973,nan,nan,4,
cnn,sp,softplus,4,256,1,10,0.0013134205,0.001236888,0.001730062,nan,nan,nan,23.166999999999998,56.7327,2.105941136029444,nan,nan,nan,nan,,,0,0.4279,0.6937,0.9958,nan,nan,nan,nan,-0.0971,0.992,0.5007,0.9966,nan,nan,0.3473,0.8973,nan,nan,4,
cnn,sp,softplus,8,512,1,10,0.0007412467999999999,0.0006670382,0.0009185846,nan,nan,nan,30.794999999999998,61.23925,1.4012477754333443,nan,nan,nan,nan,,,0,0.4132,0.6937,0.9958,nan,nan,nan,nan,-0.0971,0.992,0.5007,0.9966,nan,nan,0.3473,0.8973,nan,nan,4,
cnn,sp,swish,1,64,1,10,0.01222838,0.008565677,0.01584074,nan,nan,nan,9.5412,52.45805,16.994813543631608,nan,nan,nan,nan,,,0,1.6823000000000001,1.4292,0.9993,nan,nan,nan,nan,-0.0515,0.8063,1.3266,0.999,nan,nan,0.938,0.9852,nan,nan,4,
cnn,sp,swish,2,128,1,10,0.0048885915,0.003558849,0.006202476,nan,nan,nan,2.069,53.370000000000005,6.972914222284413,nan,nan,nan,nan,,,0,0.7941499999999999,1.4292,0.9993,nan,nan,nan,nan,-0.0515,0.8063,1.3266,0.999,nan,nan,0.938,0.9852,nan,nan,4,
cnn,sp,swish,4,256,1,10,0.001760173,0.001573943,0.001859542,nan,nan,nan,0.83145,53.981700000000004,2.5643845195334802,nan,nan,nan,nan,,,0,0.52095,1.4292,0.9993,nan,nan,nan,nan,-0.0515,0.8063,1.3266,0.999,nan,nan,0.938,0.9852,nan,nan,4,
cnn,sp,swish,8,512,1,10,0.00063267415,0.0004692405,0.0006733624,nan,nan,nan,0.65059,58.86555,1.1065825816193637,nan,nan,nan,nan,,,0,0.2217,1.4292,0.9993,nan,nan,nan,nan,-0.0515,0.8063,1.3266,0.999,nan,nan,0.938,0.9852,nan,nan,4,
cnn,sp,tanh,1,64,1,10,0.009441581000000001,0.007636828,0.01226185,nan,nan,nan,6.8735,55.8994,14.947573637612075,nan,nan,nan,nan,,,0,1.7445,1.1975,0.9866,nan,nan,nan,nan,-0.0435,0.7155,1.1118,0.9949,nan,nan,0.8022,0.995,nan,nan,4,
cnn,sp,tanh,2,128,1,10,0.0048550185,0.004383,0.005730268,nan,nan,nan,5.9103,56.3059,7.655201306000751,nan,nan,nan,nan,,,0,0.89205,1.1975,0.9866,nan,nan,nan,nan,-0.0435,0.7155,1.1118,0.9949,nan,nan,0.8022,0.995,nan,nan,4,
cnn,sp,tanh,4,256,1,10,0.00226514,0.002004983,0.002724676,nan,nan,nan,2.6427,56.6734,3.647581991854606,nan,nan,nan,nan,,,0,0.5398000000000001,1.1975,0.9866,nan,nan,nan,nan,-0.0435,0.7155,1.1118,0.9949,nan,nan,0.8022,0.995,nan,nan,4,
cnn,sp,tanh,8,512,1,10,0.00076515435,0.0006624673,0.00102339,nan,nan,nan,1.6764000000000001,61.682900000000004,1.4666228466330615,nan,nan,nan,nan,,,0,0.32315,1.1975,0.9866,nan,nan,nan,nan,-0.0435,0.7155,1.1118,0.9949,nan,nan,0.8022,0.995,nan,nan,4,
mlp,mup,gelu,64,64,1,10,0.0015922185,0.001463182,0.001964754,nan,nan,nan,0.15028999999999998,27.9337,0.6238829654547706,nan,nan,nan,nan,2.358521145182021,0.7,21,0.067,2.3271,0.9902,nan,nan,nan,nan,-0.4577,0.9984,1.4125,0.966,nan,nan,1.1573,0.9643,-0.2534,0.9212,7,
mlp,mup,gelu,128,128,1,10,0.00017593345000000002,0.0001621968,0.0002597909,nan,nan,nan,0.041883000000000004,37.076750000000004,0.12041290738811244,nan,nan,nan,nan,3.5131136233615603,0.25,21,0.02035,2.3271,0.9902,nan,nan,nan,nan,-0.4577,0.9984,1.4125,0.966,nan,nan,1.1573,0.9643,-0.2534,0.9212,7,
mlp,mup,gelu,256,256,1,10,2.979857e-05,2.379048e-05,3.694268e-05,nan,nan,nan,0.026316000000000003,49.71955,0.03685095355329319,nan,nan,nan,nan,3.7004527398462406,0.25,21,0.0068,2.3271,0.9902,nan,nan,nan,nan,-0.4577,0.9984,1.4125,0.966,nan,nan,1.1573,0.9643,-0.2534,0.9212,7,
mlp,mup,gelu,512,512,1,10,6.2543055000000005e-06,4.58318e-06,7.984857e-06,nan,nan,nan,0.0159055,67.40039999999999,0.01418786988955231,nan,nan,nan,nan,4.955263218274195,0.75,21,0.0026,2.3271,0.9902,nan,nan,nan,nan,-0.4577,0.9984,1.4125,0.966,nan,nan,1.1573,0.9643,-0.2534,0.9212,7,
mlp,mup,gelu,1024,1024,1,10,1.17075e-06,9.048903e-07,1.582979e-06,nan,nan,nan,0.017518000000000002,94.26275,0.005210256741929189,nan,nan,nan,nan,5.9197317958573565,0.75,21,0.0014,2.3271,0.9902,nan,nan,nan,nan,-0.4577,0.9984,1.4125,0.966,nan,nan,1.1573,0.9643,-0.2534,0.9212,7,
mlp,mup,gelu,2048,2048,1,10,2.692331e-07,1.984649e-07,3.273618e-07,nan,nan,nan,0.019876,132.13145,0.0023469087648430153,nan,nan,nan,nan,7.0047535017054,0.7,21,0.0008,2.3271,0.9902,nan,nan,nan,nan,-0.4577,0.9984,1.4125,0.966,nan,nan,1.1573,0.9643,-0.2534,0.9212,7,
mlp,mup,gelu,4096,4096,1,10,1.0214921500000001e-07,7.526045e-08,1.323398e-07,nan,nan,nan,0.019313,186.8622,0.001778015622477686,nan,nan,nan,nan,6.557130174715488,0.7,21,0.0005499999999999999,2.3271,0.9902,nan,nan,nan,nan,-0.4577,0.9984,1.4125,0.966,nan,nan,1.1573,0.9643,-0.2534,0.9212,7,
mlp,mup,relu,64,64,0,10,0.001436723,0.001275467,0.001938983,0.0010807075,3.203e-05,3.3250605,0.1382405,28.073156,0.5674345358761186,1.4054541749121277,1.3294281755239046,0.00043208928078150756,0.011469799029546802,2.086363898956166,0.25,9,0.0673,2.3484,0.9931,2.2913,0.998,0.0571,0.227,-0.4567,0.9982,1.4363,0.9744,0.4664,0.7975,1.1939,0.9739,-0.2197,0.7357,7,0.0
mlp,mup,relu,128,128,0,10,0.00021973975,0.0001939946,0.0002357596,0.0001683086,6.675e-06,1.3012505,0.05196162,37.320283,0.15339836546283653,1.3086157675465806,1.305576482722808,0.0001688681387634433,0.025184283703432103,2.953051507521966,0.75,9,0.0216,2.3484,0.9931,2.2913,0.998,0.0571,0.227,-0.4567,0.9982,1.4363,0.9744,0.4664,0.7975,1.1939,0.9739,-0.2197,0.7357,7,0.0
mlp,mup,relu,256,256,0,10,2.994598e-05,2.753337e-05,3.186274e-05,3.159017e-05,1.5305e-06,0.66845135,0.023455715000000002,49.649728499999995,0.03664190462376028,0.9693035231463352,0.9479524801544278,4.4799041845004874e-05,0.01713704335559701,4.449216555945072,0.25,9,0.0078,2.3484,0.9931,2.2913,0.998,0.0571,0.227,-0.4567,0.9982,1.4363,0.9744,0.4664,0.7975,1.1939,0.9739,-0.2197,0.7357,7,0.0
mlp,mup,relu,512,512,0,10,5.6827185e-06,4.326525e-06,6.309302e-06,6.2579910000000004e-06,3.8175e-07,0.5253296000000001,0.02002906,67.6852355,0.013017423470379137,0.9266739214513416,0.9080739329922333,1.0817434425929928e-05,0.06262380280482528,5.074674207423789,0.25,9,0.0031,2.3484,0.9931,2.2913,0.998,0.0571,0.227,-0.4567,0.9982,1.4363,0.9744,0.4664,0.7975,1.1939,0.9739,-0.2197,0.7357,7,0.0
mlp,mup,relu,1024,1024,0,10,1.2217865e-06,1.130486e-06,1.54087e-06,1.3392245000000002e-06,1.043e-07,0.4413287,0.019495110000000003,93.76265649999999,0.005405901506274836,0.9144602634620906,0.9123089519344963,2.7684274782038876e-06,0.04546215630331879,5.09204472303467,0.75,9,0.0012,2.3484,0.9931,2.2913,0.998,0.0571,0.227,-0.4567,0.9982,1.4363,0.9744,0.4664,0.7975,1.1939,0.9739,-0.2197,0.7357,7,0.0
mlp,mup,relu,2048,2048,0,10,2.8618124999999997e-07,2.66003e-07,3.283183e-07,3.1740304999999997e-07,2.579e-08,0.49700315000000006,0.01823036,132.2955805,0.002495137992773183,0.9630623610366967,0.9016335854365608,5.758137549027605e-07,0.0338053165562333,6.288133831269519,0.25,9,0.0008,2.3484,0.9931,2.2913,0.998,0.0571,0.227,-0.4567,0.9982,1.4363,0.9744,0.4664,0.7975,1.1939,0.9739,-0.2197,0.7357,7,0.0
mlp,mup,relu,4096,4096,0,10,8.828404000000001e-08,7.399858e-08,9.891937e-08,7.4122415e-08,6.0070000000000005e-09,0.3549462,0.01894704,187.5351405,0.0015412932363792582,1.1828104053245603,1.1910572530590107,2.487251307381232e-07,0.03887791208841705,4.990841492981064,0.75,9,0.0005,2.3484,0.9931,2.2913,0.998,0.0571,0.227,-0.4567,0.9982,1.4363,0.9744,0.4664,0.7975,1.1939,0.9739,-0.2197,0.7357,7,0.0
mlp,mup,softplus,64,64,1,10,0.00068198445,0.0006067624,0.0008056826,0.00096059935,3.599e-05,3.1195075,0.18244,27.207549999999998,0.25410146106109444,0.7427861887275744,0.7099572261838403,0.0002186192692275944,0.0073650598484733005,3.7137884888724364,0.8,25,0.060450000000000004,2.2233,0.99,2.2684,0.9983,-0.0451,0.1051,-0.4497,0.9979,1.324,0.9617,0.4794,0.8364,1.2055,0.9817,-0.1411,0.4852,7,0.0
mlp,mup,softplus,128,128,1,10,8.108026e-05,7.551508e-05,0.0001040673,0.00015671769999999998,6.06e-06,1.1140915,0.0709195,35.3347,0.050152802441293,0.5324817374613213,0.5173650455564368,7.277702055890382e-05,0.008540619213857042,6.479345897509456,0.25,25,0.0178,2.2233,0.99,2.2684,0.9983,-0.0451,0.1051,-0.4497,0.9979,1.324,0.9617,0.4794,0.8364,1.2055,0.9817,-0.1411,0.4852,7,0.0
mlp,mup,softplus,256,256,1,10,1.29013e-05,9.776596e-06,1.687344e-05,2.755631e-05,1.536e-06,0.6785950999999999,0.034707999999999996,47.225350000000006,0.01446646666273756,0.4713688039728843,0.4681795204074856,1.901177889436573e-05,0.022167485365816197,7.098192430220211,0.75,25,0.006200000000000001,2.2233,0.99,2.2684,0.9983,-0.0451,0.1051,-0.4497,0.9979,1.324,0.9617,0.4794,0.8364,1.2055,0.9817,-0.1411,0.4852,7,0.0
mlp,mup,softplus,512,512,1,10,2.9819914999999997e-06,2.757954e-06,3.853952e-06,6.36911e-06,3.666e-07,0.4856204,0.027852999999999996,64.26905,0.00613089489031605,0.4913902789145791,0.4681959488845379,6.140581202931342e-06,0.004791501884267359,9.674834753888469,0.75,25,0.00295,2.2233,0.99,2.2684,0.9983,-0.0451,0.1051,-0.4497,0.9979,1.324,0.9617,0.4794,0.8364,1.2055,0.9817,-0.1411,0.4852,7,0.0
mlp,mup,softplus,1024,1024,1,10,8.02629e-07,7.503551e-07,1.037293e-06,1.39745e-06,8.084500000000001e-08,0.4662948,0.019628,88.5643,0.0031532781245878507,0.6302955709545144,0.5743525707538731,1.7212909086697943e-06,0.1011952153393339,7.714868264166881,0.3,25,0.0013,2.2233,0.99,2.2684,0.9983,-0.0451,0.1051,-0.4497,0.9979,1.324,0.9617,0.4794,0.8364,1.2055,0.9817,-0.1411,0.4852,7,0.0
mlp,mup,softplus,2048,2048,1,10,1.716717e-07,1.455533e-07,2.316163e-07,2.910682e-07,2.6609999999999998e-08,0.42052080000000003,0.025618,124.04205,0.0013188617199450126,0.6076957605420847,0.5897988856219951,4.082359303035664e-07,0.07153420346101241,8.011317532243229,0.25,25,0.0006,2.2233,0.99,2.2684,0.9983,-0.0451,0.1051,-0.4497,0.9979,1.324,0.9617,0.4794,0.8364,1.2055,0.9817,-0.1411,0.4852,7,0.0
mlp,mup,softplus,4096,4096,1,10,5.9165840000000004e-08,4.904143e-08,6.662334e-08,7.270985e-08,6.0735e-09,0.3044359,0.022669,175.2597,0.0009101249792665166,0.8286984006392355,0.8137252380523409,1.94345804814741e-07,0.041011298442620456,7.813088599773112,0.25,25,0.0004,2.2233,0.99,2.2684,0.9983,-0.0451,0.1051,-0.4497,0.9979,1.324,0.9617,0.4794,0.8364,1.2055,0.9817,-0.1411,0.4852,7,0.0
mlp,mup,swish,64,64,1,10,0.0013588915,0.00124694,0.001531827,nan,nan,nan,0.14092,27.28815,0.5040012458926636,nan,nan,nan,nan,2.325943241237435,0.7,21,0.059050000000000005,2.3481,0.9914,nan,nan,nan,nan,-0.4588,0.9987,1.4286,0.97,nan,nan,1.1858,0.9743,-0.1908,0.536,7,
mlp,mup,swish,128,128,1,10,0.00018513595,0.0001595311,0.0002279968,nan,nan,nan,0.038596,36.33585,0.12117634501832891,nan,nan,nan,nan,3.1072603673138577,0.25,21,0.018349999999999998,2.3481,0.9914,nan,nan,nan,nan,-0.4588,0.9987,1.4286,0.97,nan,nan,1.1858,0.9743,-0.1908,0.536,7,
mlp,mup,swish,256,256,1,10,2.2886104999999998e-05,1.914835e-05,2.544956e-05,nan,nan,nan,0.028318,48.7023,0.02706654251727951,nan,nan,nan,nan,5.854829819228742,0.25,21,0.0077,2.3481,0.9914,nan,nan,nan,nan,-0.4588,0.9987,1.4286,0.97,nan,nan,1.1858,0.9743,-0.1908,0.536,7,
mlp,mup,swish,512,512,1,10,4.920747e-06,3.902058e-06,5.763323e-06,nan,nan,nan,0.018707,66.93025,0.010998370887538106,nan,nan,nan,nan,6.714940841299096,0.7,21,0.0029,2.3481,0.9914,nan,nan,nan,nan,-0.4588,0.9987,1.4286,0.97,nan,nan,1.1858,0.9743,-0.1908,0.536,7,
mlp,mup,swish,1024,1024,1,10,1.195591e-06,8.099632e-07,1.467795e-06,nan,nan,nan,0.016397,92.26865000000001,0.005090774169171798,nan,nan,nan,nan,5.233326865123608,0.3,21,0.0012,2.3481,0.9914,nan,nan,nan,nan,-0.4588,0.9987,1.4286,0.97,nan,nan,1.1858,0.9743,-0.1908,0.536,7,
mlp,mup,swish,2048,2048,1,10,2.3609135e-07,1.839126e-07,3.280685e-07,nan,nan,nan,0.016930999999999998,129.6384,0.0019849278375136045,nan,nan,nan,nan,5.582087187861817,0.3,21,0.0006,2.3481,0.9914,nan,nan,nan,nan,-0.4588,0.9987,1.4286,0.97,nan,nan,1.1858,0.9743,-0.1908,0.536,7,
mlp,mup,swish,4096,4096,1,10,7.814293499999999e-08,6.436217e-08,1.203575e-07,nan,nan,nan,0.018709999999999997,183.74415,0.001321283307200551,nan,nan,nan,nan,5.613134443951971,0.25,21,0.0005,2.3481,0.9914,nan,nan,nan,nan,-0.4588,0.9987,1.4286,0.97,nan,nan,1.1858,0.9743,-0.1908,0.536,7,
mlp,mup,tanh,64,64,1,10,0.00697553,0.005609448,0.007839415,0.0022726730000000002,6.652000000000001e-05,5.419961000000001,0.24543999999999996,29.501350000000002,3.0446495294187907,2.9985122651350773,3.069306495039101,0.0012870074157360172,0.004571576552180797,1.396397119645389,0.3,25,0.16235,1.8752,0.9863,2.4247,0.9988,-0.5496,0.9208,-0.4817,0.997,0.9139,0.9199,0.8934,0.9428,0.7927,0.9604,-0.1682,0.7881,7,0.0001
mlp,mup,tanh,128,128,1,10,0.00092116455,0.000733968,0.001022362,0.0003126394,8.682e-06,1.4488285,0.054035,37.918,0.6618451050436114,2.9325314714464303,2.946412224434924,0.0006357995787631179,0.00805651946931802,1.8148196215323311,0.8,25,0.05935,1.8752,0.9863,2.4247,0.9988,-0.5496,0.9208,-0.4817,0.997,0.9139,0.9199,0.8934,0.9428,0.7927,0.9604,-0.1682,0.7881,7,0.0001
mlp,mup,tanh,256,256,1,10,0.0001854495,0.0001592376,0.0002890737,5.793375e-05,1.9755e-06,0.6564003,0.0228205,51.41155,0.24715892231719092,3.2971143922457227,3.2010615573823546,0.00028252500798674223,0.00869399429386444,2.56642185608481,0.25,25,0.02665,1.8752,0.9863,2.4247,0.9988,-0.5496,0.9208,-0.4817,0.997,0.9139,0.9199,0.8934,0.9428,0.7927,0.9604,-0.1682,0.7881,7,0.0001
mlp,mup,tanh,512,512,1,10,6.6269795e-05,6.203605e-05,7.984901e-05,1.1911605e-05,4.3615e-07,0.34842275,0.0109815,72.63650000000001,0.17649772729004348,5.774786901933162,5.56346478916989,0.00019019939140024585,0.010576309517580311,2.4579674646647085,0.2,25,0.018349999999999998,1.8752,0.9863,2.4247,0.9988,-0.5496,0.9208,-0.4817,0.997,0.9139,0.9199,0.8934,0.9428,0.7927,0.9604,-0.1682,0.7881,7,0.0001
mlp,mup,tanh,1024,1024,1,10,2.3726365e-05,2.042592e-05,2.704276e-05,2.7106665e-06,1.017e-07,0.24480065,0.0073988,104.0113,0.12836800053235314,9.255446550783645,8.752963523915612,9.692116830572141e-05,0.012228708616098989,2.43386987429385,0.75,25,0.011300000000000001,1.8752,0.9863,2.4247,0.9988,-0.5496,0.9208,-0.4817,0.997,0.9139,0.9199,0.8934,0.9428,0.7927,0.9604,-0.1682,0.7881,7,0.0001
mlp,mup,tanh,2048,2048,1,10,7.1632495e-06,6.233513e-06,7.424263e-06,4.421782e-07,1.759e-08,0.15250595,0.004698,149.20085,0.07907848105294889,15.83949854704182,16.199915554407703,4.697029525733258e-05,0.02749989036021964,2.524911354825767,0.25,25,0.00715,1.8752,0.9863,2.4247,0.9988,-0.5496,0.9208,-0.4817,0.997,0.9139,0.9199,0.8934,0.9428,0.7927,0.9604,-0.1682,0.7881,7,0.0001
mlp,mup,tanh,4096,4096,1,10,1.900621e-06,1.67783e-06,1.983299e-06,7.7076595e-08,3.1535e-09,0.10434199999999999,0.0036392,211.1252,0.04225136440546379,23.90593212452399,24.658860449141535,1.8215301604339577e-05,0.042758842656073125,3.385216463461153,0.3,25,0.00525,1.8752,0.9863,2.4247,0.9988,-0.5496,0.9208,-0.4817,0.997,0.9139,0.9199,0.8934,0.9428,0.7927,0.9604,-0.1682,0.7881,7,0.0001
mlp,ntk,gelu,64,64,1,10,1.32289e-05,1.118462e-05,1.502894e-05,nan,nan,nan,0.30904,321.7472,0.6836246078253247,nan,nan,nan,nan,6.810021241373055,0.75,21,0.4662,1.7613,0.9911,nan,nan,nan,nan,-0.7063,0.9909,0.3484,0.9841,nan,nan,-0.2166,0.9905,-0.5595,0.9944,7,
mlp,ntk,gelu,128,128,1,10,5.0931065e-06,4.140059e-06,5.798225e-06,nan,nan,nan,0.2632,466.0991,0.5535896141542177,nan,nan,nan,nan,9.271179583619546,0.75,21,0.52075,1.7613,0.9911,nan,nan,nan,nan,-0.7063,0.9909,0.3484,0.9841,nan,nan,-0.2166,0.9905,-0.5595,0.9944,7,
mlp,ntk,gelu,256,256,1,10,1.671581e-06,1.651396e-06,1.871156e-06,nan,nan,nan,0.20961999999999997,697.7176,0.40700577504416374,nan,nan,nan,nan,13.49805962140034,0.75,21,0.5721,1.7613,0.9911,nan,nan,nan,nan,-0.7063,0.9909,0.3484,0.9841,nan,nan,-0.2166,0.9905,-0.5595,0.9944,7,
mlp,ntk,gelu,512,512,1,10,6.2898615e-07,5.692603e-07,6.898034e-07,nan,nan,nan,0.16698,1097.8991,0.37893912610638014,nan,nan,nan,nan,18.1008119177187,0.75,21,0.69835,1.7613,0.9911,nan,nan,nan,nan,-0.7063,0.9909,0.3484,0.9841,nan,nan,-0.2166,0.9905,-0.5595,0.9944,7,
mlp,ntk,gelu,1024,1024,1,10,1.7190685000000002e-07,1.454198e-07,1.839362e-07,nan,nan,nan,0.14388499999999999,1837.65075,0.29003775683086547,nan,nan,nan,nan,28.82283922950132,0.25,21,0.83625,1.7613,0.9911,nan,nan,nan,nan,-0.7063,0.9909,0.3484,0.9841,nan,nan,-0.2166,0.9905,-0.5595,0.9944,7,
mlp,ntk,gelu,2048,2048,1,10,3.782658e-08,3.082688e-08,4.396908e-08,nan,nan,nan,0.11134000000000001,3275.286,0.2029409613635418,nan,nan,nan,nan,46.08572860670989,0.2,21,0.9761,1.7613,0.9911,nan,nan,nan,nan,-0.7063,0.9909,0.3484,0.9841,nan,nan,-0.2166,0.9905,-0.5595,0.9944,7,
mlp,ntk,gelu,4096,4096,1,10,8.352614e-09,7.174968e-09,9.269773e-09,nan,nan,nan,0.099559,6128.52855,0.15691424700282677,nan,nan,nan,nan,67.75448380590795,0.2,21,1.0972,1.7613,0.9911,nan,nan,nan,nan,-0.7063,0.9909,0.3484,0.9841,nan,nan,-0.2166,0.9905,-0.5595,0.9944,7,
mlp,ntk,relu,4096,4096,0,10,9.9912935e-09,9.499424e-09,1.078028e-08,7.9266775e-08,6.475500000000001e-09,0.2840904,0.1068222,6128.0047315,0.18756337746954785,0.1247112204121323,0.12604642361191054,3.5169416143593726e-08,0.029047641653592082,48.766608647819226,0.25,9,1.04125,nan,nan,nan,nan,nan,nan,nan,nan,nan,nan,nan,nan,nan,nan,nan,nan,1,
mlp,ntk,softplus,64,64,1,10,4.9082615e-06,4.684182e-06,8.016581e-06,0.0001520999,1.5005e-05,1.7326655,0.6751199999999999,321.36215,0.2521200144471175,0.03636067295218953,0.03226998505587446,2.8327807646657708e-06,0.04002888926111692,22.15120363900742,0.8,25,0.5205,1.8002,0.9825,1.7605,0.9961,0.0397,0.0792,-0.7067,0.991,0.3856,0.9255,0.3705,0.9753,-0.1678,0.9094,-0.4947,0.921,7,0.0
mlp,ntk,softplus,128,128,1,10,2.4877005e-06,2.151442e-06,2.787998e-06,5.2351105e-05,4.358e-06,1.2519520000000002,0.55194,465.47685,0.2688567315211482,0.05040875755372154,0.0475195413735775,1.987057411146753e-06,0.005395421197674365,18.349558156216958,0.8,25,0.4901,1.8002,0.9825,1.7605,0.9961,0.0397,0.0792,-0.7067,0.991,0.3856,0.9255,0.3705,0.9753,-0.1678,0.9094,-0.4947,0.921,7,0.0
mlp,ntk,softplus,256,256,1,10,8.276238e-07,6.973694e-07,1.00197e-06,1.831557e-05,1.8145e-06,1.2409265,0.43150999999999995,698.1981499999999,0.2015414072347007,0.04669043599557331,0.04518689836024759,6.669402257103865e-07,0.006524986417837796,31.949600772718235,0.2,25,0.6451,1.8002,0.9825,1.7605,0.9961,0.0397,0.0792,-0.7067,0.991,0.3856,0.9255,0.3705,0.9753,-0.1678,0.9094,-0.4947,0.921,7,0.0
mlp,ntk,softplus,512,512,1,10,2.9425784999999997e-07,2.669944e-07,3.818681e-07,5.793787e-06,5.5715e-07,0.75480835,0.33089500000000005,1098.7037500000001,0.17748214482053043,0.048845349914847236,0.05078851707872588,3.898444552183345e-07,0.06867040648938916,33.34770338327423,0.2,25,0.597,1.8002,0.9825,1.7605,0.9961,0.0397,0.0792,-0.7067,0.991,0.3856,0.9255,0.3705,0.9753,-0.1678,0.9094,-0.4947,0.921,7,0.0
mlp,ntk,softplus,1024,1024,1,10,7.278795000000001e-08,6.348641e-08,7.479596e-08,1.6185225000000001e-06,1.704e-07,0.6104969499999999,0.25417999999999996,1838.88975,0.12311931875983895,0.043841464942736094,0.044971849325542275,1.1922737697542964e-07,0.04775006198449731,58.29787073272429,0.2,25,0.7723,1.8002,0.9825,1.7605,0.9961,0.0397,0.0792,-0.7067,0.991,0.3856,0.9255,0.3705,0.9753,-0.1678,0.9094,-0.4947,0.921,7,0.0
mlp,ntk,softplus,2048,2048,1,10,1.543217e-08,1.320254e-08,1.676412e-08,4.0427920000000003e-07,3.6645e-08,0.45425465,0.20142,3275.63205,0.08283072347468451,0.03630190334966314,0.03817206029892213,3.397250859182179e-08,0.016375121180798216,90.68154381399374,0.8,25,0.881,1.8002,0.9825,1.7605,0.9961,0.0397,0.0792,-0.7067,0.991,0.3856,0.9255,0.3705,0.9753,-0.1678,0.9094,-0.4947,0.921,7,0.0
mlp,ntk,softplus,4096,4096,1,10,2.860903e-09,2.603156e-09,3.347479e-09,9.890167500000001e-08,9.692e-09,0.39260364999999997,0.18861,6128.95995,0.05375135627503376,0.029095915984677746,0.028926739612852866,7.287000515660005e-09,0.05285160891179469,153.33461148455575,0.15,25,0.9818,1.8002,0.9825,1.7605,0.9961,0.0397,0.0792,-0.7067,0.991,0.3856,0.9255,0.3705,0.9753,-0.1678,0.9094,-0.4947,0.921,7,0.0
mlp,ntk,swish,64,64,1,10,8.752815e-06,7.690259e-06,1.21515e-05,nan,nan,nan,0.41964,321.18015,0.45188947312169414,nan,nan,nan,nan,8.775591623951838,0.8,21,0.40090000000000003,1.7857,0.982,nan,nan,nan,nan,-0.7069,0.991,0.3719,0.9164,nan,nan,-0.2263,0.9891,-0.5805,0.9824,7,
mlp,ntk,swish,128,128,1,10,3.4866375e-06,2.883219e-06,4.414336e-06,nan,nan,nan,0.31838,464.94669999999996,0.3764999545548437,nan,nan,nan,nan,13.409723551702752,0.2,21,0.5004,1.7857,0.982,nan,nan,nan,nan,-0.7069,0.991,0.3719,0.9164,nan,nan,-0.2263,0.9891,-0.5805,0.9824,7,
mlp,ntk,swish,256,256,1,10,1.6224104999999999e-06,1.218012e-06,1.769234e-06,nan,nan,nan,0.23862000000000003,698.2254,0.39557146023626427,nan,nan,nan,nan,16.08293955198145,0.8,21,0.59465,1.7857,0.982,nan,nan,nan,nan,-0.7069,0.991,0.3719,0.9164,nan,nan,-0.2263,0.9891,-0.5805,0.9824,7,
mlp,ntk,swish,512,512,1,10,4.807908999999999e-07,3.96616e-07,5.169589e-07,nan,nan,nan,0.20051,1098.2492,0.29027560352054116,nan,nan,nan,nan,23.76096344585557,0.8,21,0.6758,1.7857,0.982,nan,nan,nan,nan,-0.7069,0.991,0.3719,0.9164,nan,nan,-0.2263,0.9891,-0.5805,0.9824,7,
mlp,ntk,swish,1024,1024,1,10,1.334553e-07,1.227094e-07,1.631109e-07,nan,nan,nan,0.14412,1838.9452,0.2257475545369902,nan,nan,nan,nan,35.687803331902145,0.8,21,0.8189500000000001,1.7857,0.982,nan,nan,nan,nan,-0.7069,0.991,0.3719,0.9164,nan,nan,-0.2263,0.9891,-0.5805,0.9824,7,
mlp,ntk,swish,2048,2048,1,10,2.515084e-08,2.113293e-08,2.711192e-08,nan,nan,nan,0.11997,3275.2560000000003,0.13496891197374855,nan,nan,nan,nan,67.1797840549262,0.2,21,0.93355,1.7857,0.982,nan,nan,nan,nan,-0.7069,0.991,0.3719,0.9164,nan,nan,-0.2263,0.9891,-0.5805,0.9824,7,
mlp,ntk,swish,4096,4096,1,10,5.1836035e-09,4.93864e-09,5.483817e-09,nan,nan,nan,0.10173999999999998,6127.87795,0.0973655479995992,nan,nan,nan,nan,98.26590710497052,0.2,21,1.02805,1.7857,0.982,nan,nan,nan,nan,-0.7069,0.991,0.3719,0.9164,nan,nan,-0.2263,0.9891,-0.5805,0.9824,7,
mlp,ntk,tanh,64,64,1,10,5.426854e-06,4.688302e-06,6.351594e-06,nan,nan,nan,0.185835,321.66364999999996,0.2811641844618403,nan,nan,nan,nan,5.5666376873230785,0.75,21,0.20155,1.6366,0.9965,nan,nan,nan,nan,-0.7063,0.9909,0.2241,0.9707,nan,nan,-0.3353,0.9695,-0.5766,0.9764,7,
mlp,ntk,tanh,128,128,1,10,2.0164355000000003e-06,1.840262e-06,2.126151e-06,nan,nan,nan,0.14134,466.0357,0.21870622167387638,nan,nan,nan,nan,7.169252376284785,0.75,21,0.22475,1.6366,0.9965,nan,nan,nan,nan,-0.7063,0.9909,0.2241,0.9707,nan,nan,-0.3353,0.9695,-0.5766,0.9764,7,
mlp,ntk,tanh,256,256,1,10,7.493326000000001e-07,6.721314e-07,7.726623e-07,nan,nan,nan,0.11846999999999999,697.91425,0.18260511141015678,nan,nan,nan,nan,13.884722218144518,0.75,21,0.3433,1.6366,0.9965,nan,nan,nan,nan,-0.7063,0.9909,0.2241,0.9707,nan,nan,-0.3353,0.9695,-0.5766,0.9764,7,
mlp,ntk,tanh,512,512,1,10,2.5141435e-07,2.452407e-07,2.645503e-07,nan,nan,nan,0.10915,1096.9900499999999,0.15145254373386818,nan,nan,nan,nan,22.804764326300386,0.75,21,0.45545,1.6366,0.9965,nan,nan,nan,nan,-0.7063,0.9909,0.2241,0.9707,nan,nan,-0.3353,0.9695,-0.5766,0.9764,7,
mlp,ntk,tanh,1024,1024,1,10,7.9265955e-08,7.595966e-08,8.684079e-08,nan,nan,nan,0.10132999999999999,1837.1858000000002,0.13376410852583037,nan,nan,nan,nan,30.56504523284934,0.25,21,0.5382,1.6366,0.9965,nan,nan,nan,nan,-0.7063,0.9909,0.2241,0.9707,nan,nan,-0.3353,0.9695,-0.5766,0.9764,7,
mlp,ntk,tanh,2048,2048,1,10,2.2209565000000002e-08,2.124962e-08,2.390733e-08,nan,nan,nan,0.09798000000000001,3275.10945,0.11904086229982608,nan,nan,nan,nan,43.99653932888824,0.75,21,0.6672,1.6366,0.9965,nan,nan,nan,nan,-0.7063,0.9909,0.2241,0.9707,nan,nan,-0.3353,0.9695,-0.5766,0.9764,7,
mlp,ntk,tanh,4096,4096,1,10,5.8472475e-09,5.670419e-09,6.173197e-09,7.744827500000001e-08,6.483e-09,0.2228344,0.09306149999999999,6127.5532,0.10979286770774588,0.07636686531618002,0.07549874416182928,2.624032689746287e-08,0.017229621155031734,53.231028787476504,0.8,25,0.73485,1.6366,0.9965,nan,nan,nan,nan,-0.7063,0.9909,0.2241,0.9707,nan,nan,-0.3353,0.9695,-0.5766,0.9764,7,
mlp,sp,gelu,64,64,1,10,0.001570333,0.001141191,0.001894395,0.0010273840000000001,3.4535e-05,3.2541349999999998,0.13707999999999998,27.9356,0.6153853241040772,1.508759098802861,1.5284771808788142,0.0004825654129284741,0.012559473785393268,2.1573955969848435,0.75,25,0.06885,1.1794,0.86,1.1671,0.9703,0.0123,0.002,-0.3687,0.9747,0.4417,0.3601,-0.4378,0.4613,-0.0956,0.0252,-0.6355,0.9847,7,0.0
mlp,sp,gelu,128,128,1,10,0.00038789550000000003,0.0003174876,0.000394734,0.0003189483,1.2255e-05,1.8027375,0.06501499999999999,30.99725,0.18445156505362242,1.1486940737267157,1.2161704577199504,0.0002151702618933705,0.024004166212631864,3.0273089014953767,0.25,25,0.02605,1.1794,0.86,1.1671,0.9703,0.0123,0.002,-0.3687,0.9747,0.4417,0.3601,-0.4378,0.4613,-0.0956,0.0252,-0.6355,0.9847,7,0.0
mlp,sp,gelu,256,256,1,10,7.959252e-05,7.443716e-05,8.479385e-05,0.00010250839999999999,4.491499999999999e-06,1.457381,0.052650999999999996,37.12715,0.05494922185624733,0.7876162177721147,0.7764487593211874,5.461339210542747e-05,0.012660417636219983,5.446100965266585,0.75,25,0.012750000000000001,1.1794,0.86,1.1671,0.9703,0.0123,0.002,-0.3687,0.9747,0.4417,0.3601,-0.4378,0.4613,-0.0956,0.0252,-0.6355,0.9847,7,0.0
mlp,sp,gelu,512,512,1,10,2.5212495e-05,2.166705e-05,2.915643e-05,4.395393e-05,1.643e-06,1.4933765,0.046224999999999995,47.9251,0.02896065727553005,0.5737163146802093,0.5736118476777844,1.6882879166774085e-05,0.039910157712924624,7.4905458583135065,0.75,25,0.010499999999999999,1.1794,0.86,1.1671,0.9703,0.0123,0.002,-0.3687,0.9747,0.4417,0.3601,-0.4378,0.4613,-0.0956,0.0252,-0.6355,0.9847,7,0.0
mlp,sp,gelu,1024,1024,1,10,1.3607590000000001e-05,1.149201e-05,1.523605e-05,2.0464005e-05,6.286e-07,2.047832,0.041972999999999996,64.65085,0.02849056645134783,0.6959809770330732,0.6649524372184233,6.644876142183538e-06,0.016195760309179623,10.282779683985186,0.7,25,0.0125,1.1794,0.86,1.1671,0.9703,0.0123,0.002,-0.3687,0.9747,0.4417,0.3601,-0.4378,0.4613,-0.0956,0.0252,-0.6355,0.9847,7,0.0
mlp,sp,gelu,2048,2048,1,10,1.358679e-05,1.180984e-05,1.488962e-05,1.3635705e-05,4.815500000000001e-07,8.218608,0.039916,89.28444999999999,0.054093979934115535,0.9915356158152808,0.9964127267347013,1.653174114156558e-06,0.03889014438407814,16.423908811426394,0.35,25,0.0341,1.1794,0.86,1.1671,0.9703,0.0123,0.002,-0.3687,0.9747,0.4417,0.3601,-0.4378,0.4613,-0.0956,0.0252,-0.6355,0.9847,7,0.0
mlp,sp,gelu,4096,4096,1,10,1.2836010000000001e-05,1.255687e-05,1.322784e-05,7.5623695000000005e-06,3.116e-07,17.946495,0.042075499999999995,124.58070000000001,0.0996097112521309,1.6479133292203807,1.6973529262223963,7.152377107619065e-07,0.012780787647418204,34.497367172509215,0.65,25,0.1075,1.1794,0.86,1.1671,0.9703,0.0123,0.002,-0.3687,0.9747,0.4417,0.3601,-0.4378,0.4613,-0.0956,0.0252,-0.6355,0.9847,7,0.0
mlp,sp,softplus,64,64,1,10,0.0009131396000000001,0.0008210782,0.001100239,nan,nan,nan,0.19071,27.12205,0.32584479209345074,nan,nan,nan,nan,3.259688879991624,0.25,21,0.060700000000000004,1.286,0.8855,nan,nan,nan,nan,-0.3804,0.9813,0.5203,0.4627,nan,nan,-0.1631,0.0834,-0.73,0.9932,7,
mlp,sp,softplus,128,128,1,10,0.0001482229,0.0001363146,0.0001743809,nan,nan,nan,0.12528999999999998,30.61855,0.06948184921356437,nan,nan,nan,nan,5.764556623841525,0.25,21,0.020900000000000002,1.286,0.8855,nan,nan,nan,nan,-0.3804,0.9813,0.5203,0.4627,nan,nan,-0.1631,0.0834,-0.73,0.9932,7,
mlp,sp,softplus,256,256,1,10,3.2754305e-05,3.002124e-05,3.43916e-05,nan,nan,nan,0.113455,37.4625,0.02295748858047525,nan,nan,nan,nan,9.707881147226296,0.75,21,0.0132,1.286,0.8855,nan,nan,nan,nan,-0.3804,0.9813,0.5203,0.4627,nan,nan,-0.1631,0.0834,-0.73,0.9932,7,
mlp,sp,softplus,512,512,1,10,1.2248845e-05,1.172226e-05,1.418646e-05,nan,nan,nan,0.15153,48.92105,0.014650478378890299,nan,nan,nan,nan,14.030747388835438,0.75,21,0.0121,1.286,0.8855,nan,nan,nan,nan,-0.3804,0.9813,0.5203,0.4627,nan,nan,-0.1631,0.0834,-0.73,0.9932,7,
mlp,sp,softplus,1024,1024,1,10,5.9227509999999996e-06,4.999733e-06,6.485306e-06,nan,nan,nan,0.19879,66.20779999999999,0.012974210481054049,nan,nan,nan,nan,23.3997090203522,0.75,21,0.01655,1.286,0.8855,nan,nan,nan,nan,-0.3804,0.9813,0.5203,0.4627,nan,nan,-0.1631,0.0834,-0.73,0.9932,7,
mlp,sp,softplus,2048,2048,1,10,4.127921000000001e-06,3.84537e-06,4.369025e-06,nan,nan,nan,0.26516999999999996,91.3064,0.017215934201916663,nan,nan,nan,nan,37.05789185403499,0.3,21,0.034449999999999995,1.286,0.8855,nan,nan,nan,nan,-0.3804,0.9813,0.5203,0.4627,nan,nan,-0.1631,0.0834,-0.73,0.9932,7,
mlp,sp,softplus,4096,4096,1,10,4.283612e-06,3.750391e-06,4.784434e-06,nan,nan,nan,0.25839999999999996,126.89699999999999,0.03449090362324939,nan,nan,nan,nan,79.08078509444833,0.7,21,0.11585000000000001,1.286,0.8855,nan,nan,nan,nan,-0.3804,0.9813,0.5203,0.4627,nan,nan,-0.1631,0.0834,-0.73,0.9932,7,
mlp,sp,swish,64,64,1,10,0.00140542,0.001234408,0.002127301,0.0011055169999999999,3.8335000000000005e-05,3.3957655,0.12183999999999999,27.431350000000002,0.5404488061899269,1.3097215651287173,1.271278505893623,0.0004138742795991066,0.020716312513614638,2.4407120291443127,0.7,25,0.0733,1.2263,0.8851,1.1971,0.9743,0.0292,0.013,-0.375,0.9761,0.4786,0.423,-0.4796,0.5235,-0.1593,0.0601,-0.71,0.9715,7,0.0
mlp,sp,swish,128,128,1,10,0.00026367554999999997,0.0002483512,0.0002729462,0.00029040105,1.0500000000000001e-05,1.7346995,0.0627255,30.512549999999997,0.12159349625453911,0.9591931773364581,0.9079703740740606,0.00015200070675065044,0.01000230692180952,3.87296433059493,0.25,25,0.02325,1.2263,0.8851,1.1971,0.9743,0.0292,0.013,-0.375,0.9761,0.4786,0.423,-0.4796,0.5235,-0.1593,0.0601,-0.71,0.9715,7,0.0
mlp,sp,swish,256,256,1,10,6.853858e-05,6.36034e-05,8.423573e-05,0.00010668719999999999,3.9414999999999994e-06,1.5090979999999998,0.0573105,36.70975,0.04600637722950494,0.6597007043806433,0.642425520587287,4.541691792050616e-05,0.031060881566750215,5.534162657002815,0.25,25,0.01205,1.2263,0.8851,1.1971,0.9743,0.0292,0.013,-0.375,0.9761,0.4786,0.423,-0.4796,0.5235,-0.1593,0.0601,-0.71,0.9715,7,0.0
mlp,sp,swish,512,512,1,10,2.1527315e-05,1.955481e-05,2.470878e-05,4.6253935e-05,1.7040000000000001e-06,1.7557589999999998,0.053276000000000004,47.78685,0.024577972329938344,0.473440650587575,0.46541586137482144,1.2260973744118642e-05,0.005069731436749363,8.62796405404018,0.25,25,0.01105,1.2263,0.8851,1.1971,0.9743,0.0292,0.013,-0.375,0.9761,0.4786,0.423,-0.4796,0.5235,-0.1593,0.0601,-0.71,0.9715,7,0.0
mlp,sp,swish,1024,1024,1,10,1.196432e-05,1.117206e-05,1.291836e-05,2.063429e-05,6.8185e-07,2.5335205,0.062681,64.83785,0.025151259594832637,0.5796609799635799,0.5798270742535847,4.722408995703804e-06,0.029700396863892774,11.376509488211616,0.25,25,0.0145,1.2263,0.8851,1.1971,0.9743,0.0292,0.013,-0.375,0.9761,0.4786,0.423,-0.4796,0.5235,-0.1593,0.0601,-0.71,0.9715,7,0.0
mlp,sp,swish,2048,2048,1,10,8.362878e-06,7.624839e-06,8.932323e-06,1.139306e-05,5.4e-07,9.1304305,0.060034500000000005,89.7122,0.03365843031118115,0.7031974923329041,0.7340326479453282,9.159346867598413e-07,0.019369939420455614,25.4408649749524,0.3,25,0.0368,1.2263,0.8851,1.1971,0.9743,0.0292,0.013,-0.375,0.9761,0.4786,0.423,-0.4796,0.5235,-0.1593,0.0601,-0.71,0.9715,7,0.0
mlp,sp,swish,4096,4096,1,10,8.9969835e-06,8.62593e-06,1.05691e-05,7.170375e-06,3.187e-07,21.022125000000003,0.056327999999999996,125.09025,0.0703825826695327,1.332864368140119,1.2547437895507558,4.2797688149984834e-07,0.01809374932251097,54.087172661814925,0.3,25,0.1422,1.2263,0.8851,1.1971,0.9743,0.0292,0.013,-0.375,0.9761,0.4786,0.423,-0.4796,0.5235,-0.1593,0.0601,-0.71,0.9715,7,0.0
mlp,sp,tanh,64,64,1,10,0.0063729895000000005,0.00395888,0.007084415,nan,nan,nan,0.20962,29.09415,2.693597594238765,nan,nan,nan,nan,1.1819682113080523,0.35,21,0.1469,1.462,0.9387,nan,nan,nan,nan,-0.3751,0.9641,0.7115,0.6594,nan,nan,0.3507,0.6353,-0.5092,0.8285,7,
mlp,sp,tanh,128,128,1,10,0.001329523,0.001122141,0.001546027,nan,nan,nan,0.087017,30.518549999999998,0.6185818780758883,nan,nan,nan,nan,1.9696710775217878,0.7,21,0.062200000000000005,1.462,0.9387,nan,nan,nan,nan,-0.3751,0.9641,0.7115,0.6594,nan,nan,0.3507,0.6353,-0.5092,0.8285,7,
mlp,sp,tanh,256,256,1,10,0.00024785475,0.0002293373,0.0002971811,nan,nan,nan,0.071468,36.5723,0.16615720645681453,nan,nan,nan,nan,3.723324245349343,0.75,21,0.02965,1.462,0.9387,nan,nan,nan,nan,-0.3751,0.9641,0.7115,0.6594,nan,nan,0.3507,0.6353,-0.5092,0.8285,7,
mlp,sp,tanh,512,512,1,10,7.422474000000001e-05,6.238336e-05,8.423608e-05,nan,nan,nan,0.07236699999999999,48.15065,0.0860066988380475,nan,nan,nan,nan,6.245387993275557,0.3,21,0.0263,1.462,0.9387,nan,nan,nan,nan,-0.3751,0.9641,0.7115,0.6594,nan,nan,0.3507,0.6353,-0.5092,0.8285,7,
mlp,sp,tanh,1024,1024,1,10,3.6213845e-05,3.297057e-05,4.049218e-05,nan,nan,nan,0.050537,65.92150000000001,0.07870612703756608,nan,nan,nan,nan,10.051329815986124,0.3,21,0.03455,1.462,0.9387,nan,nan,nan,nan,-0.3751,0.9641,0.7115,0.6594,nan,nan,0.3507,0.6353,-0.5092,0.8285,7,
mlp,sp,tanh,2048,2048,1,10,2.5864995e-05,2.369908e-05,2.930002e-05,nan,nan,nan,0.031134,92.17105000000001,0.10981494292200464,nan,nan,nan,nan,10.233984193694992,0.35,21,0.0356,1.462,0.9387,nan,nan,nan,nan,-0.3751,0.9641,0.7115,0.6594,nan,nan,0.3507,0.6353,-0.5092,0.8285,7,
mlp,sp,tanh,4096,4096,1,10,1.3052315e-05,1.156178e-05,1.696977e-05,nan,nan,nan,0.019072,129.5633,0.10962933478627111,nan,nan,nan,nan,7.627947226220023,0.65,21,0.02095,1.462,0.9387,nan,nan,nan,nan,-0.3751,0.9641,0.7115,0.6594,nan,nan,0.3507,0.6353,-0.5092,0.8285,7,
ts,mup,gelu,64,64,1,10,0.006992427,0.006557209,0.007511075,nan,nan,nan,0.7907099999999999,38.5722,5.145405569621408,nan,nan,nan,nan,,,0,0.9013,2.2231,0.9995,nan,nan,nan,nan,-0.3992,0.9949,1.4182,0.9954,nan,nan,1.2377,0.9973,nan,nan,7,
ts,mup,gelu,128,128,1,10,0.001753358,0.001640099,0.00182768,nan,nan,nan,0.04743,56.3036,2.772170613672376,nan,nan,nan,nan,,,0,0.5204,2.2231,0.9995,nan,nan,nan,nan,-0.3992,0.9949,1.4182,0.9954,nan,nan,1.2377,0.9973,nan,nan,7,
ts,mup,gelu,256,256,1,10,0.0003430053,0.0003128442,0.0003702803,nan,nan,nan,0.025263999999999998,69.82,0.8303895426492658,nan,nan,nan,nan,,,0,0.19075,2.2231,0.9995,nan,nan,nan,nan,-0.3992,0.9949,1.4182,0.9954,nan,nan,1.2377,0.9973,nan,nan,7,
ts,mup,gelu,512,512,1,10,7.178132e-05,6.052237e-05,7.545922e-05,nan,nan,nan,0.0340835,86.9504,0.27220199109019894,nan,nan,nan,nan,,,0,0.0791,2.2231,0.9995,nan,nan,nan,nan,-0.3992,0.9949,1.4182,0.9954,nan,nan,1.2377,0.9973,nan,nan,7,
ts,mup,gelu,1024,1024,1,10,1.585763e-05,1.529966e-05,1.722952e-05,nan,nan,nan,0.0385295,115.6734,0.10807187205519497,nan,nan,nan,nan,,,0,0.03505,2.2231,0.9995,nan,nan,nan,nan,-0.3992,0.9949,1.4182,0.9954,nan,nan,1.2377,0.9973,nan,nan,7,
ts,mup,gelu,2048,2048,1,10,3.0120564999999997e-06,2.764819e-06,3.167708e-06,nan,nan,nan,0.038657,158.58675,0.0378759781156419,nan,nan,nan,nan,,,0,0.01325,2.2231,0.9995,nan,nan,nan,nan,-0.3992,0.9949,1.4182,0.9954,nan,nan,1.2377,0.9973,nan,nan,7,
ts,mup,gelu,4096,4096,1,10,7.706375499999999e-07,7.417454e-07,8.288983e-07,nan,nan,nan,0.043051,216.23329999999999,0.018407885667287405,nan,nan,nan,nan,,,0,0.0060999999999999995,2.2231,0.9995,nan,nan,nan,nan,-0.3992,0.9949,1.4182,0.9954,nan,nan,1.2377,0.9973,nan,nan,7,
ts,mup,softplus,64,64,1,10,0.00385632,0.003630076,0.004086393,nan,nan,nan,2.6698,43.11835,3.64031098299954,nan,nan,nan,nan,,,0,1.0134,2.1185,0.998,nan,nan,nan,nan,-0.3938,0.999,1.3322,0.9922,nan,nan,1.085,0.9984,nan,nan,7,
ts,mup,softplus,128,128,1,10,0.0009368460500000001,0.000826049,0.0009748679,nan,nan,nan,0.13434,58.55685,1.5948803806285254,nan,nan,nan,nan,,,0,0.49915,2.1185,0.998,nan,nan,nan,nan,-0.3938,0.999,1.3322,0.9922,nan,nan,1.085,0.9984,nan,nan,7,
ts,mup,softplus,256,256,1,10,0.0001710176,0.000164313,0.0001852133,nan,nan,nan,0.0774105,74.78855,0.48224556367468874,nan,nan,nan,nan,,,0,0.22555,2.1185,0.998,nan,nan,nan,nan,-0.3938,0.999,1.3322,0.9922,nan,nan,1.085,0.9984,nan,nan,7,
ts,mup,softplus,512,512,1,10,3.5884300000000005e-05,3.467015e-05,3.770367e-05,nan,nan,nan,0.07674500000000001,95.57650000000001,0.16447598099172647,nan,nan,nan,nan,,,0,0.0969,2.1185,0.998,nan,nan,nan,nan,-0.3938,0.999,1.3322,0.9922,nan,nan,1.085,0.9984,nan,nan,7,
ts,mup,softplus,1024,1024,1,10,8.4765575e-06,7.17196e-06,1.023597e-05,nan,nan,nan,0.068989,127.59100000000001,0.06824934474068473,nan,nan,nan,nan,,,0,0.04635,2.1185,0.998,nan,nan,nan,nan,-0.3938,0.999,1.3322,0.9922,nan,nan,1.085,0.9984,nan,nan,7,
ts,mup,softplus,2048,2048,1,10,2.5306595000000002e-06,2.199525e-06,2.859417e-06,nan,nan,nan,0.088312,169.12305,0.03608944653395092,nan,nan,nan,nan,,,0,0.02605,2.1185,0.998,nan,nan,nan,nan,-0.3938,0.999,1.3322,0.9922,nan,nan,1.085,0.9984,nan,nan,7,
ts,mup,softplus,4096,4096,1,10,6.042472e-07,5.435457e-07,7.936733e-07,nan,nan,nan,0.105355,227.33780000000002,0.015785813393906507,nan,nan,nan,nan,,,0,0.011,2.1185,0.998,nan,nan,nan,nan,-0.3938,0.999,1.3322,0.9922,nan,nan,1.085,0.9984,nan,nan,7,
ts,mup,swish,64,64,1,10,0.0061276915,0.005784109,0.00657296,nan,nan,nan,0.6327799999999999,38.311350000000004,4.463874661802597,nan,nan,nan,nan,,,0,0.88695,2.2389,0.9982,nan,nan,nan,nan,-0.3879,0.9954,1.4614,0.9913,nan,nan,1.156,0.9982,nan,nan,7,
ts,mup,swish,128,128,1,10,0.001535563,0.001415124,0.001625067,nan,nan,nan,0.042754,54.9713,2.3083025843571274,nan,nan,nan,nan,,,0,0.46525,2.2389,0.9982,nan,nan,nan,nan,-0.3879,0.9954,1.4614,0.9913,nan,nan,1.156,0.9982,nan,nan,7,
ts,mup,swish,256,256,1,10,0.00026866469999999997,0.0002620689,0.0002794423,nan,nan,nan,0.037741,65.4138,0.5796066416656258,nan,nan,nan,nan,,,0,0.18585000000000002,2.2389,0.9982,nan,nan,nan,nan,-0.3879,0.9954,1.4614,0.9913,nan,nan,1.156,0.9982,nan,nan,7,
ts,mup,swish,512,512,1,10,5.506012e-05,4.997905e-05,5.717837e-05,nan,nan,nan,0.043933,83.91605,0.1946240164803098,nan,nan,nan,nan,,,0,0.0865,2.2389,0.9982,nan,nan,nan,nan,-0.3879,0.9954,1.4614,0.9913,nan,nan,1.156,0.9982,nan,nan,7,
ts,mup,swish,1024,1024,1,10,1.027284e-05,9.832388e-06,1.116229e-05,nan,nan,nan,0.04607699999999999,111.90585,0.06451655804182724,nan,nan,nan,nan,,,0,0.035949999999999996,2.2389,0.9982,nan,nan,nan,nan,-0.3879,0.9954,1.4614,0.9913,nan,nan,1.156,0.9982,nan,nan,7,
ts,mup,swish,2048,2048,1,10,2.4106329999999997e-06,2.314545e-06,2.935492e-06,nan,nan,nan,0.0543005,149.90085,0.027220218565584993,nan,nan,nan,nan,,,0,0.01555,2.2389,0.9982,nan,nan,nan,nan,-0.3879,0.9954,1.4614,0.9913,nan,nan,1.156,0.9982,nan,nan,7,
ts,mup,swish,4096,4096,1,10,6.899071e-07,6.437091e-07,7.179084e-07,nan,nan,nan,0.065508,201.85700000000003,0.01403155712339645,nan,nan,nan,nan,,,0,0.00835,2.2389,0.9982,nan,nan,nan,nan,-0.3879,0.9954,1.4614,0.9913,nan,nan,1.156,0.9982,nan,nan,7,
ts,mup,tanh,64,64,1,10,0.016099785,0.01545471,0.01780047,nan,nan,nan,1.0401,50.77075,20.811542980160596,nan,nan,nan,nan,,,0,1.9207,1.7791,0.993,nan,nan,nan,nan,-0.3255,0.9792,1.1264,0.9917,nan,nan,0.7795,0.9893,nan,nan,7,
ts,mup,tanh,128,128,1,10,0.0047827045,0.004537137,0.005131755,nan,nan,nan,0.12337999999999999,57.297399999999996,7.764257573924671,nan,nan,nan,nan,,,0,1.2477,1.7791,0.993,nan,nan,nan,nan,-0.3255,0.9792,1.1264,0.9917,nan,nan,0.7795,0.9893,nan,nan,7,
ts,mup,tanh,256,256,1,10,0.0014890379999999998,0.001445036,0.00158828,nan,nan,nan,0.046219,67.02705,3.3221234073387613,nan,nan,nan,nan,,,0,0.8045,1.7791,0.993,nan,nan,nan,nan,-0.3255,0.9792,1.1264,0.9917,nan,nan,0.7795,0.9893,nan,nan,7,
ts,mup,tanh,512,512,1,10,0.0005972215,0.0005700497,0.0006114848,nan,nan,nan,0.017712000000000002,83.66884999999999,2.085063980967229,nan,nan,nan,nan,,,0,0.5186999999999999,1.7791,0.993,nan,nan,nan,nan,-0.3255,0.9792,1.1264,0.9917,nan,nan,0.7795,0.9893,nan,nan,7,
ts,mup,tanh,1024,1024,1,10,0.00017023945,0.0001644658,0.0001797859,nan,nan,nan,0.007939149999999999,108.18675,0.9943256354872846,nan,nan,nan,nan,,,0,0.27775,1.7791,0.993,nan,nan,nan,nan,-0.3255,0.9792,1.1264,0.9917,nan,nan,0.7795,0.9893,nan,nan,7,
ts,mup,tanh,2048,2048,1,10,4.1542790000000004e-05,4.093278e-05,4.218611e-05,nan,nan,nan,0.00430265,143.06365,0.42527595818663394,nan,nan,nan,nan,,,0,0.1467,1.7791,0.993,nan,nan,nan,nan,-0.3255,0.9792,1.1264,0.9917,nan,nan,0.7795,0.9893,nan,nan,7,
ts,mup,tanh,4096,4096,1,10,7.878312000000002e-06,7.649755e-06,8.067005e-06,nan,nan,nan,0.0032083,193.10775,0.14759467379669283,nan,nan,nan,nan,,,0,0.07365,1.7791,0.993,nan,nan,nan,nan,-0.3255,0.9792,1.1264,0.9917,nan,nan,0.7795,0.9893,nan,nan,7,
ts,ntk,gelu,64,64,1,10,4.911298e-05,4.3377e-05,5.653576e-05,nan,nan,nan,1.25945,117.8072,0.341957033471163,nan,nan,nan,nan,,,0,0.2445,2.2,0.9944,nan,nan,nan,nan,-0.9374,0.9984,0.3258,0.9241,nan,nan,-0.1658,0.9684,nan,nan,7,
ts,ntk,gelu,128,128,1,10,1.479902e-05,1.230019e-05,1.679886e-05,nan,nan,nan,0.940175,203.3783,0.30629642405214863,nan,nan,nan,nan,,,0,0.25175000000000003,2.2,0.9944,nan,nan,nan,nan,-0.9374,0.9984,0.3258,0.9241,nan,nan,-0.1658,0.9684,nan,nan,7,
ts,ntk,gelu,256,256,1,10,4.414773e-06,3.870918e-06,6.428035e-06,nan,nan,nan,0.74498,372.6539,0.30703253373807454,nan,nan,nan,nan,,,0,0.3216,2.2,0.9944,nan,nan,nan,nan,-0.9374,0.9984,0.3258,0.9241,nan,nan,-0.1658,0.9684,nan,nan,7,
ts,ntk,gelu,512,512,1,10,8.7248095e-07,8.471638e-07,1.208395e-06,nan,nan,nan,0.55384,715.5162,0.22357326466027932,nan,nan,nan,nan,,,0,0.35545,2.2,0.9944,nan,nan,nan,nan,-0.9374,0.9984,0.3258,0.9241,nan,nan,-0.1658,0.9684,nan,nan,7,
ts,ntk,gelu,1024,1024,1,10,1.9109565e-07,1.544615e-07,2.240259e-07,nan,nan,nan,0.435905,1409.22045,0.18977734925654438,nan,nan,nan,nan,,,0,0.39475000000000005,2.2,0.9944,nan,nan,nan,nan,-0.9374,0.9984,0.3258,0.9241,nan,nan,-0.1658,0.9684,nan,nan,7,
ts,ntk,gelu,2048,2048,1,10,3.101646e-08,3.020994e-08,3.188053e-08,nan,nan,nan,0.35534,2814.3628,0.12277312217884692,nan,nan,nan,nan,,,0,0.42925,2.2,0.9944,nan,nan,nan,nan,-0.9374,0.9984,0.3258,0.9241,nan,nan,-0.1658,0.9684,nan,nan,7,
ts,ntk,gelu,4096,4096,1,10,5.6271285e-09,5.259158e-09,6.124557e-09,nan,nan,nan,0.29375999999999997,5646.09815,0.08970463903492007,nan,nan,nan,nan,,,0,0.46765,2.2,0.9944,nan,nan,nan,nan,-0.9374,0.9984,0.3258,0.9241,nan,nan,-0.1658,0.9684,nan,nan,7,
ts,ntk,softplus,64,64,1,10,1.2946019999999999e-05,1.121449e-05,1.457e-05,nan,nan,nan,1.6944000000000001,119.60315,0.0918766903681757,nan,nan,nan,nan,,,0,0.20245,2.1678,0.9922,nan,nan,nan,nan,-0.9344,0.9982,0.2983,0.8661,nan,nan,-0.1958,0.9592,nan,nan,7,
ts,ntk,softplus,128,128,1,10,4.410268e-06,4.158567e-06,5.280121e-06,nan,nan,nan,1.3468,204.6581,0.09261870516162579,nan,nan,nan,nan,,,0,0.23695,2.1678,0.9922,nan,nan,nan,nan,-0.9344,0.9982,0.2983,0.8661,nan,nan,-0.1958,0.9592,nan,nan,7,
ts,ntk,softplus,256,256,1,10,1.428718e-06,1.303993e-06,1.511965e-06,nan,nan,nan,1.0477,373.7822,0.09997701659570224,nan,nan,nan,nan,,,0,0.27575,2.1678,0.9922,nan,nan,nan,nan,-0.9344,0.9982,0.2983,0.8661,nan,nan,-0.1958,0.9592,nan,nan,7,
ts,ntk,softplus,512,512,1,10,2.8521555e-07,2.503981e-07,3.487225e-07,nan,nan,nan,0.80125,717.1376,0.07324559225487369,nan,nan,nan,nan,,,0,0.2958,2.1678,0.9922,nan,nan,nan,nan,-0.9344,0.9982,0.2983,0.8661,nan,nan,-0.1958,0.9592,nan,nan,7,
ts,ntk,softplus,1024,1024,1,10,5.607913e-08,5.048579e-08,6.669125e-08,nan,nan,nan,0.6326799999999999,1410.6801500000001,0.055803649836109574,nan,nan,nan,nan,,,0,0.39615,2.1678,0.9922,nan,nan,nan,nan,-0.9344,0.9982,0.2983,0.8661,nan,nan,-0.1958,0.9592,nan,nan,7,
ts,ntk,softplus,2048,2048,1,10,9.319399499999999e-09,8.687188e-09,1.001847e-08,nan,nan,nan,0.516235,2813.85705,0.03688866703972421,nan,nan,nan,nan,,,0,0.4235,2.1678,0.9922,nan,nan,nan,nan,-0.9344,0.9982,0.2983,0.8661,nan,nan,-0.1958,0.9592,nan,nan,7,
ts,ntk,softplus,4096,4096,1,10,1.877027e-09,1.662216e-09,2.07201e-09,nan,nan,nan,0.46870999999999996,5646.6091,0.02991983572546615,nan,nan,nan,nan,,,0,0.43245,2.1678,0.9922,nan,nan,nan,nan,-0.9344,0.9982,0.2983,0.8661,nan,nan,-0.1958,0.9592,nan,nan,7,
ts,ntk,swish,64,64,1,10,3.3403035e-05,2.293971e-05,3.531656e-05,nan,nan,nan,1.23045,119.35235,0.23613401818196242,nan,nan,nan,nan,,,0,0.23265,2.2349,0.9932,nan,nan,nan,nan,-0.9354,0.9982,0.3626,0.9155,nan,nan,-0.1666,0.8402,nan,nan,7,
ts,ntk,swish,128,128,1,10,1.1643110000000001e-05,1.10595e-05,1.495732e-05,nan,nan,nan,0.99351,203.46355,0.2398751209161212,nan,nan,nan,nan,,,0,0.23115000000000002,2.2349,0.9932,nan,nan,nan,nan,-0.9354,0.9982,0.3626,0.9155,nan,nan,-0.1666,0.8402,nan,nan,7,
ts,ntk,swish,256,256,1,10,2.7908295e-06,2.531292e-06,3.214046e-06,nan,nan,nan,0.731035,373.25964999999997,0.1947629585251227,nan,nan,nan,nan,,,0,0.34525,2.2349,0.9932,nan,nan,nan,nan,-0.9354,0.9982,0.3626,0.9155,nan,nan,-0.1666,0.8402,nan,nan,7,
ts,ntk,swish,512,512,1,10,6.732916999999999e-07,6.0089e-07,7.699958e-07,nan,nan,nan,0.5309,715.9309499999999,0.17249764801312117,nan,nan,nan,nan,,,0,0.39490000000000003,2.2349,0.9932,nan,nan,nan,nan,-0.9354,0.9982,0.3626,0.9155,nan,nan,-0.1666,0.8402,nan,nan,7,
ts,ntk,swish,1024,1024,1,10,1.266012e-07,1.076282e-07,1.428668e-07,nan,nan,nan,0.40171,1410.7607,0.12600353517173962,nan,nan,nan,nan,,,0,0.38165,2.2349,0.9932,nan,nan,nan,nan,-0.9354,0.9982,0.3626,0.9155,nan,nan,-0.1666,0.8402,nan,nan,7,
ts,ntk,swish,2048,2048,1,10,1.873821e-08,1.736436e-08,2.104416e-08,nan,nan,nan,0.31646,2814.5333,0.07419218956344686,nan,nan,nan,nan,,,0,0.4175,2.2349,0.9932,nan,nan,nan,nan,-0.9354,0.9982,0.3626,0.9155,nan,nan,-0.1666,0.8402,nan,nan,7,
ts,ntk,swish,4096,4096,1,10,3.5857454999999998e-09,3.161075e-09,4.01792e-09,nan,nan,nan,0.27592,5646.09035,0.057169989951067965,nan,nan,nan,nan,,,0,0.44565,2.2349,0.9932,nan,nan,nan,nan,-0.9354,0.9982,0.3626,0.9155,nan,nan,-0.1666,0.8402,nan,nan,7,
ts,ntk,tanh,64,64,1,10,2.5640664999999998e-05,2.440705e-05,2.666895e-05,nan,nan,nan,0.58514,116.43885,0.17339187433330758,nan,nan,nan,nan,,,0,0.08355,2.0639,0.9994,nan,nan,nan,nan,-0.9396,0.9985,0.1842,0.959,nan,nan,-0.3167,0.9757,nan,nan,7,
ts,ntk,tanh,128,128,1,10,7.4403585e-06,7.096613e-06,7.560059e-06,nan,nan,nan,0.48986999999999997,202.81045,0.15274856225035502,nan,nan,nan,nan,,,0,0.10785,2.0639,0.9994,nan,nan,nan,nan,-0.9396,0.9985,0.1842,0.959,nan,nan,-0.3167,0.9757,nan,nan,7,
ts,ntk,tanh,256,256,1,10,1.8236715e-06,1.787555e-06,1.852597e-06,nan,nan,nan,0.42557999999999996,372.18775,0.12619322383635212,nan,nan,nan,nan,,,0,0.14125,2.0639,0.9994,nan,nan,nan,nan,-0.9396,0.9985,0.1842,0.959,nan,nan,-0.3167,0.9757,nan,nan,7,
ts,ntk,tanh,512,512,1,10,4.0367434999999996e-07,3.980974e-07,4.187541e-07,nan,nan,nan,0.35336999999999996,714.90025,0.10332339728676052,nan,nan,nan,nan,,,0,0.1878,2.0639,0.9994,nan,nan,nan,nan,-0.9396,0.9985,0.1842,0.959,nan,nan,-0.3167,0.9757,nan,nan,7,
ts,ntk,tanh,1024,1024,1,10,9.7349815e-08,9.326921e-08,9.910747e-08,nan,nan,nan,0.31772,1408.4296,0.09659383656259302,nan,nan,nan,nan,,,0,0.23635,2.0639,0.9994,nan,nan,nan,nan,-0.9396,0.9985,0.1842,0.959,nan,nan,-0.3167,0.9757,nan,nan,7,
ts,ntk,tanh,2048,2048,1,10,2.212244e-08,2.117635e-08,2.274139e-08,nan,nan,nan,0.29923,2814.0477499999997,0.08756488040353641,nan,nan,nan,nan,,,0,0.26555,2.0639,0.9994,nan,nan,nan,nan,-0.9396,0.9985,0.1842,0.959,nan,nan,-0.3167,0.9757,nan,nan,7,
ts,ntk,tanh,4096,4096,1,10,5.235783e-09,5.207007e-09,5.38086e-09,nan,nan,nan,0.28679,5646.220950000001,0.08344636731563247,nan,nan,nan,nan,,,0,0.29945,2.0639,0.9994,nan,nan,nan,nan,-0.9396,0.9985,0.1842,0.959,nan,nan,-0.3167,0.9757,nan,nan,7,
ts,sp,gelu,64,64,1,10,0.006848496000000001,0.006035943,0.007037632,nan,nan,nan,0.80937,38.1943,5.025439512459584,nan,nan,nan,nan,,,0,0.9229499999999999,1.287,0.9893,nan,nan,nan,nan,-0.2623,0.9233,0.7628,0.8861,nan,nan,0.5589,0.993,nan,nan,7,
ts,sp,gelu,128,128,1,10,0.003366597,0.003266281,0.00361204,nan,nan,nan,0.05966199999999999,44.2011,3.2779866993965445,nan,nan,nan,nan,,,0,0.5801000000000001,1.287,0.9893,nan,nan,nan,nan,-0.2623,0.9233,0.7628,0.8861,nan,nan,0.5589,0.993,nan,nan,7,
ts,sp,gelu,256,256,1,10,0.0010774055000000002,0.001033144,0.001172951,nan,nan,nan,0.07261999999999999,44.2899,1.0533410033349797,nan,nan,nan,nan,,,0,0.36160000000000003,1.287,0.9893,nan,nan,nan,nan,-0.2623,0.9233,0.7628,0.8861,nan,nan,0.5589,0.993,nan,nan,7,
ts,sp,gelu,512,512,1,10,0.0003811914,0.0003347148,0.0004025246,nan,nan,nan,0.077363,51.39275,0.5026674491867551,nan,nan,nan,nan,,,0,0.25975000000000004,1.287,0.9893,nan,nan,nan,nan,-0.2623,0.9233,0.7628,0.8861,nan,nan,0.5589,0.993,nan,nan,7,
ts,sp,gelu,1024,1024,1,10,0.00014447505,0.0001370766,0.0001558581,nan,nan,nan,0.06811500000000001,64.82565,0.3032505067923232,nan,nan,nan,nan,,,0,0.1931,1.287,0.9893,nan,nan,nan,nan,-0.2623,0.9233,0.7628,0.8861,nan,nan,0.5589,0.993,nan,nan,7,
ts,sp,gelu,2048,2048,1,10,7.1257075e-05,6.689303e-05,7.551693e-05,nan,nan,nan,0.035072,86.10455,0.2638180996734499,nan,nan,nan,nan,,,0,0.13690000000000002,1.287,0.9893,nan,nan,nan,nan,-0.2623,0.9233,0.7628,0.8861,nan,nan,0.5589,0.993,nan,nan,7,
ts,sp,gelu,4096,4096,1,10,4.234875e-05,4.088294e-05,4.347647e-05,nan,nan,nan,0.014922000000000001,117.7187,0.2935878727429919,nan,nan,nan,nan,,,0,0.0801,1.287,0.9893,nan,nan,nan,nan,-0.2623,0.9233,0.7628,0.8861,nan,nan,0.5589,0.993,nan,nan,7,
ts,sp,softplus,64,64,1,10,0.0037823625,0.003704289,0.004000147,nan,nan,nan,2.70815,42.7757,3.516025533971318,nan,nan,nan,nan,,,0,0.97615,1.2981,0.9908,nan,nan,nan,nan,-0.25,0.9728,0.8018,0.9355,nan,nan,0.5778,0.9875,nan,nan,7,
ts,sp,softplus,128,128,1,10,0.0014136840000000001,0.001293945,0.001466627,nan,nan,nan,0.35119500000000003,49.433049999999994,1.752978515916503,nan,nan,nan,nan,,,0,0.6299,1.2981,0.9908,nan,nan,nan,nan,-0.25,0.9728,0.8018,0.9355,nan,nan,0.5778,0.9875,nan,nan,7,
ts,sp,softplus,256,256,1,10,0.00046535535,0.0004350214,0.000506213,nan,nan,nan,0.29763,54.6498,0.6964210274992069,nan,nan,nan,nan,,,0,0.37915,1.2981,0.9908,nan,nan,nan,nan,-0.25,0.9728,0.8018,0.9355,nan,nan,0.5778,0.9875,nan,nan,7,
ts,sp,softplus,512,512,1,10,0.00015920575,0.0001494635,0.0001754464,nan,nan,nan,0.35007,62.8131,0.31304297018276234,nan,nan,nan,nan,,,0,0.23595,1.2981,0.9908,nan,nan,nan,nan,-0.25,0.9728,0.8018,0.9355,nan,nan,0.5778,0.9875,nan,nan,7,
ts,sp,softplus,1024,1024,1,10,7.497480999999999e-05,7.351689e-05,7.877558e-05,nan,nan,nan,0.32637,75.9274,0.21671072860051904,nan,nan,nan,nan,,,0,0.1681,1.2981,0.9908,nan,nan,nan,nan,-0.25,0.9728,0.8018,0.9355,nan,nan,0.5778,0.9875,nan,nan,7,
ts,sp,softplus,2048,2048,1,10,3.6626485e-05,3.337451e-05,3.846451e-05,nan,nan,nan,0.270915,95.49125000000001,0.1670806075950988,nan,nan,nan,nan,,,0,0.1175,1.2981,0.9908,nan,nan,nan,nan,-0.25,0.9728,0.8018,0.9355,nan,nan,0.5778,0.9875,nan,nan,7,
ts,sp,softplus,4096,4096,1,10,1.7889135e-05,1.728158e-05,1.874048e-05,nan,nan,nan,0.19263,124.58535,0.13899690141289678,nan,nan,nan,nan,,,0,0.09335,1.2981,0.9908,nan,nan,nan,nan,-0.25,0.9728,0.8018,0.9355,nan,nan,0.5778,0.9875,nan,nan,7,
ts,sp,swish,64,64,1,10,0.006658448,0.006089328,0.00712723,nan,nan,nan,0.74931,38.96965,5.043890649099308,nan,nan,nan,nan,,,0,0.9441999999999999,1.347,0.9802,nan,nan,nan,nan,-0.2611,0.9375,0.8238,0.8724,nan,nan,0.3799,0.8748,nan,nan,7,
ts,sp,swish,128,128,1,10,0.002472626,0.002372988,0.002534854,nan,nan,nan,0.067834,44.1073,2.407801774236428,nan,nan,nan,nan,,,0,0.5802,1.347,0.9802,nan,nan,nan,nan,-0.2611,0.9375,0.8238,0.8724,nan,nan,0.3799,0.8748,nan,nan,7,
ts,sp,swish,256,256,1,10,0.00080407595,0.0007331419,0.0008319508,nan,nan,nan,0.070983,45.65835,0.8322490924301615,nan,nan,nan,nan,,,0,0.35435,1.347,0.9802,nan,nan,nan,nan,-0.2611,0.9375,0.8238,0.8724,nan,nan,0.3799,0.8748,nan,nan,7,
ts,sp,swish,512,512,1,10,0.00026231165,0.0002305761,0.0002833512,nan,nan,nan,0.072033,53.459599999999995,0.37559843241162155,nan,nan,nan,nan,,,0,0.26335,1.347,0.9802,nan,nan,nan,nan,-0.2611,0.9375,0.8238,0.8724,nan,nan,0.3799,0.8748,nan,nan,7,
ts,sp,swish,1024,1024,1,10,9.571300000000001e-05,9.29175e-05,0.0001060079,nan,nan,nan,0.058863000000000006,66.61775,0.21313274419772277,nan,nan,nan,nan,,,0,0.2126,1.347,0.9802,nan,nan,nan,nan,-0.2611,0.9375,0.8238,0.8724,nan,nan,0.3799,0.8748,nan,nan,7,
ts,sp,swish,2048,2048,1,10,4.2814145000000004e-05,4.024818e-05,4.526559e-05,nan,nan,nan,0.040434,87.16375,0.16271666391253703,nan,nan,nan,nan,,,0,0.1901,1.347,0.9802,nan,nan,nan,nan,-0.2611,0.9375,0.8238,0.8724,nan,nan,0.3799,0.8748,nan,nan,7,
ts,sp,swish,4096,4096,1,10,3.321813e-05,3.146176e-05,3.54734e-05,nan,nan,nan,0.021026,118.13405,0.23198733506572167,nan,nan,nan,nan,,,0,0.20174999999999998,1.347,0.9802,nan,nan,nan,nan,-0.2611,0.9375,0.8238,0.8724,nan,nan,0.3799,0.8748,nan,nan,7,
ts,sp,tanh,64,64,1,10,0.01526268,0.01357074,0.01624895,nan,nan,nan,1.02175,50.8695,19.93316577909625,nan,nan,nan,nan,,,0,1.92895,0.8658,0.9498,nan,nan,nan,nan,-0.2281,0.8303,0.411,0.519,nan,nan,0.316,0.9781,nan,nan,7,
ts,sp,tanh,128,128,1,10,0.0074632565,0.007037702,0.0076998,nan,nan,nan,0.18515,47.3036,8.353414077130177,nan,nan,nan,nan,,,0,1.4508,0.8658,0.9498,nan,nan,nan,nan,-0.2281,0.8303,0.411,0.519,nan,nan,0.316,0.9781,nan,nan,7,
ts,sp,tanh,256,256,1,10,0.0030391485,0.002930662,0.003072455,nan,nan,nan,0.0939525,48.149649999999994,3.5220257812225384,nan,nan,nan,nan,,,0,1.0571000000000002,0.8658,0.9498,nan,nan,nan,nan,-0.2281,0.8303,0.411,0.519,nan,nan,0.316,0.9781,nan,nan,7,
ts,sp,tanh,512,512,1,10,0.001353656,0.00127766,0.001423102,nan,nan,nan,0.0587395,55.165499999999994,2.0613010944986927,nan,nan,nan,nan,,,0,0.84015,0.8658,0.9498,nan,nan,nan,nan,-0.2281,0.8303,0.411,0.519,nan,nan,0.316,0.9781,nan,nan,7,
ts,sp,tanh,1024,1024,1,10,0.0007311578,0.0006907891,0.0008192702,nan,nan,nan,0.0303175,69.44104999999999,1.7686935889169697,nan,nan,nan,nan,,,0,0.7183999999999999,0.8658,0.9498,nan,nan,nan,nan,-0.2281,0.8303,0.411,0.519,nan,nan,0.316,0.9781,nan,nan,7,
ts,sp,tanh,2048,2048,1,10,0.00063807945,0.0005778577,0.0006785101,nan,nan,nan,0.013448,92.9711,2.7516949865301,nan,nan,nan,nan,,,0,0.58655,0.8658,0.9498,nan,nan,nan,nan,-0.2281,0.8303,0.411,0.519,nan,nan,0.316,0.9781,nan,nan,7,
ts,sp,tanh,4096,4096,1,10,0.00046701575,0.0004445042,0.0004992813,nan,nan,nan,0.010285,125.49665,3.6812449688223277,nan,nan,nan,nan,,,0,0.5194,0.8658,0.9498,nan,nan,nan,nan,-0.2281,0.8303,0.411,0.519,nan,nan,0.316,0.9781,nan,nan,7,
