kind,shard,regime,act,width,seed,seedA,seedB,acc,accA,accB,barrier,dF_op,wmove,epochs,status,_src
net,0,ntk,relu,1,0.0,,,0.8827,,,,,0.4125,100,ok,param_cnn_v2_shard0.csv
net,0,ntk,relu,1,1.0,,,0.8884,,,,,0.4137,100,ok,param_cnn_v2_shard0.csv
net,0,ntk,relu,1,2.0,,,0.8845,,,,,0.4068,100,ok,param_cnn_v2_shard0.csv
net,0,ntk,relu,1,3.0,,,0.879,,,,,0.4117,100,ok,param_cnn_v2_shard0.csv
net,0,ntk,relu,1,4.0,,,0.8813,,,,,0.4051,100,ok,param_cnn_v2_shard0.csv
net,0,ntk,relu,2,0.0,,,0.8909,,,,,0.2198,100,ok,param_cnn_v2_shard0.csv
net,0,ntk,relu,2,1.0,,,0.8856,,,,,0.2227,100,ok,param_cnn_v2_shard0.csv
net,0,ntk,relu,2,2.0,,,0.8836,,,,,0.2198,100,ok,param_cnn_v2_shard0.csv
net,0,ntk,relu,2,3.0,,,0.8888,,,,,0.2217,100,ok,param_cnn_v2_shard0.csv
net,0,ntk,relu,2,4.0,,,0.8799,,,,,0.2204,100,ok,param_cnn_v2_shard0.csv
net,0,ntk,relu,4,0.0,,,0.8872,,,,,0.1158,100,ok,param_cnn_v2_shard0.csv
net,0,ntk,relu,4,1.0,,,0.8863,,,,,0.1164,100,ok,param_cnn_v2_shard0.csv
net,0,ntk,relu,4,2.0,,,0.8883,,,,,0.1197,100,ok,param_cnn_v2_shard0.csv
net,0,ntk,relu,4,3.0,,,0.8887,,,,,0.1174,100,ok,param_cnn_v2_shard0.csv
net,0,ntk,relu,4,4.0,,,0.8872,,,,,0.1173,100,ok,param_cnn_v2_shard0.csv
net,0,ntk,relu,8,0.0,,,0.8916,,,,,0.063,100,ok,param_cnn_v2_shard0.csv
net,0,ntk,relu,8,1.0,,,0.8872,,,,,0.0624,100,ok,param_cnn_v2_shard0.csv
net,0,ntk,relu,8,2.0,,,0.8868,,,,,0.063,100,ok,param_cnn_v2_shard0.csv
net,0,ntk,relu,8,3.0,,,0.8889,,,,,0.0629,100,ok,param_cnn_v2_shard0.csv
net,0,ntk,relu,8,4.0,,,0.8866,,,,,0.0625,100,ok,param_cnn_v2_shard0.csv
net,0,ntk,gelu,1,0.0,,,0.8808,,,,0.53384,0.4085,100,ok,param_cnn_v2_shard0.csv
net,0,ntk,gelu,1,1.0,,,0.8847,,,,1.979246,0.3981,100,ok,param_cnn_v2_shard0.csv
net,0,ntk,gelu,1,2.0,,,0.8814,,,,1.215369,0.4037,100,ok,param_cnn_v2_shard0.csv
net,0,ntk,gelu,1,3.0,,,0.8874,,,,0.804662,0.4208,100,ok,param_cnn_v2_shard0.csv
net,0,ntk,gelu,1,4.0,,,0.8863,,,,0.894314,0.4153,100,ok,param_cnn_v2_shard0.csv
net,0,ntk,gelu,2,0.0,,,0.8874,,,,0.343023,0.2178,100,ok,param_cnn_v2_shard0.csv
net,0,ntk,gelu,2,1.0,,,0.8843,,,,0.714003,0.2207,100,ok,param_cnn_v2_shard0.csv
net,0,ntk,gelu,2,2.0,,,0.8855,,,,0.825417,0.2157,100,ok,param_cnn_v2_shard0.csv
net,0,ntk,gelu,2,3.0,,,0.8885,,,,0.278964,0.2185,100,ok,param_cnn_v2_shard0.csv
net,0,ntk,gelu,2,4.0,,,0.8861,,,,0.27852,0.2228,100,ok,param_cnn_v2_shard0.csv
net,0,ntk,gelu,4,0.0,,,0.8916,,,,0.276313,0.1172,100,ok,param_cnn_v2_shard0.csv
net,0,ntk,gelu,4,1.0,,,0.8878,,,,0.600026,0.1155,100,ok,param_cnn_v2_shard0.csv
net,0,ntk,gelu,4,2.0,,,0.8866,,,,0.194313,0.1162,100,ok,param_cnn_v2_shard0.csv
net,0,ntk,gelu,4,3.0,,,0.8856,,,,0.530576,0.1157,100,ok,param_cnn_v2_shard0.csv
net,0,ntk,gelu,4,4.0,,,0.8862,,,,0.342161,0.1157,100,ok,param_cnn_v2_shard0.csv
net,0,ntk,gelu,8,0.0,,,0.8865,,,,0.181632,0.0625,100,ok,param_cnn_v2_shard0.csv
net,0,ntk,gelu,8,1.0,,,0.8888,,,,4.547216,0.063,100,ok,param_cnn_v2_shard0.csv
net,0,ntk,gelu,8,2.0,,,0.8878,,,,0.146185,0.0635,100,ok,param_cnn_v2_shard0.csv
net,0,ntk,gelu,8,3.0,,,0.8854,,,,0.307171,0.0635,100,ok,param_cnn_v2_shard0.csv
net,0,ntk,gelu,8,4.0,,,0.8862,,,,0.116377,0.0629,100,ok,param_cnn_v2_shard0.csv
net,0,ntk,tanh,1,0.0,,,0.8528,,,,0.947997,0.5232,100,ok,param_cnn_v2_shard0.csv
net,0,ntk,tanh,1,1.0,,,0.8512,,,,0.542084,0.5128,100,ok,param_cnn_v2_shard0.csv
net,0,ntk,tanh,1,2.0,,,0.852,,,,0.763426,0.5127,100,ok,param_cnn_v2_shard0.csv
net,0,ntk,tanh,1,3.0,,,0.8445,,,,0.411511,0.5209,100,ok,param_cnn_v2_shard0.csv
net,0,ntk,tanh,1,4.0,,,0.8582,,,,298.259399,0.5238,100,ok,param_cnn_v2_shard0.csv
net,0,ntk,tanh,2,0.0,,,0.8532,,,,0.258706,0.2715,100,ok,param_cnn_v2_shard0.csv
net,0,ntk,tanh,2,1.0,,,0.8603,,,,0.503041,0.2778,100,ok,param_cnn_v2_shard0.csv
net,0,ntk,tanh,2,2.0,,,0.8541,,,,0.21351,0.2714,100,ok,param_cnn_v2_shard0.csv
net,0,ntk,tanh,2,3.0,,,0.8478,,,,0.467698,0.2725,100,ok,param_cnn_v2_shard0.csv
net,0,ntk,tanh,2,4.0,,,0.8482,,,,0.196381,0.2752,100,ok,param_cnn_v2_shard0.csv
net,0,ntk,tanh,4,0.0,,,0.8455,,,,0.112236,0.1419,100,ok,param_cnn_v2_shard0.csv
net,0,ntk,tanh,4,1.0,,,0.8433,,,,0.08198,0.1407,100,ok,param_cnn_v2_shard0.csv
net,0,ntk,tanh,4,2.0,,,0.8519,,,,0.148866,0.1406,100,ok,param_cnn_v2_shard0.csv
net,0,ntk,tanh,4,3.0,,,0.846,,,,0.07366,0.1406,100,ok,param_cnn_v2_shard0.csv
net,0,ntk,tanh,4,4.0,,,0.8489,,,,0.126155,0.1389,100,ok,param_cnn_v2_shard0.csv
net,0,ntk,tanh,8,0.0,,,0.8316,,,,0.032987,0.0716,100,ok,param_cnn_v2_shard0.csv
net,0,ntk,tanh,8,1.0,,,0.8389,,,,0.062491,0.0715,100,ok,param_cnn_v2_shard0.csv
net,0,ntk,tanh,8,2.0,,,0.8348,,,,0.039484,0.0713,100,ok,param_cnn_v2_shard0.csv
net,0,ntk,tanh,8,3.0,,,0.8362,,,,0.035848,0.0712,100,ok,param_cnn_v2_shard0.csv
net,0,ntk,tanh,8,4.0,,,0.8332,,,,4.088213,0.0717,100,ok,param_cnn_v2_shard0.csv
net,1,ntk,swish,1,0.0,,,0.8869,,,,1.270477,0.4073,100,ok,param_cnn_v2_shard1.csv
net,1,ntk,swish,1,1.0,,,0.882,,,,0.450844,0.4136,100,ok,param_cnn_v2_shard1.csv
net,1,ntk,swish,1,2.0,,,0.884,,,,0.434438,0.4074,100,ok,param_cnn_v2_shard1.csv
net,1,ntk,swish,1,3.0,,,0.8837,,,,0.413268,0.4049,100,ok,param_cnn_v2_shard1.csv
net,1,ntk,swish,1,4.0,,,0.8787,,,,0.514879,0.4131,100,ok,param_cnn_v2_shard1.csv
net,1,ntk,swish,2,0.0,,,0.8871,,,,0.279877,0.2205,100,ok,param_cnn_v2_shard1.csv
net,1,ntk,swish,2,1.0,,,0.887,,,,0.200231,0.2205,100,ok,param_cnn_v2_shard1.csv
net,1,ntk,swish,2,2.0,,,0.8853,,,,0.936024,0.2187,100,ok,param_cnn_v2_shard1.csv
net,1,ntk,swish,2,3.0,,,0.8856,,,,0.212011,0.2193,100,ok,param_cnn_v2_shard1.csv
net,1,ntk,swish,2,4.0,,,0.8834,,,,0.290344,0.2166,100,ok,param_cnn_v2_shard1.csv
net,1,ntk,swish,4,0.0,,,0.888,,,,0.26433,0.1178,100,ok,param_cnn_v2_shard1.csv
net,1,ntk,swish,4,1.0,,,0.8893,,,,3.324063,0.1181,100,ok,param_cnn_v2_shard1.csv
net,1,ntk,swish,4,2.0,,,0.8897,,,,0.173981,0.1183,100,ok,param_cnn_v2_shard1.csv
net,1,ntk,swish,4,3.0,,,0.89,,,,0.327754,0.1199,100,ok,param_cnn_v2_shard1.csv
net,1,ntk,swish,4,4.0,,,0.8892,,,,0.244616,0.116,100,ok,param_cnn_v2_shard1.csv
net,1,ntk,swish,8,0.0,,,0.8861,,,,0.115135,0.0631,100,ok,param_cnn_v2_shard1.csv
net,1,ntk,swish,8,1.0,,,0.8828,,,,0.997653,0.0636,100,ok,param_cnn_v2_shard1.csv
net,1,ntk,swish,8,2.0,,,0.8813,,,,0.160535,0.0626,100,ok,param_cnn_v2_shard1.csv
net,1,ntk,swish,8,3.0,,,0.8866,,,,0.238873,0.0624,100,ok,param_cnn_v2_shard1.csv
net,1,ntk,swish,8,4.0,,,0.8864,,,,0.135776,0.0629,100,ok,param_cnn_v2_shard1.csv
net,1,ntk,softplus,1,0.0,,,0.8766,,,,0.24168,0.4264,100,ok,param_cnn_v2_shard1.csv
net,1,ntk,softplus,1,1.0,,,0.8699,,,,4.420518,0.422,100,ok,param_cnn_v2_shard1.csv
net,1,ntk,softplus,1,2.0,,,0.8743,,,,8.495915,0.4185,100,ok,param_cnn_v2_shard1.csv
net,1,ntk,softplus,1,3.0,,,0.88,,,,0.460622,0.4315,100,ok,param_cnn_v2_shard1.csv
net,1,ntk,softplus,1,4.0,,,0.8738,,,,0.276397,0.4192,100,ok,param_cnn_v2_shard1.csv
net,1,ntk,softplus,2,0.0,,,0.877,,,,0.172331,0.226,100,ok,param_cnn_v2_shard1.csv
net,1,ntk,softplus,2,1.0,,,0.8822,,,,0.304781,0.224,100,ok,param_cnn_v2_shard1.csv
net,1,ntk,softplus,2,2.0,,,0.88,,,,0.228375,0.2277,100,ok,param_cnn_v2_shard1.csv
net,1,ntk,softplus,2,3.0,,,0.8747,,,,13.386504,0.2241,100,ok,param_cnn_v2_shard1.csv
net,1,ntk,softplus,2,4.0,,,0.8774,,,,0.231181,0.2274,100,ok,param_cnn_v2_shard1.csv
net,1,ntk,softplus,4,0.0,,,0.8769,,,,0.132954,0.1221,100,ok,param_cnn_v2_shard1.csv
net,1,ntk,softplus,4,1.0,,,0.874,,,,0.110734,0.1223,100,ok,param_cnn_v2_shard1.csv
net,1,ntk,softplus,4,2.0,,,0.8745,,,,0.152928,0.1224,100,ok,param_cnn_v2_shard1.csv
net,1,ntk,softplus,4,3.0,,,0.8754,,,,0.092685,0.1238,100,ok,param_cnn_v2_shard1.csv
net,1,ntk,softplus,4,4.0,,,0.8745,,,,52.147743,0.1243,100,ok,param_cnn_v2_shard1.csv
net,1,ntk,softplus,8,0.0,,,0.8756,,,,0.084896,0.0677,100,ok,param_cnn_v2_shard1.csv
net,1,ntk,softplus,8,1.0,,,0.8762,,,,40.95507,0.0668,100,ok,param_cnn_v2_shard1.csv
net,1,ntk,softplus,8,2.0,,,0.8702,,,,0.040468,0.0664,100,ok,param_cnn_v2_shard1.csv
net,1,ntk,softplus,8,3.0,,,0.8684,,,,0.055639,0.0658,100,ok,param_cnn_v2_shard1.csv
net,1,ntk,softplus,8,4.0,,,0.8739,,,,0.076195,0.0666,100,ok,param_cnn_v2_shard1.csv
net,2,sp,relu,1,0.0,,,0.914,,,,,3.1342,100,ok,param_cnn_v2_shard2.csv
net,2,sp,relu,1,1.0,,,0.9122,,,,,3.1872,100,ok,param_cnn_v2_shard2.csv
net,2,sp,relu,1,2.0,,,0.9138,,,,,3.1788,100,ok,param_cnn_v2_shard2.csv
net,2,sp,relu,1,3.0,,,0.9134,,,,,3.1985,100,ok,param_cnn_v2_shard2.csv
net,2,sp,relu,1,4.0,,,0.915,,,,,3.1298,100,ok,param_cnn_v2_shard2.csv
net,2,sp,relu,2,0.0,,,0.9168,,,,,2.3101,100,ok,param_cnn_v2_shard2.csv
net,2,sp,relu,2,1.0,,,0.9168,,,,,2.3253,100,ok,param_cnn_v2_shard2.csv
net,2,sp,relu,2,2.0,,,0.9201,,,,,2.316,100,ok,param_cnn_v2_shard2.csv
net,2,sp,relu,2,3.0,,,0.916,,,,,2.3315,100,ok,param_cnn_v2_shard2.csv
net,2,sp,relu,2,4.0,,,0.9175,,,,,2.3072,100,ok,param_cnn_v2_shard2.csv
net,2,sp,relu,4,0.0,,,0.9227,,,,,1.5319,100,ok,param_cnn_v2_shard2.csv
net,2,sp,relu,4,1.0,,,0.9246,,,,,1.5477,100,ok,param_cnn_v2_shard2.csv
net,2,sp,relu,4,2.0,,,0.9211,,,,,1.5555,100,ok,param_cnn_v2_shard2.csv
net,2,sp,relu,4,3.0,,,0.9186,,,,,1.5564,100,ok,param_cnn_v2_shard2.csv
net,2,sp,relu,4,4.0,,,0.9244,,,,,1.5506,100,ok,param_cnn_v2_shard2.csv
net,2,sp,relu,8,0.0,,,0.9261,,,,,1.056,100,ok,param_cnn_v2_shard2.csv
net,2,sp,relu,8,1.0,,,0.925,,,,,1.0584,100,ok,param_cnn_v2_shard2.csv
net,2,sp,relu,8,2.0,,,0.9302,,,,,1.0555,100,ok,param_cnn_v2_shard2.csv
net,2,sp,relu,8,3.0,,,0.9273,,,,,1.0655,100,ok,param_cnn_v2_shard2.csv
net,2,sp,relu,8,4.0,,,0.9301,,,,,1.0587,100,ok,param_cnn_v2_shard2.csv
net,2,sp,gelu,1,0.0,,,0.9104,,,,5.475032,3.1693,100,ok,param_cnn_v2_shard2.csv
net,2,sp,gelu,1,1.0,,,0.9096,,,,4.833419,3.2116,100,ok,param_cnn_v2_shard2.csv
net,2,sp,gelu,1,2.0,,,0.9133,,,,3.630984,3.1794,100,ok,param_cnn_v2_shard2.csv
net,2,sp,gelu,1,3.0,,,0.9096,,,,2.509604,3.1983,100,ok,param_cnn_v2_shard2.csv
net,2,sp,gelu,1,4.0,,,0.9132,,,,4.707598,3.1674,100,ok,param_cnn_v2_shard2.csv
net,2,sp,gelu,2,0.0,,,0.9196,,,,7.702084,2.2183,100,ok,param_cnn_v2_shard2.csv
net,2,sp,gelu,2,1.0,,,0.9191,,,,6.271892,2.2367,100,ok,param_cnn_v2_shard2.csv
net,2,sp,gelu,2,2.0,,,0.9185,,,,1.178194,2.226,100,ok,param_cnn_v2_shard2.csv
net,2,sp,gelu,2,3.0,,,0.9172,,,,1.613442,2.2141,100,ok,param_cnn_v2_shard2.csv
net,2,sp,gelu,2,4.0,,,0.9202,,,,1.761868,2.2195,100,ok,param_cnn_v2_shard2.csv
net,2,sp,gelu,4,0.0,,,0.9244,,,,1.005548,1.4133,100,ok,param_cnn_v2_shard2.csv
net,2,sp,gelu,4,1.0,,,0.9246,,,,0.788345,1.4183,100,ok,param_cnn_v2_shard2.csv
net,2,sp,gelu,4,2.0,,,0.9267,,,,0.476011,1.4239,100,ok,param_cnn_v2_shard2.csv
net,2,sp,gelu,4,3.0,,,0.9262,,,,0.888391,1.4181,100,ok,param_cnn_v2_shard2.csv
net,2,sp,gelu,4,4.0,,,0.9264,,,,0.391685,1.4196,100,ok,param_cnn_v2_shard2.csv
net,2,sp,gelu,8,0.0,,,0.9301,,,,0.343484,0.9585,100,ok,param_cnn_v2_shard2.csv
net,2,sp,gelu,8,1.0,,,0.9304,,,,0.148479,0.9603,100,ok,param_cnn_v2_shard2.csv
net,2,sp,gelu,8,2.0,,,0.932,,,,0.176791,0.9568,100,ok,param_cnn_v2_shard2.csv
net,2,sp,gelu,8,3.0,,,0.9273,,,,0.247667,0.9597,100,ok,param_cnn_v2_shard2.csv
net,2,sp,gelu,8,4.0,,,0.9312,,,,0.297772,0.9611,100,ok,param_cnn_v2_shard2.csv
net,2,sp,tanh,1,0.0,,,0.9115,,,,7.740278,3.5981,100,ok,param_cnn_v2_shard2.csv
net,2,sp,tanh,1,1.0,,,0.9104,,,,5.574408,3.6519,100,ok,param_cnn_v2_shard2.csv
net,2,sp,tanh,1,2.0,,,0.9117,,,,2.269006,3.5705,100,ok,param_cnn_v2_shard2.csv
net,2,sp,tanh,1,3.0,,,0.9106,,,,2.212127,3.5924,100,ok,param_cnn_v2_shard2.csv
net,2,sp,tanh,1,4.0,,,0.911,,,,1.845591,3.5906,100,ok,param_cnn_v2_shard2.csv
net,2,sp,tanh,2,0.0,,,0.9166,,,,5.25486,2.4889,100,ok,param_cnn_v2_shard2.csv
net,2,sp,tanh,2,1.0,,,0.9174,,,,0.984814,2.4702,100,ok,param_cnn_v2_shard2.csv
net,2,sp,tanh,2,2.0,,,0.9221,,,,4.708794,2.5135,100,ok,param_cnn_v2_shard2.csv
net,2,sp,tanh,2,3.0,,,0.917,,,,1.745348,2.5066,100,ok,param_cnn_v2_shard2.csv
net,2,sp,tanh,2,4.0,,,0.9201,,,,1.597041,2.5069,100,ok,param_cnn_v2_shard2.csv
net,2,sp,tanh,4,0.0,,,0.922,,,,1.231121,1.6388,100,ok,param_cnn_v2_shard2.csv
net,2,sp,tanh,4,1.0,,,0.924,,,,1.163759,1.6267,100,ok,param_cnn_v2_shard2.csv
net,2,sp,tanh,4,2.0,,,0.9219,,,,2.281768,1.6198,100,ok,param_cnn_v2_shard2.csv
net,2,sp,tanh,4,3.0,,,0.9202,,,,1.011928,1.6337,100,ok,param_cnn_v2_shard2.csv
net,2,sp,tanh,4,4.0,,,0.9211,,,,1.266522,1.64,100,ok,param_cnn_v2_shard2.csv
net,2,sp,tanh,8,0.0,,,0.929,,,,0.654658,1.0758,100,ok,param_cnn_v2_shard2.csv
net,2,sp,tanh,8,1.0,,,0.9277,,,,1.182208,1.0767,100,ok,param_cnn_v2_shard2.csv
net,2,sp,tanh,8,2.0,,,0.9247,,,,0.449036,1.0883,100,ok,param_cnn_v2_shard2.csv
net,2,sp,tanh,8,3.0,,,0.9272,,,,0.742297,1.0843,100,ok,param_cnn_v2_shard2.csv
net,2,sp,tanh,8,4.0,,,0.9267,,,,0.475486,1.0811,100,ok,param_cnn_v2_shard2.csv
net,3,sp,swish,1,0.0,,,0.9051,,,,3.469525,3.1327,100,ok,param_cnn_v2_shard3.csv
net,3,sp,swish,1,1.0,,,0.9063,,,,2.917409,3.1644,100,ok,param_cnn_v2_shard3.csv
net,3,sp,swish,1,2.0,,,0.9075,,,,4.267331,3.0926,100,ok,param_cnn_v2_shard3.csv
net,3,sp,swish,1,3.0,,,0.9073,,,,5.000052,3.1261,100,ok,param_cnn_v2_shard3.csv
net,3,sp,swish,1,4.0,,,0.9079,,,,3.753892,3.194,100,ok,param_cnn_v2_shard3.csv
net,3,sp,swish,2,0.0,,,0.9165,,,,2.902298,2.2326,100,ok,param_cnn_v2_shard3.csv
net,3,sp,swish,2,1.0,,,0.916,,,,0.759297,2.2463,100,ok,param_cnn_v2_shard3.csv
net,3,sp,swish,2,2.0,,,0.9149,,,,1.018203,2.2205,100,ok,param_cnn_v2_shard3.csv
net,3,sp,swish,2,3.0,,,0.9146,,,,1.212258,2.2265,100,ok,param_cnn_v2_shard3.csv
net,3,sp,swish,2,4.0,,,0.9161,,,,0.827352,2.2329,100,ok,param_cnn_v2_shard3.csv
net,3,sp,swish,4,0.0,,,0.9237,,,,0.305295,1.4625,100,ok,param_cnn_v2_shard3.csv
net,3,sp,swish,4,1.0,,,0.9238,,,,0.391106,1.4607,100,ok,param_cnn_v2_shard3.csv
net,3,sp,swish,4,2.0,,,0.9228,,,,0.930563,1.4496,100,ok,param_cnn_v2_shard3.csv
net,3,sp,swish,4,3.0,,,0.9206,,,,0.314548,1.4611,100,ok,param_cnn_v2_shard3.csv
net,3,sp,swish,4,4.0,,,0.9243,,,,0.377634,1.4503,100,ok,param_cnn_v2_shard3.csv
net,3,sp,swish,8,0.0,,,0.9254,,,,0.3054,0.979,100,ok,param_cnn_v2_shard3.csv
net,3,sp,swish,8,1.0,,,0.9262,,,,0.181997,0.9856,100,ok,param_cnn_v2_shard3.csv
net,3,sp,swish,8,2.0,,,0.9275,,,,0.358914,0.9877,100,ok,param_cnn_v2_shard3.csv
net,3,sp,swish,8,3.0,,,0.9303,,,,0.237049,0.9866,100,ok,param_cnn_v2_shard3.csv
net,3,sp,swish,8,4.0,,,0.9278,,,,0.176986,0.9806,100,ok,param_cnn_v2_shard3.csv
net,3,sp,softplus,1,0.0,,,0.9041,,,,1.303025,3.1346,100,ok,param_cnn_v2_shard3.csv
net,3,sp,softplus,1,1.0,,,0.9022,,,,1.051803,3.1177,100,ok,param_cnn_v2_shard3.csv
net,3,sp,softplus,1,2.0,,,0.9044,,,,1.497412,3.1483,100,ok,param_cnn_v2_shard3.csv
net,3,sp,softplus,1,3.0,,,0.9064,,,,0.673029,3.0877,100,ok,param_cnn_v2_shard3.csv
net,3,sp,softplus,1,4.0,,,0.9027,,,,1.312211,3.0694,100,ok,param_cnn_v2_shard3.csv
net,3,sp,softplus,2,0.0,,,0.9113,,,,0.945911,2.2946,100,ok,param_cnn_v2_shard3.csv
net,3,sp,softplus,2,1.0,,,0.9137,,,,0.715491,2.2726,100,ok,param_cnn_v2_shard3.csv
net,3,sp,softplus,2,2.0,,,0.9112,,,,0.7671,2.2863,100,ok,param_cnn_v2_shard3.csv
net,3,sp,softplus,2,3.0,,,0.9116,,,,6.269689,2.2844,100,ok,param_cnn_v2_shard3.csv
net,3,sp,softplus,2,4.0,,,0.9129,,,,0.693322,2.2347,100,ok,param_cnn_v2_shard3.csv
net,3,sp,softplus,4,0.0,,,0.9154,,,,3.245312,1.6121,100,ok,param_cnn_v2_shard3.csv
net,3,sp,softplus,4,1.0,,,0.9153,,,,1.578495,1.6215,100,ok,param_cnn_v2_shard3.csv
net,3,sp,softplus,4,2.0,,,0.9165,,,,4.919703,1.651,100,ok,param_cnn_v2_shard3.csv
net,3,sp,softplus,4,3.0,,,0.9153,,,,1.10399,1.6451,100,ok,param_cnn_v2_shard3.csv
net,3,sp,softplus,4,4.0,,,0.9145,,,,1.100219,1.6383,100,ok,param_cnn_v2_shard3.csv
net,3,sp,softplus,8,0.0,,,0.9131,,,,2.736318,1.1128,100,ok,param_cnn_v2_shard3.csv
net,3,sp,softplus,8,1.0,,,0.9162,,,,1.734887,1.1097,100,ok,param_cnn_v2_shard3.csv
net,3,sp,softplus,8,2.0,,,0.9182,,,,0.781755,1.1091,100,ok,param_cnn_v2_shard3.csv
net,3,sp,softplus,8,3.0,,,0.9154,,,,1.111441,1.1076,100,ok,param_cnn_v2_shard3.csv
net,3,sp,softplus,8,4.0,,,0.9149,,,,1.234396,1.1186,100,ok,param_cnn_v2_shard3.csv
net,4,mup,relu,1,0.0,,,0.9121,,,,,4.2349,100,ok,param_cnn_v2_shard4.csv
net,4,mup,relu,1,1.0,,,0.913,,,,,4.0899,100,ok,param_cnn_v2_shard4.csv
net,4,mup,relu,1,2.0,,,0.909,,,,,4.1377,100,ok,param_cnn_v2_shard4.csv
net,4,mup,relu,1,3.0,,,0.9102,,,,,4.1831,100,ok,param_cnn_v2_shard4.csv
net,4,mup,relu,1,4.0,,,0.9088,,,,,4.1314,100,ok,param_cnn_v2_shard4.csv
net,4,mup,relu,2,0.0,,,0.9183,,,,,3.6281,100,ok,param_cnn_v2_shard4.csv
net,4,mup,relu,2,1.0,,,0.9157,,,,,3.6477,100,ok,param_cnn_v2_shard4.csv
net,4,mup,relu,2,2.0,,,0.9151,,,,,3.6241,100,ok,param_cnn_v2_shard4.csv
net,4,mup,relu,2,3.0,,,0.9151,,,,,3.6265,100,ok,param_cnn_v2_shard4.csv
net,4,mup,relu,2,4.0,,,0.9155,,,,,3.6372,100,ok,param_cnn_v2_shard4.csv
net,4,mup,relu,4,0.0,,,0.9205,,,,,3.1092,100,ok,param_cnn_v2_shard4.csv
net,4,mup,relu,4,1.0,,,0.9171,,,,,3.1179,100,ok,param_cnn_v2_shard4.csv
net,4,mup,relu,4,2.0,,,0.9172,,,,,3.121,100,ok,param_cnn_v2_shard4.csv
net,4,mup,relu,4,3.0,,,0.9206,,,,,3.1167,100,ok,param_cnn_v2_shard4.csv
net,4,mup,relu,4,4.0,,,0.9173,,,,,3.1192,100,ok,param_cnn_v2_shard4.csv
net,4,mup,relu,8,0.0,,,0.9221,,,,,2.7426,100,ok,param_cnn_v2_shard4.csv
net,4,mup,relu,8,1.0,,,0.9198,,,,,2.7588,100,ok,param_cnn_v2_shard4.csv
net,4,mup,relu,8,2.0,,,0.9227,,,,,2.7531,100,ok,param_cnn_v2_shard4.csv
net,4,mup,relu,8,3.0,,,0.9229,,,,,2.7612,100,ok,param_cnn_v2_shard4.csv
net,4,mup,relu,8,4.0,,,0.9193,,,,,2.7359,100,ok,param_cnn_v2_shard4.csv
net,4,mup,gelu,1,0.0,,,0.9099,,,,4.284283,4.1103,100,ok,param_cnn_v2_shard4.csv
net,4,mup,gelu,1,1.0,,,0.9132,,,,3.543494,4.0742,100,ok,param_cnn_v2_shard4.csv
net,4,mup,gelu,1,2.0,,,0.9102,,,,5.938237,4.099,100,ok,param_cnn_v2_shard4.csv
net,4,mup,gelu,1,3.0,,,0.9112,,,,8.385318,4.1277,100,ok,param_cnn_v2_shard4.csv
net,4,mup,gelu,1,4.0,,,0.9101,,,,5.34048,4.0984,100,ok,param_cnn_v2_shard4.csv
net,4,mup,gelu,2,0.0,,,0.9152,,,,0.8258,3.451,100,ok,param_cnn_v2_shard4.csv
net,4,mup,gelu,2,1.0,,,0.9127,,,,1.464916,3.4435,100,ok,param_cnn_v2_shard4.csv
net,4,mup,gelu,2,2.0,,,0.9164,,,,5.622135,3.4522,100,ok,param_cnn_v2_shard4.csv
net,4,mup,gelu,2,3.0,,,0.9144,,,,5.305651,3.4284,100,ok,param_cnn_v2_shard4.csv
net,4,mup,gelu,2,4.0,,,0.9143,,,,1.318036,3.4194,100,ok,param_cnn_v2_shard4.csv
net,4,mup,gelu,4,0.0,,,0.9192,,,,0.701008,2.8544,100,ok,param_cnn_v2_shard4.csv
net,4,mup,gelu,4,1.0,,,0.9196,,,,0.458814,2.8557,100,ok,param_cnn_v2_shard4.csv
net,4,mup,gelu,4,2.0,,,0.9186,,,,0.562404,2.8543,100,ok,param_cnn_v2_shard4.csv
net,4,mup,gelu,4,3.0,,,0.9193,,,,0.417053,2.8615,100,ok,param_cnn_v2_shard4.csv
net,4,mup,gelu,4,4.0,,,0.9202,,,,0.446252,2.8674,100,ok,param_cnn_v2_shard4.csv
net,4,mup,gelu,8,0.0,,,0.9218,,,,0.175975,2.5163,100,ok,param_cnn_v2_shard4.csv
net,4,mup,gelu,8,1.0,,,0.9216,,,,0.897344,2.5316,100,ok,param_cnn_v2_shard4.csv
net,4,mup,gelu,8,2.0,,,0.9203,,,,0.066408,2.5193,100,ok,param_cnn_v2_shard4.csv
net,4,mup,gelu,8,3.0,,,0.9237,,,,0.095319,2.4978,100,ok,param_cnn_v2_shard4.csv
net,4,mup,gelu,8,4.0,,,0.9215,,,,0.706022,2.5099,100,ok,param_cnn_v2_shard4.csv
net,4,mup,tanh,1,0.0,,,0.9126,,,,5.434114,4.3268,100,ok,param_cnn_v2_shard4.csv
net,4,mup,tanh,1,1.0,,,0.9116,,,,4.697559,4.3524,100,ok,param_cnn_v2_shard4.csv
net,4,mup,tanh,1,2.0,,,0.9113,,,,5.408733,4.3025,100,ok,param_cnn_v2_shard4.csv
net,4,mup,tanh,1,3.0,,,0.9079,,,,2.484207,4.3655,100,ok,param_cnn_v2_shard4.csv
net,4,mup,tanh,1,4.0,,,0.9101,,,,3.95389,4.3235,100,ok,param_cnn_v2_shard4.csv
net,4,mup,tanh,2,0.0,,,0.907,,,,2.741209,3.6003,100,ok,param_cnn_v2_shard4.csv
net,4,mup,tanh,2,1.0,,,0.9131,,,,4.638813,3.6195,100,ok,param_cnn_v2_shard4.csv
net,4,mup,tanh,2,2.0,,,0.9135,,,,6.95684,3.6432,100,ok,param_cnn_v2_shard4.csv
net,4,mup,tanh,2,3.0,,,0.9111,,,,3.468099,3.6211,100,ok,param_cnn_v2_shard4.csv
net,4,mup,tanh,2,4.0,,,0.9141,,,,2.502023,3.6363,100,ok,param_cnn_v2_shard4.csv
net,4,mup,tanh,4,0.0,,,0.9137,,,,2.517746,3.2281,100,ok,param_cnn_v2_shard4.csv
net,4,mup,tanh,4,1.0,,,0.913,,,,2.710184,3.2458,100,ok,param_cnn_v2_shard4.csv
net,4,mup,tanh,4,2.0,,,0.9127,,,,1.635959,3.2396,100,ok,param_cnn_v2_shard4.csv
net,4,mup,tanh,4,3.0,,,0.9141,,,,0.677272,3.2346,100,ok,param_cnn_v2_shard4.csv
net,4,mup,tanh,4,4.0,,,0.9143,,,,1.05849,3.2253,100,ok,param_cnn_v2_shard4.csv
net,4,mup,tanh,8,0.0,,,0.9184,,,,0.054325,2.9226,100,ok,param_cnn_v2_shard4.csv
net,4,mup,tanh,8,1.0,,,0.9139,,,,0.138693,2.9566,100,ok,param_cnn_v2_shard4.csv
net,4,mup,tanh,8,2.0,,,0.9233,,,,0.21177,2.9118,100,ok,param_cnn_v2_shard4.csv
net,4,mup,tanh,8,3.0,,,0.9185,,,,0.241283,2.9173,100,ok,param_cnn_v2_shard4.csv
net,4,mup,tanh,8,4.0,,,0.9188,,,,0.183608,2.9189,100,ok,param_cnn_v2_shard4.csv
net,5,mup,swish,1,0.0,,,0.9047,,,,5.935395,4.0781,100,ok,param_cnn_v2_shard5.csv
net,5,mup,swish,1,1.0,,,0.9086,,,,4.614669,4.0744,100,ok,param_cnn_v2_shard5.csv
net,5,mup,swish,1,2.0,,,0.9075,,,,4.059464,4.0926,100,ok,param_cnn_v2_shard5.csv
net,5,mup,swish,1,3.0,,,0.9061,,,,4.813575,4.0891,100,ok,param_cnn_v2_shard5.csv
net,5,mup,swish,1,4.0,,,0.9099,,,,3.134148,4.1195,100,ok,param_cnn_v2_shard5.csv
net,5,mup,swish,2,0.0,,,0.9142,,,,1.043681,3.4278,100,ok,param_cnn_v2_shard5.csv
net,5,mup,swish,2,1.0,,,0.9142,,,,0.731716,3.4738,100,ok,param_cnn_v2_shard5.csv
net,5,mup,swish,2,2.0,,,0.9129,,,,4.864965,3.4549,100,ok,param_cnn_v2_shard5.csv
net,5,mup,swish,2,3.0,,,0.9108,,,,2.902599,3.442,100,ok,param_cnn_v2_shard5.csv
net,5,mup,swish,2,4.0,,,0.9163,,,,1.959972,3.4604,100,ok,param_cnn_v2_shard5.csv
net,5,mup,swish,4,0.0,,,0.9205,,,,0.390111,2.927,100,ok,param_cnn_v2_shard5.csv
net,5,mup,swish,4,1.0,,,0.9183,,,,0.227223,2.9315,100,ok,param_cnn_v2_shard5.csv
net,5,mup,swish,4,2.0,,,0.9179,,,,0.29794,2.9323,100,ok,param_cnn_v2_shard5.csv
net,5,mup,swish,4,3.0,,,0.9201,,,,0.308227,2.9053,100,ok,param_cnn_v2_shard5.csv
net,5,mup,swish,4,4.0,,,0.9169,,,,0.206156,2.9057,100,ok,param_cnn_v2_shard5.csv
net,5,mup,swish,8,0.0,,,0.9227,,,,0.395601,2.5715,100,ok,param_cnn_v2_shard5.csv
net,5,mup,swish,8,1.0,,,0.9217,,,,0.197365,2.5531,100,ok,param_cnn_v2_shard5.csv
net,5,mup,swish,8,2.0,,,0.9214,,,,0.087789,2.5655,100,ok,param_cnn_v2_shard5.csv
net,5,mup,swish,8,3.0,,,0.9216,,,,0.146451,2.5762,100,ok,param_cnn_v2_shard5.csv
net,5,mup,swish,8,4.0,,,0.9176,,,,0.55999,2.5762,100,ok,param_cnn_v2_shard5.csv
net,5,mup,softplus,1,0.0,,,0.908,,,,3.453061,4.0953,100,ok,param_cnn_v2_shard5.csv
net,5,mup,softplus,1,1.0,,,0.9047,,,,1.668379,4.1223,100,ok,param_cnn_v2_shard5.csv
net,5,mup,softplus,1,2.0,,,0.9025,,,,1.253234,4.0875,100,ok,param_cnn_v2_shard5.csv
net,5,mup,softplus,1,3.0,,,0.9055,,,,1.987827,3.9541,100,ok,param_cnn_v2_shard5.csv
net,5,mup,softplus,1,4.0,,,0.9072,,,,2.967726,4.1105,100,ok,param_cnn_v2_shard5.csv
net,5,mup,softplus,2,0.0,,,0.9113,,,,2.301815,3.6389,100,ok,param_cnn_v2_shard5.csv
net,5,mup,softplus,2,1.0,,,0.9095,,,,0.378027,3.6083,100,ok,param_cnn_v2_shard5.csv
net,5,mup,softplus,2,2.0,,,0.9096,,,,0.638696,3.6372,100,ok,param_cnn_v2_shard5.csv
net,5,mup,softplus,2,3.0,,,0.912,,,,0.572189,3.6986,100,ok,param_cnn_v2_shard5.csv
net,5,mup,softplus,2,4.0,,,0.9103,,,,0.603406,3.6353,100,ok,param_cnn_v2_shard5.csv
net,5,mup,softplus,4,0.0,,,0.9107,,,,0.294837,3.2837,100,ok,param_cnn_v2_shard5.csv
net,5,mup,softplus,4,1.0,,,0.9153,,,,0.195534,3.271,100,ok,param_cnn_v2_shard5.csv
net,5,mup,softplus,4,2.0,,,0.915,,,,0.847871,3.3047,100,ok,param_cnn_v2_shard5.csv
net,5,mup,softplus,4,3.0,,,0.9136,,,,0.585873,3.3014,100,ok,param_cnn_v2_shard5.csv
net,5,mup,softplus,4,4.0,,,0.9156,,,,0.165603,3.2866,100,ok,param_cnn_v2_shard5.csv
net,5,mup,softplus,8,0.0,,,0.9131,,,,0.042058,2.9173,100,ok,param_cnn_v2_shard5.csv
net,5,mup,softplus,8,1.0,,,0.9149,,,,0.070422,2.9419,100,ok,param_cnn_v2_shard5.csv
net,5,mup,softplus,8,2.0,,,0.9141,,,,0.099943,2.9821,100,ok,param_cnn_v2_shard5.csv
net,5,mup,softplus,8,3.0,,,0.9153,,,,0.071158,2.9795,100,ok,param_cnn_v2_shard5.csv
net,5,mup,softplus,8,4.0,,,0.9132,,,,0.080415,2.9627,100,ok,param_cnn_v2_shard5.csv
pair,0,ntk,relu,1,,0.0,1.0,,0.8827,0.8884,6.3847,,,100,ok,param_cnn_v2_shard0.csv
pair,0,ntk,relu,1,,0.0,2.0,,0.8827,0.8845,3.6992,,,100,ok,param_cnn_v2_shard0.csv
pair,0,ntk,relu,1,,0.0,3.0,,0.8827,0.879,6.9532,,,100,ok,param_cnn_v2_shard0.csv
pair,0,ntk,relu,1,,0.0,4.0,,0.8827,0.8813,7.355,,,100,ok,param_cnn_v2_shard0.csv
pair,0,ntk,relu,1,,1.0,2.0,,0.8884,0.8845,3.4535,,,100,ok,param_cnn_v2_shard0.csv
pair,0,ntk,relu,1,,1.0,3.0,,0.8884,0.879,4.516,,,100,ok,param_cnn_v2_shard0.csv
pair,0,ntk,relu,1,,1.0,4.0,,0.8884,0.8813,4.0294,,,100,ok,param_cnn_v2_shard0.csv
pair,0,ntk,relu,1,,2.0,3.0,,0.8845,0.879,2.741,,,100,ok,param_cnn_v2_shard0.csv
pair,0,ntk,relu,1,,2.0,4.0,,0.8845,0.8813,5.8633,,,100,ok,param_cnn_v2_shard0.csv
pair,0,ntk,relu,1,,3.0,4.0,,0.879,0.8813,4.6939,,,100,ok,param_cnn_v2_shard0.csv
pair,0,ntk,relu,2,,0.0,1.0,,0.8909,0.8856,3.406,,,100,ok,param_cnn_v2_shard0.csv
pair,0,ntk,relu,2,,0.0,2.0,,0.8909,0.8836,6.9516,,,100,ok,param_cnn_v2_shard0.csv
pair,0,ntk,relu,2,,0.0,3.0,,0.8909,0.8888,4.7894,,,100,ok,param_cnn_v2_shard0.csv
pair,0,ntk,relu,2,,0.0,4.0,,0.8909,0.8799,9.2456,,,100,ok,param_cnn_v2_shard0.csv
pair,0,ntk,relu,2,,1.0,2.0,,0.8856,0.8836,8.2615,,,100,ok,param_cnn_v2_shard0.csv
pair,0,ntk,relu,2,,1.0,3.0,,0.8856,0.8888,2.7075,,,100,ok,param_cnn_v2_shard0.csv
pair,0,ntk,relu,2,,1.0,4.0,,0.8856,0.8799,6.1106,,,100,ok,param_cnn_v2_shard0.csv
pair,0,ntk,relu,2,,2.0,3.0,,0.8836,0.8888,5.6213,,,100,ok,param_cnn_v2_shard0.csv
pair,0,ntk,relu,2,,2.0,4.0,,0.8836,0.8799,3.7801,,,100,ok,param_cnn_v2_shard0.csv
pair,0,ntk,relu,2,,3.0,4.0,,0.8888,0.8799,4.637,,,100,ok,param_cnn_v2_shard0.csv
pair,0,ntk,relu,4,,0.0,1.0,,0.8872,0.8863,5.3085,,,100,ok,param_cnn_v2_shard0.csv
pair,0,ntk,relu,4,,0.0,2.0,,0.8872,0.8883,4.786,,,100,ok,param_cnn_v2_shard0.csv
pair,0,ntk,relu,4,,0.0,3.0,,0.8872,0.8887,3.3605,,,100,ok,param_cnn_v2_shard0.csv
pair,0,ntk,relu,4,,0.0,4.0,,0.8872,0.8872,9.8698,,,100,ok,param_cnn_v2_shard0.csv
pair,0,ntk,relu,4,,1.0,2.0,,0.8863,0.8883,5.2744,,,100,ok,param_cnn_v2_shard0.csv
pair,0,ntk,relu,4,,1.0,3.0,,0.8863,0.8887,3.6995,,,100,ok,param_cnn_v2_shard0.csv
pair,0,ntk,relu,4,,1.0,4.0,,0.8863,0.8872,2.3028,,,100,ok,param_cnn_v2_shard0.csv
pair,0,ntk,relu,4,,2.0,3.0,,0.8883,0.8887,3.7071,,,100,ok,param_cnn_v2_shard0.csv
pair,0,ntk,relu,4,,2.0,4.0,,0.8883,0.8872,3.9883,,,100,ok,param_cnn_v2_shard0.csv
pair,0,ntk,relu,4,,3.0,4.0,,0.8887,0.8872,4.5438,,,100,ok,param_cnn_v2_shard0.csv
pair,0,ntk,relu,8,,0.0,1.0,,0.8916,0.8872,5.0673,,,100,ok,param_cnn_v2_shard0.csv
pair,0,ntk,relu,8,,0.0,2.0,,0.8916,0.8868,5.7694,,,100,ok,param_cnn_v2_shard0.csv
pair,0,ntk,relu,8,,0.0,3.0,,0.8916,0.8889,3.3628,,,100,ok,param_cnn_v2_shard0.csv
pair,0,ntk,relu,8,,0.0,4.0,,0.8916,0.8866,6.2407,,,100,ok,param_cnn_v2_shard0.csv
pair,0,ntk,relu,8,,1.0,2.0,,0.8872,0.8868,2.9911,,,100,ok,param_cnn_v2_shard0.csv
pair,0,ntk,relu,8,,1.0,3.0,,0.8872,0.8889,3.1754,,,100,ok,param_cnn_v2_shard0.csv
pair,0,ntk,relu,8,,1.0,4.0,,0.8872,0.8866,7.7252,,,100,ok,param_cnn_v2_shard0.csv
pair,0,ntk,relu,8,,2.0,3.0,,0.8868,0.8889,3.0135,,,100,ok,param_cnn_v2_shard0.csv
pair,0,ntk,relu,8,,2.0,4.0,,0.8868,0.8866,5.4947,,,100,ok,param_cnn_v2_shard0.csv
pair,0,ntk,relu,8,,3.0,4.0,,0.8889,0.8866,2.6491,,,100,ok,param_cnn_v2_shard0.csv
pair,0,ntk,gelu,1,,0.0,1.0,,0.8808,0.8847,4.9736,,,100,ok,param_cnn_v2_shard0.csv
pair,0,ntk,gelu,1,,0.0,2.0,,0.8808,0.8814,6.8785,,,100,ok,param_cnn_v2_shard0.csv
pair,0,ntk,gelu,1,,0.0,3.0,,0.8808,0.8874,3.3675,,,100,ok,param_cnn_v2_shard0.csv
pair,0,ntk,gelu,1,,0.0,4.0,,0.8808,0.8863,3.2593,,,100,ok,param_cnn_v2_shard0.csv
pair,0,ntk,gelu,1,,1.0,2.0,,0.8847,0.8814,9.5132,,,100,ok,param_cnn_v2_shard0.csv
pair,0,ntk,gelu,1,,1.0,3.0,,0.8847,0.8874,5.7497,,,100,ok,param_cnn_v2_shard0.csv
pair,0,ntk,gelu,1,,1.0,4.0,,0.8847,0.8863,8.059,,,100,ok,param_cnn_v2_shard0.csv
pair,0,ntk,gelu,1,,2.0,3.0,,0.8814,0.8874,6.018,,,100,ok,param_cnn_v2_shard0.csv
pair,0,ntk,gelu,1,,2.0,4.0,,0.8814,0.8863,5.1192,,,100,ok,param_cnn_v2_shard0.csv
pair,0,ntk,gelu,1,,3.0,4.0,,0.8874,0.8863,5.3378,,,100,ok,param_cnn_v2_shard0.csv
pair,0,ntk,gelu,2,,0.0,1.0,,0.8874,0.8843,5.1721,,,100,ok,param_cnn_v2_shard0.csv
pair,0,ntk,gelu,2,,0.0,2.0,,0.8874,0.8855,6.6482,,,100,ok,param_cnn_v2_shard0.csv
pair,0,ntk,gelu,2,,0.0,3.0,,0.8874,0.8885,4.7335,,,100,ok,param_cnn_v2_shard0.csv
pair,0,ntk,gelu,2,,0.0,4.0,,0.8874,0.8861,5.6104,,,100,ok,param_cnn_v2_shard0.csv
pair,0,ntk,gelu,2,,1.0,2.0,,0.8843,0.8855,7.4022,,,100,ok,param_cnn_v2_shard0.csv
pair,0,ntk,gelu,2,,1.0,3.0,,0.8843,0.8885,3.8026,,,100,ok,param_cnn_v2_shard0.csv
pair,0,ntk,gelu,2,,1.0,4.0,,0.8843,0.8861,5.7941,,,100,ok,param_cnn_v2_shard0.csv
pair,0,ntk,gelu,2,,2.0,3.0,,0.8855,0.8885,6.9269,,,100,ok,param_cnn_v2_shard0.csv
pair,0,ntk,gelu,2,,2.0,4.0,,0.8855,0.8861,5.1714,,,100,ok,param_cnn_v2_shard0.csv
pair,0,ntk,gelu,2,,3.0,4.0,,0.8885,0.8861,4.0019,,,100,ok,param_cnn_v2_shard0.csv
pair,0,ntk,gelu,4,,0.0,1.0,,0.8916,0.8878,3.0863,,,100,ok,param_cnn_v2_shard0.csv
pair,0,ntk,gelu,4,,0.0,2.0,,0.8916,0.8866,5.2582,,,100,ok,param_cnn_v2_shard0.csv
pair,0,ntk,gelu,4,,0.0,3.0,,0.8916,0.8856,4.0442,,,100,ok,param_cnn_v2_shard0.csv
pair,0,ntk,gelu,4,,0.0,4.0,,0.8916,0.8862,5.0412,,,100,ok,param_cnn_v2_shard0.csv
pair,0,ntk,gelu,4,,1.0,2.0,,0.8878,0.8866,3.5057,,,100,ok,param_cnn_v2_shard0.csv
pair,0,ntk,gelu,4,,1.0,3.0,,0.8878,0.8856,4.1031,,,100,ok,param_cnn_v2_shard0.csv
pair,0,ntk,gelu,4,,1.0,4.0,,0.8878,0.8862,3.8931,,,100,ok,param_cnn_v2_shard0.csv
pair,0,ntk,gelu,4,,2.0,3.0,,0.8866,0.8856,8.0283,,,100,ok,param_cnn_v2_shard0.csv
pair,0,ntk,gelu,4,,2.0,4.0,,0.8866,0.8862,4.3687,,,100,ok,param_cnn_v2_shard0.csv
pair,0,ntk,gelu,4,,3.0,4.0,,0.8856,0.8862,2.8634,,,100,ok,param_cnn_v2_shard0.csv
pair,0,ntk,gelu,8,,0.0,1.0,,0.8865,0.8888,3.7465,,,100,ok,param_cnn_v2_shard0.csv
pair,0,ntk,gelu,8,,0.0,2.0,,0.8865,0.8878,6.4012,,,100,ok,param_cnn_v2_shard0.csv
pair,0,ntk,gelu,8,,0.0,3.0,,0.8865,0.8854,4.9895,,,100,ok,param_cnn_v2_shard0.csv
pair,0,ntk,gelu,8,,0.0,4.0,,0.8865,0.8862,6.1287,,,100,ok,param_cnn_v2_shard0.csv
pair,0,ntk,gelu,8,,1.0,2.0,,0.8888,0.8878,4.7732,,,100,ok,param_cnn_v2_shard0.csv
pair,0,ntk,gelu,8,,1.0,3.0,,0.8888,0.8854,4.5816,,,100,ok,param_cnn_v2_shard0.csv
pair,0,ntk,gelu,8,,1.0,4.0,,0.8888,0.8862,2.5914,,,100,ok,param_cnn_v2_shard0.csv
pair,0,ntk,gelu,8,,2.0,3.0,,0.8878,0.8854,5.8273,,,100,ok,param_cnn_v2_shard0.csv
pair,0,ntk,gelu,8,,2.0,4.0,,0.8878,0.8862,3.4812,,,100,ok,param_cnn_v2_shard0.csv
pair,0,ntk,gelu,8,,3.0,4.0,,0.8854,0.8862,4.9028,,,100,ok,param_cnn_v2_shard0.csv
pair,0,ntk,tanh,1,,0.0,1.0,,0.8528,0.8512,2.0424,,,100,ok,param_cnn_v2_shard0.csv
pair,0,ntk,tanh,1,,0.0,2.0,,0.8528,0.852,3.3585,,,100,ok,param_cnn_v2_shard0.csv
pair,0,ntk,tanh,1,,0.0,3.0,,0.8528,0.8445,6.2841,,,100,ok,param_cnn_v2_shard0.csv
pair,0,ntk,tanh,1,,0.0,4.0,,0.8528,0.8582,2.1979,,,100,ok,param_cnn_v2_shard0.csv
pair,0,ntk,tanh,1,,1.0,2.0,,0.8512,0.852,3.2885,,,100,ok,param_cnn_v2_shard0.csv
pair,0,ntk,tanh,1,,1.0,3.0,,0.8512,0.8445,2.6751,,,100,ok,param_cnn_v2_shard0.csv
pair,0,ntk,tanh,1,,1.0,4.0,,0.8512,0.8582,2.1669,,,100,ok,param_cnn_v2_shard0.csv
pair,0,ntk,tanh,1,,2.0,3.0,,0.852,0.8445,5.7923,,,100,ok,param_cnn_v2_shard0.csv
pair,0,ntk,tanh,1,,2.0,4.0,,0.852,0.8582,4.9261,,,100,ok,param_cnn_v2_shard0.csv
pair,0,ntk,tanh,1,,3.0,4.0,,0.8445,0.8582,2.2317,,,100,ok,param_cnn_v2_shard0.csv
pair,0,ntk,tanh,2,,0.0,1.0,,0.8532,0.8603,3.5842,,,100,ok,param_cnn_v2_shard0.csv
pair,0,ntk,tanh,2,,0.0,2.0,,0.8532,0.8541,2.2468,,,100,ok,param_cnn_v2_shard0.csv
pair,0,ntk,tanh,2,,0.0,3.0,,0.8532,0.8478,2.6622,,,100,ok,param_cnn_v2_shard0.csv
pair,0,ntk,tanh,2,,0.0,4.0,,0.8532,0.8482,2.5245,,,100,ok,param_cnn_v2_shard0.csv
pair,0,ntk,tanh,2,,1.0,2.0,,0.8603,0.8541,3.4692,,,100,ok,param_cnn_v2_shard0.csv
pair,0,ntk,tanh,2,,1.0,3.0,,0.8603,0.8478,2.5749,,,100,ok,param_cnn_v2_shard0.csv
pair,0,ntk,tanh,2,,1.0,4.0,,0.8603,0.8482,2.6291,,,100,ok,param_cnn_v2_shard0.csv
pair,0,ntk,tanh,2,,2.0,3.0,,0.8541,0.8478,5.567,,,100,ok,param_cnn_v2_shard0.csv
pair,0,ntk,tanh,2,,2.0,4.0,,0.8541,0.8482,1.7988,,,100,ok,param_cnn_v2_shard0.csv
pair,0,ntk,tanh,2,,3.0,4.0,,0.8478,0.8482,2.7575,,,100,ok,param_cnn_v2_shard0.csv
pair,0,ntk,tanh,4,,0.0,1.0,,0.8455,0.8433,2.1557,,,100,ok,param_cnn_v2_shard0.csv
pair,0,ntk,tanh,4,,0.0,2.0,,0.8455,0.8519,1.8541,,,100,ok,param_cnn_v2_shard0.csv
pair,0,ntk,tanh,4,,0.0,3.0,,0.8455,0.846,2.6071,,,100,ok,param_cnn_v2_shard0.csv
pair,0,ntk,tanh,4,,0.0,4.0,,0.8455,0.8489,1.9769,,,100,ok,param_cnn_v2_shard0.csv
pair,0,ntk,tanh,4,,1.0,2.0,,0.8433,0.8519,3.0578,,,100,ok,param_cnn_v2_shard0.csv
pair,0,ntk,tanh,4,,1.0,3.0,,0.8433,0.846,1.8128,,,100,ok,param_cnn_v2_shard0.csv
pair,0,ntk,tanh,4,,1.0,4.0,,0.8433,0.8489,2.2214,,,100,ok,param_cnn_v2_shard0.csv
pair,0,ntk,tanh,4,,2.0,3.0,,0.8519,0.846,1.7979,,,100,ok,param_cnn_v2_shard0.csv
pair,0,ntk,tanh,4,,2.0,4.0,,0.8519,0.8489,3.0484,,,100,ok,param_cnn_v2_shard0.csv
pair,0,ntk,tanh,4,,3.0,4.0,,0.846,0.8489,1.8166,,,100,ok,param_cnn_v2_shard0.csv
pair,0,ntk,tanh,8,,0.0,1.0,,0.8316,0.8389,1.5796,,,100,ok,param_cnn_v2_shard0.csv
pair,0,ntk,tanh,8,,0.0,2.0,,0.8316,0.8348,1.5774,,,100,ok,param_cnn_v2_shard0.csv
pair,0,ntk,tanh,8,,0.0,3.0,,0.8316,0.8362,1.6154,,,100,ok,param_cnn_v2_shard0.csv
pair,0,ntk,tanh,8,,0.0,4.0,,0.8316,0.8332,1.6308,,,100,ok,param_cnn_v2_shard0.csv
pair,0,ntk,tanh,8,,1.0,2.0,,0.8389,0.8348,1.6005,,,100,ok,param_cnn_v2_shard0.csv
pair,0,ntk,tanh,8,,1.0,3.0,,0.8389,0.8362,1.7747,,,100,ok,param_cnn_v2_shard0.csv
pair,0,ntk,tanh,8,,1.0,4.0,,0.8389,0.8332,1.9408,,,100,ok,param_cnn_v2_shard0.csv
pair,0,ntk,tanh,8,,2.0,3.0,,0.8348,0.8362,1.6208,,,100,ok,param_cnn_v2_shard0.csv
pair,0,ntk,tanh,8,,2.0,4.0,,0.8348,0.8332,1.7645,,,100,ok,param_cnn_v2_shard0.csv
pair,0,ntk,tanh,8,,3.0,4.0,,0.8362,0.8332,1.4821,,,100,ok,param_cnn_v2_shard0.csv
pair,1,ntk,swish,1,,0.0,1.0,,0.8869,0.882,5.4667,,,100,ok,param_cnn_v2_shard1.csv
pair,1,ntk,swish,1,,0.0,2.0,,0.8869,0.884,5.4931,,,100,ok,param_cnn_v2_shard1.csv
pair,1,ntk,swish,1,,0.0,3.0,,0.8869,0.8837,4.8661,,,100,ok,param_cnn_v2_shard1.csv
pair,1,ntk,swish,1,,0.0,4.0,,0.8869,0.8787,3.9222,,,100,ok,param_cnn_v2_shard1.csv
pair,1,ntk,swish,1,,1.0,2.0,,0.882,0.884,3.1318,,,100,ok,param_cnn_v2_shard1.csv
pair,1,ntk,swish,1,,1.0,3.0,,0.882,0.8837,6.0394,,,100,ok,param_cnn_v2_shard1.csv
pair,1,ntk,swish,1,,1.0,4.0,,0.882,0.8787,4.764,,,100,ok,param_cnn_v2_shard1.csv
pair,1,ntk,swish,1,,2.0,3.0,,0.884,0.8837,4.0992,,,100,ok,param_cnn_v2_shard1.csv
pair,1,ntk,swish,1,,2.0,4.0,,0.884,0.8787,4.6312,,,100,ok,param_cnn_v2_shard1.csv
pair,1,ntk,swish,1,,3.0,4.0,,0.8837,0.8787,5.3784,,,100,ok,param_cnn_v2_shard1.csv
pair,1,ntk,swish,2,,0.0,1.0,,0.8871,0.887,7.603,,,100,ok,param_cnn_v2_shard1.csv
pair,1,ntk,swish,2,,0.0,2.0,,0.8871,0.8853,8.7521,,,100,ok,param_cnn_v2_shard1.csv
pair,1,ntk,swish,2,,0.0,3.0,,0.8871,0.8856,2.4077,,,100,ok,param_cnn_v2_shard1.csv
pair,1,ntk,swish,2,,0.0,4.0,,0.8871,0.8834,4.0486,,,100,ok,param_cnn_v2_shard1.csv
pair,1,ntk,swish,2,,1.0,2.0,,0.887,0.8853,7.2595,,,100,ok,param_cnn_v2_shard1.csv
pair,1,ntk,swish,2,,1.0,3.0,,0.887,0.8856,6.4958,,,100,ok,param_cnn_v2_shard1.csv
pair,1,ntk,swish,2,,1.0,4.0,,0.887,0.8834,7.2122,,,100,ok,param_cnn_v2_shard1.csv
pair,1,ntk,swish,2,,2.0,3.0,,0.8853,0.8856,5.4784,,,100,ok,param_cnn_v2_shard1.csv
pair,1,ntk,swish,2,,2.0,4.0,,0.8853,0.8834,3.2297,,,100,ok,param_cnn_v2_shard1.csv
pair,1,ntk,swish,2,,3.0,4.0,,0.8856,0.8834,4.5463,,,100,ok,param_cnn_v2_shard1.csv
pair,1,ntk,swish,4,,0.0,1.0,,0.888,0.8893,2.5983,,,100,ok,param_cnn_v2_shard1.csv
pair,1,ntk,swish,4,,0.0,2.0,,0.888,0.8897,3.3439,,,100,ok,param_cnn_v2_shard1.csv
pair,1,ntk,swish,4,,0.0,3.0,,0.888,0.89,3.1224,,,100,ok,param_cnn_v2_shard1.csv
pair,1,ntk,swish,4,,0.0,4.0,,0.888,0.8892,6.9914,,,100,ok,param_cnn_v2_shard1.csv
pair,1,ntk,swish,4,,1.0,2.0,,0.8893,0.8897,8.2163,,,100,ok,param_cnn_v2_shard1.csv
pair,1,ntk,swish,4,,1.0,3.0,,0.8893,0.89,5.5092,,,100,ok,param_cnn_v2_shard1.csv
pair,1,ntk,swish,4,,1.0,4.0,,0.8893,0.8892,5.7494,,,100,ok,param_cnn_v2_shard1.csv
pair,1,ntk,swish,4,,2.0,3.0,,0.8897,0.89,5.5722,,,100,ok,param_cnn_v2_shard1.csv
pair,1,ntk,swish,4,,2.0,4.0,,0.8897,0.8892,4.008,,,100,ok,param_cnn_v2_shard1.csv
pair,1,ntk,swish,4,,3.0,4.0,,0.89,0.8892,7.8219,,,100,ok,param_cnn_v2_shard1.csv
pair,1,ntk,swish,8,,0.0,1.0,,0.8861,0.8828,3.8202,,,100,ok,param_cnn_v2_shard1.csv
pair,1,ntk,swish,8,,0.0,2.0,,0.8861,0.8813,3.9375,,,100,ok,param_cnn_v2_shard1.csv
pair,1,ntk,swish,8,,0.0,3.0,,0.8861,0.8866,2.9224,,,100,ok,param_cnn_v2_shard1.csv
pair,1,ntk,swish,8,,0.0,4.0,,0.8861,0.8864,3.9636,,,100,ok,param_cnn_v2_shard1.csv
pair,1,ntk,swish,8,,1.0,2.0,,0.8828,0.8813,4.0492,,,100,ok,param_cnn_v2_shard1.csv
pair,1,ntk,swish,8,,1.0,3.0,,0.8828,0.8866,3.1561,,,100,ok,param_cnn_v2_shard1.csv
pair,1,ntk,swish,8,,1.0,4.0,,0.8828,0.8864,3.3502,,,100,ok,param_cnn_v2_shard1.csv
pair,1,ntk,swish,8,,2.0,3.0,,0.8813,0.8866,3.7656,,,100,ok,param_cnn_v2_shard1.csv
pair,1,ntk,swish,8,,2.0,4.0,,0.8813,0.8864,3.6374,,,100,ok,param_cnn_v2_shard1.csv
pair,1,ntk,swish,8,,3.0,4.0,,0.8866,0.8864,2.4874,,,100,ok,param_cnn_v2_shard1.csv
pair,1,ntk,softplus,1,,0.0,1.0,,0.8766,0.8699,2.8098,,,100,ok,param_cnn_v2_shard1.csv
pair,1,ntk,softplus,1,,0.0,2.0,,0.8766,0.8743,5.2689,,,100,ok,param_cnn_v2_shard1.csv
pair,1,ntk,softplus,1,,0.0,3.0,,0.8766,0.88,5.7459,,,100,ok,param_cnn_v2_shard1.csv
pair,1,ntk,softplus,1,,0.0,4.0,,0.8766,0.8738,6.6078,,,100,ok,param_cnn_v2_shard1.csv
pair,1,ntk,softplus,1,,1.0,2.0,,0.8699,0.8743,5.9083,,,100,ok,param_cnn_v2_shard1.csv
pair,1,ntk,softplus,1,,1.0,3.0,,0.8699,0.88,7.6047,,,100,ok,param_cnn_v2_shard1.csv
pair,1,ntk,softplus,1,,1.0,4.0,,0.8699,0.8738,5.5536,,,100,ok,param_cnn_v2_shard1.csv
pair,1,ntk,softplus,1,,2.0,3.0,,0.8743,0.88,4.9103,,,100,ok,param_cnn_v2_shard1.csv
pair,1,ntk,softplus,1,,2.0,4.0,,0.8743,0.8738,3.8385,,,100,ok,param_cnn_v2_shard1.csv
pair,1,ntk,softplus,1,,3.0,4.0,,0.88,0.8738,2.4455,,,100,ok,param_cnn_v2_shard1.csv
pair,1,ntk,softplus,2,,0.0,1.0,,0.877,0.8822,2.1377,,,100,ok,param_cnn_v2_shard1.csv
pair,1,ntk,softplus,2,,0.0,2.0,,0.877,0.88,5.286,,,100,ok,param_cnn_v2_shard1.csv
pair,1,ntk,softplus,2,,0.0,3.0,,0.877,0.8747,4.6647,,,100,ok,param_cnn_v2_shard1.csv
pair,1,ntk,softplus,2,,0.0,4.0,,0.877,0.8774,3.9562,,,100,ok,param_cnn_v2_shard1.csv
pair,1,ntk,softplus,2,,1.0,2.0,,0.8822,0.88,6.9787,,,100,ok,param_cnn_v2_shard1.csv
pair,1,ntk,softplus,2,,1.0,3.0,,0.8822,0.8747,3.6295,,,100,ok,param_cnn_v2_shard1.csv
pair,1,ntk,softplus,2,,1.0,4.0,,0.8822,0.8774,7.6765,,,100,ok,param_cnn_v2_shard1.csv
pair,1,ntk,softplus,2,,2.0,3.0,,0.88,0.8747,11.3967,,,100,ok,param_cnn_v2_shard1.csv
pair,1,ntk,softplus,2,,2.0,4.0,,0.88,0.8774,3.8252,,,100,ok,param_cnn_v2_shard1.csv
pair,1,ntk,softplus,2,,3.0,4.0,,0.8747,0.8774,4.5769,,,100,ok,param_cnn_v2_shard1.csv
pair,1,ntk,softplus,4,,0.0,1.0,,0.8769,0.874,6.1152,,,100,ok,param_cnn_v2_shard1.csv
pair,1,ntk,softplus,4,,0.0,2.0,,0.8769,0.8745,5.2589,,,100,ok,param_cnn_v2_shard1.csv
pair,1,ntk,softplus,4,,0.0,3.0,,0.8769,0.8754,12.4576,,,100,ok,param_cnn_v2_shard1.csv
pair,1,ntk,softplus,4,,0.0,4.0,,0.8769,0.8745,5.4518,,,100,ok,param_cnn_v2_shard1.csv
pair,1,ntk,softplus,4,,1.0,2.0,,0.874,0.8745,4.8833,,,100,ok,param_cnn_v2_shard1.csv
pair,1,ntk,softplus,4,,1.0,3.0,,0.874,0.8754,6.1097,,,100,ok,param_cnn_v2_shard1.csv
pair,1,ntk,softplus,4,,1.0,4.0,,0.874,0.8745,6.2078,,,100,ok,param_cnn_v2_shard1.csv
pair,1,ntk,softplus,4,,2.0,3.0,,0.8745,0.8754,3.9911,,,100,ok,param_cnn_v2_shard1.csv
pair,1,ntk,softplus,4,,2.0,4.0,,0.8745,0.8745,5.3559,,,100,ok,param_cnn_v2_shard1.csv
pair,1,ntk,softplus,4,,3.0,4.0,,0.8754,0.8745,4.0399,,,100,ok,param_cnn_v2_shard1.csv
pair,1,ntk,softplus,8,,0.0,1.0,,0.8756,0.8762,4.5907,,,100,ok,param_cnn_v2_shard1.csv
pair,1,ntk,softplus,8,,0.0,2.0,,0.8756,0.8702,4.4996,,,100,ok,param_cnn_v2_shard1.csv
pair,1,ntk,softplus,8,,0.0,3.0,,0.8756,0.8684,3.82,,,100,ok,param_cnn_v2_shard1.csv
pair,1,ntk,softplus,8,,0.0,4.0,,0.8756,0.8739,6.2885,,,100,ok,param_cnn_v2_shard1.csv
pair,1,ntk,softplus,8,,1.0,2.0,,0.8762,0.8702,3.549,,,100,ok,param_cnn_v2_shard1.csv
pair,1,ntk,softplus,8,,1.0,3.0,,0.8762,0.8684,3.8756,,,100,ok,param_cnn_v2_shard1.csv
pair,1,ntk,softplus,8,,1.0,4.0,,0.8762,0.8739,3.0297,,,100,ok,param_cnn_v2_shard1.csv
pair,1,ntk,softplus,8,,2.0,3.0,,0.8702,0.8684,10.3335,,,100,ok,param_cnn_v2_shard1.csv
pair,1,ntk,softplus,8,,2.0,4.0,,0.8702,0.8739,5.3932,,,100,ok,param_cnn_v2_shard1.csv
pair,1,ntk,softplus,8,,3.0,4.0,,0.8684,0.8739,3.171,,,100,ok,param_cnn_v2_shard1.csv
pair,2,sp,relu,1,,0.0,1.0,,0.914,0.9122,0.9622,,,100,ok,param_cnn_v2_shard2.csv
pair,2,sp,relu,1,,0.0,2.0,,0.914,0.9138,1.4636,,,100,ok,param_cnn_v2_shard2.csv
pair,2,sp,relu,1,,0.0,3.0,,0.914,0.9134,0.9809,,,100,ok,param_cnn_v2_shard2.csv
pair,2,sp,relu,1,,0.0,4.0,,0.914,0.915,1.0443,,,100,ok,param_cnn_v2_shard2.csv
pair,2,sp,relu,1,,1.0,2.0,,0.9122,0.9138,0.9984,,,100,ok,param_cnn_v2_shard2.csv
pair,2,sp,relu,1,,1.0,3.0,,0.9122,0.9134,0.5638,,,100,ok,param_cnn_v2_shard2.csv
pair,2,sp,relu,1,,1.0,4.0,,0.9122,0.915,1.3294,,,100,ok,param_cnn_v2_shard2.csv
pair,2,sp,relu,1,,2.0,3.0,,0.9138,0.9134,1.0372,,,100,ok,param_cnn_v2_shard2.csv
pair,2,sp,relu,1,,2.0,4.0,,0.9138,0.915,0.3677,,,100,ok,param_cnn_v2_shard2.csv
pair,2,sp,relu,1,,3.0,4.0,,0.9134,0.915,1.1382,,,100,ok,param_cnn_v2_shard2.csv
pair,2,sp,relu,2,,0.0,1.0,,0.9168,0.9168,0.8061,,,100,ok,param_cnn_v2_shard2.csv
pair,2,sp,relu,2,,0.0,2.0,,0.9168,0.9201,0.5232,,,100,ok,param_cnn_v2_shard2.csv
pair,2,sp,relu,2,,0.0,3.0,,0.9168,0.916,0.6806,,,100,ok,param_cnn_v2_shard2.csv
pair,2,sp,relu,2,,0.0,4.0,,0.9168,0.9175,0.8728,,,100,ok,param_cnn_v2_shard2.csv
pair,2,sp,relu,2,,1.0,2.0,,0.9168,0.9201,0.5916,,,100,ok,param_cnn_v2_shard2.csv
pair,2,sp,relu,2,,1.0,3.0,,0.9168,0.916,0.512,,,100,ok,param_cnn_v2_shard2.csv
pair,2,sp,relu,2,,1.0,4.0,,0.9168,0.9175,0.7926,,,100,ok,param_cnn_v2_shard2.csv
pair,2,sp,relu,2,,2.0,3.0,,0.9201,0.916,0.6113,,,100,ok,param_cnn_v2_shard2.csv
pair,2,sp,relu,2,,2.0,4.0,,0.9201,0.9175,0.7645,,,100,ok,param_cnn_v2_shard2.csv
pair,2,sp,relu,2,,3.0,4.0,,0.916,0.9175,0.5551,,,100,ok,param_cnn_v2_shard2.csv
pair,2,sp,relu,4,,0.0,1.0,,0.9227,0.9246,0.2569,,,100,ok,param_cnn_v2_shard2.csv
pair,2,sp,relu,4,,0.0,2.0,,0.9227,0.9211,0.261,,,100,ok,param_cnn_v2_shard2.csv
pair,2,sp,relu,4,,0.0,3.0,,0.9227,0.9186,0.3086,,,100,ok,param_cnn_v2_shard2.csv
pair,2,sp,relu,4,,0.0,4.0,,0.9227,0.9244,0.3005,,,100,ok,param_cnn_v2_shard2.csv
pair,2,sp,relu,4,,1.0,2.0,,0.9246,0.9211,0.3495,,,100,ok,param_cnn_v2_shard2.csv
pair,2,sp,relu,4,,1.0,3.0,,0.9246,0.9186,0.2383,,,100,ok,param_cnn_v2_shard2.csv
pair,2,sp,relu,4,,1.0,4.0,,0.9246,0.9244,0.2898,,,100,ok,param_cnn_v2_shard2.csv
pair,2,sp,relu,4,,2.0,3.0,,0.9211,0.9186,0.4088,,,100,ok,param_cnn_v2_shard2.csv
pair,2,sp,relu,4,,2.0,4.0,,0.9211,0.9244,0.3189,,,100,ok,param_cnn_v2_shard2.csv
pair,2,sp,relu,4,,3.0,4.0,,0.9186,0.9244,0.3202,,,100,ok,param_cnn_v2_shard2.csv
pair,2,sp,relu,8,,0.0,1.0,,0.9261,0.925,0.1663,,,100,ok,param_cnn_v2_shard2.csv
pair,2,sp,relu,8,,0.0,2.0,,0.9261,0.9302,0.2191,,,100,ok,param_cnn_v2_shard2.csv
pair,2,sp,relu,8,,0.0,3.0,,0.9261,0.9273,0.2045,,,100,ok,param_cnn_v2_shard2.csv
pair,2,sp,relu,8,,0.0,4.0,,0.9261,0.9301,0.1725,,,100,ok,param_cnn_v2_shard2.csv
pair,2,sp,relu,8,,1.0,2.0,,0.925,0.9302,0.2599,,,100,ok,param_cnn_v2_shard2.csv
pair,2,sp,relu,8,,1.0,3.0,,0.925,0.9273,0.1859,,,100,ok,param_cnn_v2_shard2.csv
pair,2,sp,relu,8,,1.0,4.0,,0.925,0.9301,0.1463,,,100,ok,param_cnn_v2_shard2.csv
pair,2,sp,relu,8,,2.0,3.0,,0.9302,0.9273,0.194,,,100,ok,param_cnn_v2_shard2.csv
pair,2,sp,relu,8,,2.0,4.0,,0.9302,0.9301,0.1774,,,100,ok,param_cnn_v2_shard2.csv
pair,2,sp,relu,8,,3.0,4.0,,0.9273,0.9301,0.1753,,,100,ok,param_cnn_v2_shard2.csv
pair,2,sp,gelu,1,,0.0,1.0,,0.9104,0.9096,2.1197,,,100,ok,param_cnn_v2_shard2.csv
pair,2,sp,gelu,1,,0.0,2.0,,0.9104,0.9133,1.4584,,,100,ok,param_cnn_v2_shard2.csv
pair,2,sp,gelu,1,,0.0,3.0,,0.9104,0.9096,1.6425,,,100,ok,param_cnn_v2_shard2.csv
pair,2,sp,gelu,1,,0.0,4.0,,0.9104,0.9132,0.8845,,,100,ok,param_cnn_v2_shard2.csv
pair,2,sp,gelu,1,,1.0,2.0,,0.9096,0.9133,1.8108,,,100,ok,param_cnn_v2_shard2.csv
pair,2,sp,gelu,1,,1.0,3.0,,0.9096,0.9096,1.8477,,,100,ok,param_cnn_v2_shard2.csv
pair,2,sp,gelu,1,,1.0,4.0,,0.9096,0.9132,1.0217,,,100,ok,param_cnn_v2_shard2.csv
pair,2,sp,gelu,1,,2.0,3.0,,0.9133,0.9096,3.054,,,100,ok,param_cnn_v2_shard2.csv
pair,2,sp,gelu,1,,2.0,4.0,,0.9133,0.9132,0.7219,,,100,ok,param_cnn_v2_shard2.csv
pair,2,sp,gelu,1,,3.0,4.0,,0.9096,0.9132,1.8516,,,100,ok,param_cnn_v2_shard2.csv
pair,2,sp,gelu,2,,0.0,1.0,,0.9196,0.9191,0.6785,,,100,ok,param_cnn_v2_shard2.csv
pair,2,sp,gelu,2,,0.0,2.0,,0.9196,0.9185,0.6903,,,100,ok,param_cnn_v2_shard2.csv
pair,2,sp,gelu,2,,0.0,3.0,,0.9196,0.9172,0.6485,,,100,ok,param_cnn_v2_shard2.csv
pair,2,sp,gelu,2,,0.0,4.0,,0.9196,0.9202,0.9576,,,100,ok,param_cnn_v2_shard2.csv
pair,2,sp,gelu,2,,1.0,2.0,,0.9191,0.9185,0.6788,,,100,ok,param_cnn_v2_shard2.csv
pair,2,sp,gelu,2,,1.0,3.0,,0.9191,0.9172,1.2905,,,100,ok,param_cnn_v2_shard2.csv
pair,2,sp,gelu,2,,1.0,4.0,,0.9191,0.9202,0.8129,,,100,ok,param_cnn_v2_shard2.csv
pair,2,sp,gelu,2,,2.0,3.0,,0.9185,0.9172,0.7479,,,100,ok,param_cnn_v2_shard2.csv
pair,2,sp,gelu,2,,2.0,4.0,,0.9185,0.9202,0.7372,,,100,ok,param_cnn_v2_shard2.csv
pair,2,sp,gelu,2,,3.0,4.0,,0.9172,0.9202,1.1991,,,100,ok,param_cnn_v2_shard2.csv
pair,2,sp,gelu,4,,0.0,1.0,,0.9244,0.9246,0.3964,,,100,ok,param_cnn_v2_shard2.csv
pair,2,sp,gelu,4,,0.0,2.0,,0.9244,0.9267,0.4071,,,100,ok,param_cnn_v2_shard2.csv
pair,2,sp,gelu,4,,0.0,3.0,,0.9244,0.9262,0.3349,,,100,ok,param_cnn_v2_shard2.csv
pair,2,sp,gelu,4,,0.0,4.0,,0.9244,0.9264,0.3648,,,100,ok,param_cnn_v2_shard2.csv
pair,2,sp,gelu,4,,1.0,2.0,,0.9246,0.9267,0.4182,,,100,ok,param_cnn_v2_shard2.csv
pair,2,sp,gelu,4,,1.0,3.0,,0.9246,0.9262,0.435,,,100,ok,param_cnn_v2_shard2.csv
pair,2,sp,gelu,4,,1.0,4.0,,0.9246,0.9264,0.3802,,,100,ok,param_cnn_v2_shard2.csv
pair,2,sp,gelu,4,,2.0,3.0,,0.9267,0.9262,0.4563,,,100,ok,param_cnn_v2_shard2.csv
pair,2,sp,gelu,4,,2.0,4.0,,0.9267,0.9264,0.3693,,,100,ok,param_cnn_v2_shard2.csv
pair,2,sp,gelu,4,,3.0,4.0,,0.9262,0.9264,0.4074,,,100,ok,param_cnn_v2_shard2.csv
pair,2,sp,gelu,8,,0.0,1.0,,0.9301,0.9304,0.1478,,,100,ok,param_cnn_v2_shard2.csv
pair,2,sp,gelu,8,,0.0,2.0,,0.9301,0.932,0.1687,,,100,ok,param_cnn_v2_shard2.csv
pair,2,sp,gelu,8,,0.0,3.0,,0.9301,0.9273,0.1922,,,100,ok,param_cnn_v2_shard2.csv
pair,2,sp,gelu,8,,0.0,4.0,,0.9301,0.9312,0.215,,,100,ok,param_cnn_v2_shard2.csv
pair,2,sp,gelu,8,,1.0,2.0,,0.9304,0.932,0.1864,,,100,ok,param_cnn_v2_shard2.csv
pair,2,sp,gelu,8,,1.0,3.0,,0.9304,0.9273,0.229,,,100,ok,param_cnn_v2_shard2.csv
pair,2,sp,gelu,8,,1.0,4.0,,0.9304,0.9312,0.1819,,,100,ok,param_cnn_v2_shard2.csv
pair,2,sp,gelu,8,,2.0,3.0,,0.932,0.9273,0.1885,,,100,ok,param_cnn_v2_shard2.csv
pair,2,sp,gelu,8,,2.0,4.0,,0.932,0.9312,0.1949,,,100,ok,param_cnn_v2_shard2.csv
pair,2,sp,gelu,8,,3.0,4.0,,0.9273,0.9312,0.1759,,,100,ok,param_cnn_v2_shard2.csv
pair,2,sp,tanh,1,,0.0,1.0,,0.9115,0.9104,2.0238,,,100,ok,param_cnn_v2_shard2.csv
pair,2,sp,tanh,1,,0.0,2.0,,0.9115,0.9117,1.051,,,100,ok,param_cnn_v2_shard2.csv
pair,2,sp,tanh,1,,0.0,3.0,,0.9115,0.9106,1.7313,,,100,ok,param_cnn_v2_shard2.csv
pair,2,sp,tanh,1,,0.0,4.0,,0.9115,0.911,1.7577,,,100,ok,param_cnn_v2_shard2.csv
pair,2,sp,tanh,1,,1.0,2.0,,0.9104,0.9117,1.2952,,,100,ok,param_cnn_v2_shard2.csv
pair,2,sp,tanh,1,,1.0,3.0,,0.9104,0.9106,2.1141,,,100,ok,param_cnn_v2_shard2.csv
pair,2,sp,tanh,1,,1.0,4.0,,0.9104,0.911,2.4636,,,100,ok,param_cnn_v2_shard2.csv
pair,2,sp,tanh,1,,2.0,3.0,,0.9117,0.9106,1.577,,,100,ok,param_cnn_v2_shard2.csv
pair,2,sp,tanh,1,,2.0,4.0,,0.9117,0.911,1.4148,,,100,ok,param_cnn_v2_shard2.csv
pair,2,sp,tanh,1,,3.0,4.0,,0.9106,0.911,3.3942,,,100,ok,param_cnn_v2_shard2.csv
pair,2,sp,tanh,2,,0.0,1.0,,0.9166,0.9174,1.4606,,,100,ok,param_cnn_v2_shard2.csv
pair,2,sp,tanh,2,,0.0,2.0,,0.9166,0.9221,0.7155,,,100,ok,param_cnn_v2_shard2.csv
pair,2,sp,tanh,2,,0.0,3.0,,0.9166,0.917,0.8302,,,100,ok,param_cnn_v2_shard2.csv
pair,2,sp,tanh,2,,0.0,4.0,,0.9166,0.9201,1.3922,,,100,ok,param_cnn_v2_shard2.csv
pair,2,sp,tanh,2,,1.0,2.0,,0.9174,0.9221,1.0357,,,100,ok,param_cnn_v2_shard2.csv
pair,2,sp,tanh,2,,1.0,3.0,,0.9174,0.917,1.3405,,,100,ok,param_cnn_v2_shard2.csv
pair,2,sp,tanh,2,,1.0,4.0,,0.9174,0.9201,0.5076,,,100,ok,param_cnn_v2_shard2.csv
pair,2,sp,tanh,2,,2.0,3.0,,0.9221,0.917,0.7836,,,100,ok,param_cnn_v2_shard2.csv
pair,2,sp,tanh,2,,2.0,4.0,,0.9221,0.9201,0.574,,,100,ok,param_cnn_v2_shard2.csv
pair,2,sp,tanh,2,,3.0,4.0,,0.917,0.9201,0.9539,,,100,ok,param_cnn_v2_shard2.csv
pair,2,sp,tanh,4,,0.0,1.0,,0.922,0.924,0.5849,,,100,ok,param_cnn_v2_shard2.csv
pair,2,sp,tanh,4,,0.0,2.0,,0.922,0.9219,0.4193,,,100,ok,param_cnn_v2_shard2.csv
pair,2,sp,tanh,4,,0.0,3.0,,0.922,0.9202,0.5585,,,100,ok,param_cnn_v2_shard2.csv
pair,2,sp,tanh,4,,0.0,4.0,,0.922,0.9211,0.3345,,,100,ok,param_cnn_v2_shard2.csv
pair,2,sp,tanh,4,,1.0,2.0,,0.924,0.9219,0.6179,,,100,ok,param_cnn_v2_shard2.csv
pair,2,sp,tanh,4,,1.0,3.0,,0.924,0.9202,0.7551,,,100,ok,param_cnn_v2_shard2.csv
pair,2,sp,tanh,4,,1.0,4.0,,0.924,0.9211,0.4071,,,100,ok,param_cnn_v2_shard2.csv
pair,2,sp,tanh,4,,2.0,3.0,,0.9219,0.9202,0.5211,,,100,ok,param_cnn_v2_shard2.csv
pair,2,sp,tanh,4,,2.0,4.0,,0.9219,0.9211,0.3125,,,100,ok,param_cnn_v2_shard2.csv
pair,2,sp,tanh,4,,3.0,4.0,,0.9202,0.9211,0.7137,,,100,ok,param_cnn_v2_shard2.csv
pair,2,sp,tanh,8,,0.0,1.0,,0.929,0.9277,0.2689,,,100,ok,param_cnn_v2_shard2.csv
pair,2,sp,tanh,8,,0.0,2.0,,0.929,0.9247,0.3911,,,100,ok,param_cnn_v2_shard2.csv
pair,2,sp,tanh,8,,0.0,3.0,,0.929,0.9272,0.2927,,,100,ok,param_cnn_v2_shard2.csv
pair,2,sp,tanh,8,,0.0,4.0,,0.929,0.9267,0.3201,,,100,ok,param_cnn_v2_shard2.csv
pair,2,sp,tanh,8,,1.0,2.0,,0.9277,0.9247,0.4249,,,100,ok,param_cnn_v2_shard2.csv
pair,2,sp,tanh,8,,1.0,3.0,,0.9277,0.9272,0.5937,,,100,ok,param_cnn_v2_shard2.csv
pair,2,sp,tanh,8,,1.0,4.0,,0.9277,0.9267,0.3262,,,100,ok,param_cnn_v2_shard2.csv
pair,2,sp,tanh,8,,2.0,3.0,,0.9247,0.9272,0.2041,,,100,ok,param_cnn_v2_shard2.csv
pair,2,sp,tanh,8,,2.0,4.0,,0.9247,0.9267,0.276,,,100,ok,param_cnn_v2_shard2.csv
pair,2,sp,tanh,8,,3.0,4.0,,0.9272,0.9267,0.359,,,100,ok,param_cnn_v2_shard2.csv
pair,3,sp,swish,1,,0.0,1.0,,0.9051,0.9063,3.0683,,,100,ok,param_cnn_v2_shard3.csv
pair,3,sp,swish,1,,0.0,2.0,,0.9051,0.9075,0.887,,,100,ok,param_cnn_v2_shard3.csv
pair,3,sp,swish,1,,0.0,3.0,,0.9051,0.9073,1.5499,,,100,ok,param_cnn_v2_shard3.csv
pair,3,sp,swish,1,,0.0,4.0,,0.9051,0.9079,3.3211,,,100,ok,param_cnn_v2_shard3.csv
pair,3,sp,swish,1,,1.0,2.0,,0.9063,0.9075,0.8462,,,100,ok,param_cnn_v2_shard3.csv
pair,3,sp,swish,1,,1.0,3.0,,0.9063,0.9073,0.9415,,,100,ok,param_cnn_v2_shard3.csv
pair,3,sp,swish,1,,1.0,4.0,,0.9063,0.9079,1.6146,,,100,ok,param_cnn_v2_shard3.csv
pair,3,sp,swish,1,,2.0,3.0,,0.9075,0.9073,1.9046,,,100,ok,param_cnn_v2_shard3.csv
pair,3,sp,swish,1,,2.0,4.0,,0.9075,0.9079,1.75,,,100,ok,param_cnn_v2_shard3.csv
pair,3,sp,swish,1,,3.0,4.0,,0.9073,0.9079,4.3066,,,100,ok,param_cnn_v2_shard3.csv
pair,3,sp,swish,2,,0.0,1.0,,0.9165,0.916,0.8036,,,100,ok,param_cnn_v2_shard3.csv
pair,3,sp,swish,2,,0.0,2.0,,0.9165,0.9149,0.7455,,,100,ok,param_cnn_v2_shard3.csv
pair,3,sp,swish,2,,0.0,3.0,,0.9165,0.9146,0.9795,,,100,ok,param_cnn_v2_shard3.csv
pair,3,sp,swish,2,,0.0,4.0,,0.9165,0.9161,1.0347,,,100,ok,param_cnn_v2_shard3.csv
pair,3,sp,swish,2,,1.0,2.0,,0.916,0.9149,0.7847,,,100,ok,param_cnn_v2_shard3.csv
pair,3,sp,swish,2,,1.0,3.0,,0.916,0.9146,1.3714,,,100,ok,param_cnn_v2_shard3.csv
pair,3,sp,swish,2,,1.0,4.0,,0.916,0.9161,0.7389,,,100,ok,param_cnn_v2_shard3.csv
pair,3,sp,swish,2,,2.0,3.0,,0.9149,0.9146,0.7377,,,100,ok,param_cnn_v2_shard3.csv
pair,3,sp,swish,2,,2.0,4.0,,0.9149,0.9161,0.6169,,,100,ok,param_cnn_v2_shard3.csv
pair,3,sp,swish,2,,3.0,4.0,,0.9146,0.9161,1.1168,,,100,ok,param_cnn_v2_shard3.csv
pair,3,sp,swish,4,,0.0,1.0,,0.9237,0.9238,0.6722,,,100,ok,param_cnn_v2_shard3.csv
pair,3,sp,swish,4,,0.0,2.0,,0.9237,0.9228,0.7214,,,100,ok,param_cnn_v2_shard3.csv
pair,3,sp,swish,4,,0.0,3.0,,0.9237,0.9206,0.5259,,,100,ok,param_cnn_v2_shard3.csv
pair,3,sp,swish,4,,0.0,4.0,,0.9237,0.9243,0.3557,,,100,ok,param_cnn_v2_shard3.csv
pair,3,sp,swish,4,,1.0,2.0,,0.9238,0.9228,0.3729,,,100,ok,param_cnn_v2_shard3.csv
pair,3,sp,swish,4,,1.0,3.0,,0.9238,0.9206,0.569,,,100,ok,param_cnn_v2_shard3.csv
pair,3,sp,swish,4,,1.0,4.0,,0.9238,0.9243,0.5837,,,100,ok,param_cnn_v2_shard3.csv
pair,3,sp,swish,4,,2.0,3.0,,0.9228,0.9206,0.4018,,,100,ok,param_cnn_v2_shard3.csv
pair,3,sp,swish,4,,2.0,4.0,,0.9228,0.9243,0.4663,,,100,ok,param_cnn_v2_shard3.csv
pair,3,sp,swish,4,,3.0,4.0,,0.9206,0.9243,0.516,,,100,ok,param_cnn_v2_shard3.csv
pair,3,sp,swish,8,,0.0,1.0,,0.9254,0.9262,0.1782,,,100,ok,param_cnn_v2_shard3.csv
pair,3,sp,swish,8,,0.0,2.0,,0.9254,0.9275,0.2219,,,100,ok,param_cnn_v2_shard3.csv
pair,3,sp,swish,8,,0.0,3.0,,0.9254,0.9303,0.192,,,100,ok,param_cnn_v2_shard3.csv
pair,3,sp,swish,8,,0.0,4.0,,0.9254,0.9278,0.2215,,,100,ok,param_cnn_v2_shard3.csv
pair,3,sp,swish,8,,1.0,2.0,,0.9262,0.9275,0.3011,,,100,ok,param_cnn_v2_shard3.csv
pair,3,sp,swish,8,,1.0,3.0,,0.9262,0.9303,0.1997,,,100,ok,param_cnn_v2_shard3.csv
pair,3,sp,swish,8,,1.0,4.0,,0.9262,0.9278,0.2812,,,100,ok,param_cnn_v2_shard3.csv
pair,3,sp,swish,8,,2.0,3.0,,0.9275,0.9303,0.2238,,,100,ok,param_cnn_v2_shard3.csv
pair,3,sp,swish,8,,2.0,4.0,,0.9275,0.9278,0.1857,,,100,ok,param_cnn_v2_shard3.csv
pair,3,sp,swish,8,,3.0,4.0,,0.9303,0.9278,0.2589,,,100,ok,param_cnn_v2_shard3.csv
pair,3,sp,softplus,1,,0.0,1.0,,0.9041,0.9022,0.518,,,100,ok,param_cnn_v2_shard3.csv
pair,3,sp,softplus,1,,0.0,2.0,,0.9041,0.9044,0.7474,,,100,ok,param_cnn_v2_shard3.csv
pair,3,sp,softplus,1,,0.0,3.0,,0.9041,0.9064,1.378,,,100,ok,param_cnn_v2_shard3.csv
pair,3,sp,softplus,1,,0.0,4.0,,0.9041,0.9027,0.7845,,,100,ok,param_cnn_v2_shard3.csv
pair,3,sp,softplus,1,,1.0,2.0,,0.9022,0.9044,1.9634,,,100,ok,param_cnn_v2_shard3.csv
pair,3,sp,softplus,1,,1.0,3.0,,0.9022,0.9064,0.8951,,,100,ok,param_cnn_v2_shard3.csv
pair,3,sp,softplus,1,,1.0,4.0,,0.9022,0.9027,1.0327,,,100,ok,param_cnn_v2_shard3.csv
pair,3,sp,softplus,1,,2.0,3.0,,0.9044,0.9064,0.4976,,,100,ok,param_cnn_v2_shard3.csv
pair,3,sp,softplus,1,,2.0,4.0,,0.9044,0.9027,0.6037,,,100,ok,param_cnn_v2_shard3.csv
pair,3,sp,softplus,1,,3.0,4.0,,0.9064,0.9027,1.2061,,,100,ok,param_cnn_v2_shard3.csv
pair,3,sp,softplus,2,,0.0,1.0,,0.9113,0.9137,0.577,,,100,ok,param_cnn_v2_shard3.csv
pair,3,sp,softplus,2,,0.0,2.0,,0.9113,0.9112,0.7383,,,100,ok,param_cnn_v2_shard3.csv
pair,3,sp,softplus,2,,0.0,3.0,,0.9113,0.9116,0.4449,,,100,ok,param_cnn_v2_shard3.csv
pair,3,sp,softplus,2,,0.0,4.0,,0.9113,0.9129,0.8755,,,100,ok,param_cnn_v2_shard3.csv
pair,3,sp,softplus,2,,1.0,2.0,,0.9137,0.9112,0.287,,,100,ok,param_cnn_v2_shard3.csv
pair,3,sp,softplus,2,,1.0,3.0,,0.9137,0.9116,0.3841,,,100,ok,param_cnn_v2_shard3.csv
pair,3,sp,softplus,2,,1.0,4.0,,0.9137,0.9129,1.7658,,,100,ok,param_cnn_v2_shard3.csv
pair,3,sp,softplus,2,,2.0,3.0,,0.9112,0.9116,0.8247,,,100,ok,param_cnn_v2_shard3.csv
pair,3,sp,softplus,2,,2.0,4.0,,0.9112,0.9129,0.5115,,,100,ok,param_cnn_v2_shard3.csv
pair,3,sp,softplus,2,,3.0,4.0,,0.9116,0.9129,0.5551,,,100,ok,param_cnn_v2_shard3.csv
pair,3,sp,softplus,4,,0.0,1.0,,0.9154,0.9153,0.3965,,,100,ok,param_cnn_v2_shard3.csv
pair,3,sp,softplus,4,,0.0,2.0,,0.9154,0.9165,0.4373,,,100,ok,param_cnn_v2_shard3.csv
pair,3,sp,softplus,4,,0.0,3.0,,0.9154,0.9153,0.5032,,,100,ok,param_cnn_v2_shard3.csv
pair,3,sp,softplus,4,,0.0,4.0,,0.9154,0.9145,0.3186,,,100,ok,param_cnn_v2_shard3.csv
pair,3,sp,softplus,4,,1.0,2.0,,0.9153,0.9165,0.5306,,,100,ok,param_cnn_v2_shard3.csv
pair,3,sp,softplus,4,,1.0,3.0,,0.9153,0.9153,0.4185,,,100,ok,param_cnn_v2_shard3.csv
pair,3,sp,softplus,4,,1.0,4.0,,0.9153,0.9145,0.5046,,,100,ok,param_cnn_v2_shard3.csv
pair,3,sp,softplus,4,,2.0,3.0,,0.9165,0.9153,0.383,,,100,ok,param_cnn_v2_shard3.csv
pair,3,sp,softplus,4,,2.0,4.0,,0.9165,0.9145,0.643,,,100,ok,param_cnn_v2_shard3.csv
pair,3,sp,softplus,4,,3.0,4.0,,0.9153,0.9145,0.2976,,,100,ok,param_cnn_v2_shard3.csv
pair,3,sp,softplus,8,,0.0,1.0,,0.9131,0.9162,0.4558,,,100,ok,param_cnn_v2_shard3.csv
pair,3,sp,softplus,8,,0.0,2.0,,0.9131,0.9182,0.4339,,,100,ok,param_cnn_v2_shard3.csv
pair,3,sp,softplus,8,,0.0,3.0,,0.9131,0.9154,0.8668,,,100,ok,param_cnn_v2_shard3.csv
pair,3,sp,softplus,8,,0.0,4.0,,0.9131,0.9149,0.4576,,,100,ok,param_cnn_v2_shard3.csv
pair,3,sp,softplus,8,,1.0,2.0,,0.9162,0.9182,0.2704,,,100,ok,param_cnn_v2_shard3.csv
pair,3,sp,softplus,8,,1.0,3.0,,0.9162,0.9154,0.3485,,,100,ok,param_cnn_v2_shard3.csv
pair,3,sp,softplus,8,,1.0,4.0,,0.9162,0.9149,0.3577,,,100,ok,param_cnn_v2_shard3.csv
pair,3,sp,softplus,8,,2.0,3.0,,0.9182,0.9154,0.3925,,,100,ok,param_cnn_v2_shard3.csv
pair,3,sp,softplus,8,,2.0,4.0,,0.9182,0.9149,0.2591,,,100,ok,param_cnn_v2_shard3.csv
pair,3,sp,softplus,8,,3.0,4.0,,0.9154,0.9149,0.8313,,,100,ok,param_cnn_v2_shard3.csv
pair,4,mup,relu,1,,0.0,1.0,,0.9121,0.913,2.2593,,,100,ok,param_cnn_v2_shard4.csv
pair,4,mup,relu,1,,0.0,2.0,,0.9121,0.909,0.8889,,,100,ok,param_cnn_v2_shard4.csv
pair,4,mup,relu,1,,0.0,3.0,,0.9121,0.9102,1.5537,,,100,ok,param_cnn_v2_shard4.csv
pair,4,mup,relu,1,,0.0,4.0,,0.9121,0.9088,0.8573,,,100,ok,param_cnn_v2_shard4.csv
pair,4,mup,relu,1,,1.0,2.0,,0.913,0.909,1.3491,,,100,ok,param_cnn_v2_shard4.csv
pair,4,mup,relu,1,,1.0,3.0,,0.913,0.9102,2.6823,,,100,ok,param_cnn_v2_shard4.csv
pair,4,mup,relu,1,,1.0,4.0,,0.913,0.9088,1.5713,,,100,ok,param_cnn_v2_shard4.csv
pair,4,mup,relu,1,,2.0,3.0,,0.909,0.9102,1.3073,,,100,ok,param_cnn_v2_shard4.csv
pair,4,mup,relu,1,,2.0,4.0,,0.909,0.9088,3.1275,,,100,ok,param_cnn_v2_shard4.csv
pair,4,mup,relu,1,,3.0,4.0,,0.9102,0.9088,3.0784,,,100,ok,param_cnn_v2_shard4.csv
pair,4,mup,relu,2,,0.0,1.0,,0.9183,0.9157,1.0742,,,100,ok,param_cnn_v2_shard4.csv
pair,4,mup,relu,2,,0.0,2.0,,0.9183,0.9151,0.4303,,,100,ok,param_cnn_v2_shard4.csv
pair,4,mup,relu,2,,0.0,3.0,,0.9183,0.9151,0.7955,,,100,ok,param_cnn_v2_shard4.csv
pair,4,mup,relu,2,,0.0,4.0,,0.9183,0.9155,0.8654,,,100,ok,param_cnn_v2_shard4.csv
pair,4,mup,relu,2,,1.0,2.0,,0.9157,0.9151,0.6509,,,100,ok,param_cnn_v2_shard4.csv
pair,4,mup,relu,2,,1.0,3.0,,0.9157,0.9151,0.5058,,,100,ok,param_cnn_v2_shard4.csv
pair,4,mup,relu,2,,1.0,4.0,,0.9157,0.9155,0.5709,,,100,ok,param_cnn_v2_shard4.csv
pair,4,mup,relu,2,,2.0,3.0,,0.9151,0.9151,0.5591,,,100,ok,param_cnn_v2_shard4.csv
pair,4,mup,relu,2,,2.0,4.0,,0.9151,0.9155,0.6729,,,100,ok,param_cnn_v2_shard4.csv
pair,4,mup,relu,2,,3.0,4.0,,0.9151,0.9155,0.777,,,100,ok,param_cnn_v2_shard4.csv
pair,4,mup,relu,4,,0.0,1.0,,0.9205,0.9171,0.3309,,,100,ok,param_cnn_v2_shard4.csv
pair,4,mup,relu,4,,0.0,2.0,,0.9205,0.9172,0.3145,,,100,ok,param_cnn_v2_shard4.csv
pair,4,mup,relu,4,,0.0,3.0,,0.9205,0.9206,0.2918,,,100,ok,param_cnn_v2_shard4.csv
pair,4,mup,relu,4,,0.0,4.0,,0.9205,0.9173,0.3353,,,100,ok,param_cnn_v2_shard4.csv
pair,4,mup,relu,4,,1.0,2.0,,0.9171,0.9172,0.3096,,,100,ok,param_cnn_v2_shard4.csv
pair,4,mup,relu,4,,1.0,3.0,,0.9171,0.9206,0.4092,,,100,ok,param_cnn_v2_shard4.csv
pair,4,mup,relu,4,,1.0,4.0,,0.9171,0.9173,0.2783,,,100,ok,param_cnn_v2_shard4.csv
pair,4,mup,relu,4,,2.0,3.0,,0.9172,0.9206,0.3244,,,100,ok,param_cnn_v2_shard4.csv
pair,4,mup,relu,4,,2.0,4.0,,0.9172,0.9173,0.3471,,,100,ok,param_cnn_v2_shard4.csv
pair,4,mup,relu,4,,3.0,4.0,,0.9206,0.9173,0.4062,,,100,ok,param_cnn_v2_shard4.csv
pair,4,mup,relu,8,,0.0,1.0,,0.9221,0.9198,0.1768,,,100,ok,param_cnn_v2_shard4.csv
pair,4,mup,relu,8,,0.0,2.0,,0.9221,0.9227,0.2604,,,100,ok,param_cnn_v2_shard4.csv
pair,4,mup,relu,8,,0.0,3.0,,0.9221,0.9229,0.1729,,,100,ok,param_cnn_v2_shard4.csv
pair,4,mup,relu,8,,0.0,4.0,,0.9221,0.9193,0.1639,,,100,ok,param_cnn_v2_shard4.csv
pair,4,mup,relu,8,,1.0,2.0,,0.9198,0.9227,0.1913,,,100,ok,param_cnn_v2_shard4.csv
pair,4,mup,relu,8,,1.0,3.0,,0.9198,0.9229,0.2002,,,100,ok,param_cnn_v2_shard4.csv
pair,4,mup,relu,8,,1.0,4.0,,0.9198,0.9193,0.2212,,,100,ok,param_cnn_v2_shard4.csv
pair,4,mup,relu,8,,2.0,3.0,,0.9227,0.9229,0.1946,,,100,ok,param_cnn_v2_shard4.csv
pair,4,mup,relu,8,,2.0,4.0,,0.9227,0.9193,0.1415,,,100,ok,param_cnn_v2_shard4.csv
pair,4,mup,relu,8,,3.0,4.0,,0.9229,0.9193,0.1599,,,100,ok,param_cnn_v2_shard4.csv
pair,4,mup,gelu,1,,0.0,1.0,,0.9099,0.9132,1.1696,,,100,ok,param_cnn_v2_shard4.csv
pair,4,mup,gelu,1,,0.0,2.0,,0.9099,0.9102,2.0271,,,100,ok,param_cnn_v2_shard4.csv
pair,4,mup,gelu,1,,0.0,3.0,,0.9099,0.9112,3.1818,,,100,ok,param_cnn_v2_shard4.csv
pair,4,mup,gelu,1,,0.0,4.0,,0.9099,0.9101,4.6068,,,100,ok,param_cnn_v2_shard4.csv
pair,4,mup,gelu,1,,1.0,2.0,,0.9132,0.9102,1.3175,,,100,ok,param_cnn_v2_shard4.csv
pair,4,mup,gelu,1,,1.0,3.0,,0.9132,0.9112,3.4246,,,100,ok,param_cnn_v2_shard4.csv
pair,4,mup,gelu,1,,1.0,4.0,,0.9132,0.9101,1.4163,,,100,ok,param_cnn_v2_shard4.csv
pair,4,mup,gelu,1,,2.0,3.0,,0.9102,0.9112,1.9157,,,100,ok,param_cnn_v2_shard4.csv
pair,4,mup,gelu,1,,2.0,4.0,,0.9102,0.9101,2.7652,,,100,ok,param_cnn_v2_shard4.csv
pair,4,mup,gelu,1,,3.0,4.0,,0.9112,0.9101,2.7931,,,100,ok,param_cnn_v2_shard4.csv
pair,4,mup,gelu,2,,0.0,1.0,,0.9152,0.9127,0.8664,,,100,ok,param_cnn_v2_shard4.csv
pair,4,mup,gelu,2,,0.0,2.0,,0.9152,0.9164,0.939,,,100,ok,param_cnn_v2_shard4.csv
pair,4,mup,gelu,2,,0.0,3.0,,0.9152,0.9144,0.7244,,,100,ok,param_cnn_v2_shard4.csv
pair,4,mup,gelu,2,,0.0,4.0,,0.9152,0.9143,0.6143,,,100,ok,param_cnn_v2_shard4.csv
pair,4,mup,gelu,2,,1.0,2.0,,0.9127,0.9164,1.1901,,,100,ok,param_cnn_v2_shard4.csv
pair,4,mup,gelu,2,,1.0,3.0,,0.9127,0.9144,0.533,,,100,ok,param_cnn_v2_shard4.csv
pair,4,mup,gelu,2,,1.0,4.0,,0.9127,0.9143,0.6496,,,100,ok,param_cnn_v2_shard4.csv
pair,4,mup,gelu,2,,2.0,3.0,,0.9164,0.9144,0.6405,,,100,ok,param_cnn_v2_shard4.csv
pair,4,mup,gelu,2,,2.0,4.0,,0.9164,0.9143,0.7153,,,100,ok,param_cnn_v2_shard4.csv
pair,4,mup,gelu,2,,3.0,4.0,,0.9144,0.9143,0.5166,,,100,ok,param_cnn_v2_shard4.csv
pair,4,mup,gelu,4,,0.0,1.0,,0.9192,0.9196,0.4928,,,100,ok,param_cnn_v2_shard4.csv
pair,4,mup,gelu,4,,0.0,2.0,,0.9192,0.9186,0.3139,,,100,ok,param_cnn_v2_shard4.csv
pair,4,mup,gelu,4,,0.0,3.0,,0.9192,0.9193,0.3329,,,100,ok,param_cnn_v2_shard4.csv
pair,4,mup,gelu,4,,0.0,4.0,,0.9192,0.9202,0.2865,,,100,ok,param_cnn_v2_shard4.csv
pair,4,mup,gelu,4,,1.0,2.0,,0.9196,0.9186,0.3803,,,100,ok,param_cnn_v2_shard4.csv
pair,4,mup,gelu,4,,1.0,3.0,,0.9196,0.9193,0.3187,,,100,ok,param_cnn_v2_shard4.csv
pair,4,mup,gelu,4,,1.0,4.0,,0.9196,0.9202,0.6044,,,100,ok,param_cnn_v2_shard4.csv
pair,4,mup,gelu,4,,2.0,3.0,,0.9186,0.9193,0.3708,,,100,ok,param_cnn_v2_shard4.csv
pair,4,mup,gelu,4,,2.0,4.0,,0.9186,0.9202,0.2888,,,100,ok,param_cnn_v2_shard4.csv
pair,4,mup,gelu,4,,3.0,4.0,,0.9193,0.9202,0.4712,,,100,ok,param_cnn_v2_shard4.csv
pair,4,mup,gelu,8,,0.0,1.0,,0.9218,0.9216,0.1828,,,100,ok,param_cnn_v2_shard4.csv
pair,4,mup,gelu,8,,0.0,2.0,,0.9218,0.9203,0.3912,,,100,ok,param_cnn_v2_shard4.csv
pair,4,mup,gelu,8,,0.0,3.0,,0.9218,0.9237,0.2441,,,100,ok,param_cnn_v2_shard4.csv
pair,4,mup,gelu,8,,0.0,4.0,,0.9218,0.9215,0.2266,,,100,ok,param_cnn_v2_shard4.csv
pair,4,mup,gelu,8,,1.0,2.0,,0.9216,0.9203,0.1547,,,100,ok,param_cnn_v2_shard4.csv
pair,4,mup,gelu,8,,1.0,3.0,,0.9216,0.9237,0.1763,,,100,ok,param_cnn_v2_shard4.csv
pair,4,mup,gelu,8,,1.0,4.0,,0.9216,0.9215,0.2516,,,100,ok,param_cnn_v2_shard4.csv
pair,4,mup,gelu,8,,2.0,3.0,,0.9203,0.9237,0.2963,,,100,ok,param_cnn_v2_shard4.csv
pair,4,mup,gelu,8,,2.0,4.0,,0.9203,0.9215,0.1455,,,100,ok,param_cnn_v2_shard4.csv
pair,4,mup,gelu,8,,3.0,4.0,,0.9237,0.9215,0.1802,,,100,ok,param_cnn_v2_shard4.csv
pair,4,mup,tanh,1,,0.0,1.0,,0.9126,0.9116,1.2549,,,100,ok,param_cnn_v2_shard4.csv
pair,4,mup,tanh,1,,0.0,2.0,,0.9126,0.9113,2.8529,,,100,ok,param_cnn_v2_shard4.csv
pair,4,mup,tanh,1,,0.0,3.0,,0.9126,0.9079,2.338,,,100,ok,param_cnn_v2_shard4.csv
pair,4,mup,tanh,1,,0.0,4.0,,0.9126,0.9101,2.736,,,100,ok,param_cnn_v2_shard4.csv
pair,4,mup,tanh,1,,1.0,2.0,,0.9116,0.9113,1.9683,,,100,ok,param_cnn_v2_shard4.csv
pair,4,mup,tanh,1,,1.0,3.0,,0.9116,0.9079,2.3954,,,100,ok,param_cnn_v2_shard4.csv
pair,4,mup,tanh,1,,1.0,4.0,,0.9116,0.9101,2.4749,,,100,ok,param_cnn_v2_shard4.csv
pair,4,mup,tanh,1,,2.0,3.0,,0.9113,0.9079,1.7883,,,100,ok,param_cnn_v2_shard4.csv
pair,4,mup,tanh,1,,2.0,4.0,,0.9113,0.9101,1.3049,,,100,ok,param_cnn_v2_shard4.csv
pair,4,mup,tanh,1,,3.0,4.0,,0.9079,0.9101,1.0915,,,100,ok,param_cnn_v2_shard4.csv
pair,4,mup,tanh,2,,0.0,1.0,,0.907,0.9131,0.7652,,,100,ok,param_cnn_v2_shard4.csv
pair,4,mup,tanh,2,,0.0,2.0,,0.907,0.9135,1.271,,,100,ok,param_cnn_v2_shard4.csv
pair,4,mup,tanh,2,,0.0,3.0,,0.907,0.9111,0.9291,,,100,ok,param_cnn_v2_shard4.csv
pair,4,mup,tanh,2,,0.0,4.0,,0.907,0.9141,1.2293,,,100,ok,param_cnn_v2_shard4.csv
pair,4,mup,tanh,2,,1.0,2.0,,0.9131,0.9135,1.6303,,,100,ok,param_cnn_v2_shard4.csv
pair,4,mup,tanh,2,,1.0,3.0,,0.9131,0.9111,1.4079,,,100,ok,param_cnn_v2_shard4.csv
pair,4,mup,tanh,2,,1.0,4.0,,0.9131,0.9141,1.0639,,,100,ok,param_cnn_v2_shard4.csv
pair,4,mup,tanh,2,,2.0,3.0,,0.9135,0.9111,1.3312,,,100,ok,param_cnn_v2_shard4.csv
pair,4,mup,tanh,2,,2.0,4.0,,0.9135,0.9141,1.0134,,,100,ok,param_cnn_v2_shard4.csv
pair,4,mup,tanh,2,,3.0,4.0,,0.9111,0.9141,1.0351,,,100,ok,param_cnn_v2_shard4.csv
pair,4,mup,tanh,4,,0.0,1.0,,0.9137,0.913,1.0502,,,100,ok,param_cnn_v2_shard4.csv
pair,4,mup,tanh,4,,0.0,2.0,,0.9137,0.9127,0.4796,,,100,ok,param_cnn_v2_shard4.csv
pair,4,mup,tanh,4,,0.0,3.0,,0.9137,0.9141,0.4558,,,100,ok,param_cnn_v2_shard4.csv
pair,4,mup,tanh,4,,0.0,4.0,,0.9137,0.9143,1.0354,,,100,ok,param_cnn_v2_shard4.csv
pair,4,mup,tanh,4,,1.0,2.0,,0.913,0.9127,0.6387,,,100,ok,param_cnn_v2_shard4.csv
pair,4,mup,tanh,4,,1.0,3.0,,0.913,0.9141,0.7973,,,100,ok,param_cnn_v2_shard4.csv
pair,4,mup,tanh,4,,1.0,4.0,,0.913,0.9143,0.5986,,,100,ok,param_cnn_v2_shard4.csv
pair,4,mup,tanh,4,,2.0,3.0,,0.9127,0.9141,0.898,,,100,ok,param_cnn_v2_shard4.csv
pair,4,mup,tanh,4,,2.0,4.0,,0.9127,0.9143,0.6188,,,100,ok,param_cnn_v2_shard4.csv
pair,4,mup,tanh,4,,3.0,4.0,,0.9141,0.9143,0.7478,,,100,ok,param_cnn_v2_shard4.csv
pair,4,mup,tanh,8,,0.0,1.0,,0.9184,0.9139,0.2929,,,100,ok,param_cnn_v2_shard4.csv
pair,4,mup,tanh,8,,0.0,2.0,,0.9184,0.9233,0.3956,,,100,ok,param_cnn_v2_shard4.csv
pair,4,mup,tanh,8,,0.0,3.0,,0.9184,0.9185,0.303,,,100,ok,param_cnn_v2_shard4.csv
pair,4,mup,tanh,8,,0.0,4.0,,0.9184,0.9188,0.339,,,100,ok,param_cnn_v2_shard4.csv
pair,4,mup,tanh,8,,1.0,2.0,,0.9139,0.9233,0.379,,,100,ok,param_cnn_v2_shard4.csv
pair,4,mup,tanh,8,,1.0,3.0,,0.9139,0.9185,0.6806,,,100,ok,param_cnn_v2_shard4.csv
pair,4,mup,tanh,8,,1.0,4.0,,0.9139,0.9188,0.3788,,,100,ok,param_cnn_v2_shard4.csv
pair,4,mup,tanh,8,,2.0,3.0,,0.9233,0.9185,0.3665,,,100,ok,param_cnn_v2_shard4.csv
pair,4,mup,tanh,8,,2.0,4.0,,0.9233,0.9188,0.3231,,,100,ok,param_cnn_v2_shard4.csv
pair,4,mup,tanh,8,,3.0,4.0,,0.9185,0.9188,1.3537,,,100,ok,param_cnn_v2_shard4.csv
pair,5,mup,swish,1,,0.0,1.0,,0.9047,0.9086,2.5422,,,100,ok,param_cnn_v2_shard5.csv
pair,5,mup,swish,1,,0.0,2.0,,0.9047,0.9075,1.0712,,,100,ok,param_cnn_v2_shard5.csv
pair,5,mup,swish,1,,0.0,3.0,,0.9047,0.9061,1.1669,,,100,ok,param_cnn_v2_shard5.csv
pair,5,mup,swish,1,,0.0,4.0,,0.9047,0.9099,2.0088,,,100,ok,param_cnn_v2_shard5.csv
pair,5,mup,swish,1,,1.0,2.0,,0.9086,0.9075,1.5633,,,100,ok,param_cnn_v2_shard5.csv
pair,5,mup,swish,1,,1.0,3.0,,0.9086,0.9061,2.0254,,,100,ok,param_cnn_v2_shard5.csv
pair,5,mup,swish,1,,1.0,4.0,,0.9086,0.9099,2.4007,,,100,ok,param_cnn_v2_shard5.csv
pair,5,mup,swish,1,,2.0,3.0,,0.9075,0.9061,1.6037,,,100,ok,param_cnn_v2_shard5.csv
pair,5,mup,swish,1,,2.0,4.0,,0.9075,0.9099,2.756,,,100,ok,param_cnn_v2_shard5.csv
pair,5,mup,swish,1,,3.0,4.0,,0.9061,0.9099,3.1754,,,100,ok,param_cnn_v2_shard5.csv
pair,5,mup,swish,2,,0.0,1.0,,0.9142,0.9142,0.8781,,,100,ok,param_cnn_v2_shard5.csv
pair,5,mup,swish,2,,0.0,2.0,,0.9142,0.9129,0.5926,,,100,ok,param_cnn_v2_shard5.csv
pair,5,mup,swish,2,,0.0,3.0,,0.9142,0.9108,0.6033,,,100,ok,param_cnn_v2_shard5.csv
pair,5,mup,swish,2,,0.0,4.0,,0.9142,0.9163,0.8896,,,100,ok,param_cnn_v2_shard5.csv
pair,5,mup,swish,2,,1.0,2.0,,0.9142,0.9129,1.0016,,,100,ok,param_cnn_v2_shard5.csv
pair,5,mup,swish,2,,1.0,3.0,,0.9142,0.9108,2.1887,,,100,ok,param_cnn_v2_shard5.csv
pair,5,mup,swish,2,,1.0,4.0,,0.9142,0.9163,1.2741,,,100,ok,param_cnn_v2_shard5.csv
pair,5,mup,swish,2,,2.0,3.0,,0.9129,0.9108,0.8049,,,100,ok,param_cnn_v2_shard5.csv
pair,5,mup,swish,2,,2.0,4.0,,0.9129,0.9163,0.8496,,,100,ok,param_cnn_v2_shard5.csv
pair,5,mup,swish,2,,3.0,4.0,,0.9108,0.9163,1.2734,,,100,ok,param_cnn_v2_shard5.csv
pair,5,mup,swish,4,,0.0,1.0,,0.9205,0.9183,0.3361,,,100,ok,param_cnn_v2_shard5.csv
pair,5,mup,swish,4,,0.0,2.0,,0.9205,0.9179,0.6998,,,100,ok,param_cnn_v2_shard5.csv
pair,5,mup,swish,4,,0.0,3.0,,0.9205,0.9201,0.2936,,,100,ok,param_cnn_v2_shard5.csv
pair,5,mup,swish,4,,0.0,4.0,,0.9205,0.9169,0.4705,,,100,ok,param_cnn_v2_shard5.csv
pair,5,mup,swish,4,,1.0,2.0,,0.9183,0.9179,0.4864,,,100,ok,param_cnn_v2_shard5.csv
pair,5,mup,swish,4,,1.0,3.0,,0.9183,0.9201,0.5459,,,100,ok,param_cnn_v2_shard5.csv
pair,5,mup,swish,4,,1.0,4.0,,0.9183,0.9169,0.4249,,,100,ok,param_cnn_v2_shard5.csv
pair,5,mup,swish,4,,2.0,3.0,,0.9179,0.9201,0.3485,,,100,ok,param_cnn_v2_shard5.csv
pair,5,mup,swish,4,,2.0,4.0,,0.9179,0.9169,0.3562,,,100,ok,param_cnn_v2_shard5.csv
pair,5,mup,swish,4,,3.0,4.0,,0.9201,0.9169,0.3253,,,100,ok,param_cnn_v2_shard5.csv
pair,5,mup,swish,8,,0.0,1.0,,0.9227,0.9217,0.1779,,,100,ok,param_cnn_v2_shard5.csv
pair,5,mup,swish,8,,0.0,2.0,,0.9227,0.9214,0.2019,,,100,ok,param_cnn_v2_shard5.csv
pair,5,mup,swish,8,,0.0,3.0,,0.9227,0.9216,0.1971,,,100,ok,param_cnn_v2_shard5.csv
pair,5,mup,swish,8,,0.0,4.0,,0.9227,0.9176,0.2278,,,100,ok,param_cnn_v2_shard5.csv
pair,5,mup,swish,8,,1.0,2.0,,0.9217,0.9214,0.2033,,,100,ok,param_cnn_v2_shard5.csv
pair,5,mup,swish,8,,1.0,3.0,,0.9217,0.9216,0.1965,,,100,ok,param_cnn_v2_shard5.csv
pair,5,mup,swish,8,,1.0,4.0,,0.9217,0.9176,0.2263,,,100,ok,param_cnn_v2_shard5.csv
pair,5,mup,swish,8,,2.0,3.0,,0.9214,0.9216,0.2561,,,100,ok,param_cnn_v2_shard5.csv
pair,5,mup,swish,8,,2.0,4.0,,0.9214,0.9176,0.3119,,,100,ok,param_cnn_v2_shard5.csv
pair,5,mup,swish,8,,3.0,4.0,,0.9216,0.9176,0.2198,,,100,ok,param_cnn_v2_shard5.csv
pair,5,mup,softplus,1,,0.0,1.0,,0.908,0.9047,0.8653,,,100,ok,param_cnn_v2_shard5.csv
pair,5,mup,softplus,1,,0.0,2.0,,0.908,0.9025,1.0977,,,100,ok,param_cnn_v2_shard5.csv
pair,5,mup,softplus,1,,0.0,3.0,,0.908,0.9055,0.6183,,,100,ok,param_cnn_v2_shard5.csv
pair,5,mup,softplus,1,,0.0,4.0,,0.908,0.9072,0.6903,,,100,ok,param_cnn_v2_shard5.csv
pair,5,mup,softplus,1,,1.0,2.0,,0.9047,0.9025,0.9509,,,100,ok,param_cnn_v2_shard5.csv
pair,5,mup,softplus,1,,1.0,3.0,,0.9047,0.9055,1.3786,,,100,ok,param_cnn_v2_shard5.csv
pair,5,mup,softplus,1,,1.0,4.0,,0.9047,0.9072,0.5464,,,100,ok,param_cnn_v2_shard5.csv
pair,5,mup,softplus,1,,2.0,3.0,,0.9025,0.9055,1.3124,,,100,ok,param_cnn_v2_shard5.csv
pair,5,mup,softplus,1,,2.0,4.0,,0.9025,0.9072,1.881,,,100,ok,param_cnn_v2_shard5.csv
pair,5,mup,softplus,1,,3.0,4.0,,0.9055,0.9072,4.1861,,,100,ok,param_cnn_v2_shard5.csv
pair,5,mup,softplus,2,,0.0,1.0,,0.9113,0.9095,0.6767,,,100,ok,param_cnn_v2_shard5.csv
pair,5,mup,softplus,2,,0.0,2.0,,0.9113,0.9096,0.4147,,,100,ok,param_cnn_v2_shard5.csv
pair,5,mup,softplus,2,,0.0,3.0,,0.9113,0.912,0.377,,,100,ok,param_cnn_v2_shard5.csv
pair,5,mup,softplus,2,,0.0,4.0,,0.9113,0.9103,0.8427,,,100,ok,param_cnn_v2_shard5.csv
pair,5,mup,softplus,2,,1.0,2.0,,0.9095,0.9096,0.5431,,,100,ok,param_cnn_v2_shard5.csv
pair,5,mup,softplus,2,,1.0,3.0,,0.9095,0.912,0.6158,,,100,ok,param_cnn_v2_shard5.csv
pair,5,mup,softplus,2,,1.0,4.0,,0.9095,0.9103,0.4098,,,100,ok,param_cnn_v2_shard5.csv
pair,5,mup,softplus,2,,2.0,3.0,,0.9096,0.912,0.5138,,,100,ok,param_cnn_v2_shard5.csv
pair,5,mup,softplus,2,,2.0,4.0,,0.9096,0.9103,0.5251,,,100,ok,param_cnn_v2_shard5.csv
pair,5,mup,softplus,2,,3.0,4.0,,0.912,0.9103,0.2925,,,100,ok,param_cnn_v2_shard5.csv
pair,5,mup,softplus,4,,0.0,1.0,,0.9107,0.9153,0.2809,,,100,ok,param_cnn_v2_shard5.csv
pair,5,mup,softplus,4,,0.0,2.0,,0.9107,0.915,0.5092,,,100,ok,param_cnn_v2_shard5.csv
pair,5,mup,softplus,4,,0.0,3.0,,0.9107,0.9136,0.9817,,,100,ok,param_cnn_v2_shard5.csv
pair,5,mup,softplus,4,,0.0,4.0,,0.9107,0.9156,0.4237,,,100,ok,param_cnn_v2_shard5.csv
pair,5,mup,softplus,4,,1.0,2.0,,0.9153,0.915,0.2839,,,100,ok,param_cnn_v2_shard5.csv
pair,5,mup,softplus,4,,1.0,3.0,,0.9153,0.9136,0.1852,,,100,ok,param_cnn_v2_shard5.csv
pair,5,mup,softplus,4,,1.0,4.0,,0.9153,0.9156,0.3983,,,100,ok,param_cnn_v2_shard5.csv
pair,5,mup,softplus,4,,2.0,3.0,,0.915,0.9136,0.2979,,,100,ok,param_cnn_v2_shard5.csv
pair,5,mup,softplus,4,,2.0,4.0,,0.915,0.9156,0.3194,,,100,ok,param_cnn_v2_shard5.csv
pair,5,mup,softplus,4,,3.0,4.0,,0.9136,0.9156,0.4428,,,100,ok,param_cnn_v2_shard5.csv
pair,5,mup,softplus,8,,0.0,1.0,,0.9131,0.9149,0.4825,,,100,ok,param_cnn_v2_shard5.csv
pair,5,mup,softplus,8,,0.0,2.0,,0.9131,0.9141,0.2341,,,100,ok,param_cnn_v2_shard5.csv
pair,5,mup,softplus,8,,0.0,3.0,,0.9131,0.9153,0.3644,,,100,ok,param_cnn_v2_shard5.csv
pair,5,mup,softplus,8,,0.0,4.0,,0.9131,0.9132,0.3725,,,100,ok,param_cnn_v2_shard5.csv
pair,5,mup,softplus,8,,1.0,2.0,,0.9149,0.9141,0.2165,,,100,ok,param_cnn_v2_shard5.csv
pair,5,mup,softplus,8,,1.0,3.0,,0.9149,0.9153,0.3134,,,100,ok,param_cnn_v2_shard5.csv
pair,5,mup,softplus,8,,1.0,4.0,,0.9149,0.9132,0.2331,,,100,ok,param_cnn_v2_shard5.csv
pair,5,mup,softplus,8,,2.0,3.0,,0.9141,0.9153,0.2217,,,100,ok,param_cnn_v2_shard5.csv
pair,5,mup,softplus,8,,2.0,4.0,,0.9141,0.9132,0.1699,,,100,ok,param_cnn_v2_shard5.csv
pair,5,mup,softplus,8,,3.0,4.0,,0.9153,0.9132,0.2853,,,100,ok,param_cnn_v2_shard5.csv
