kind,mode,shard,regime,act,width,seedA,seedB,dnorm,dev_geo,dev_rel,gamma_mid,flen_A,flen_mid,flen_B,rq_A,rq_mid,rq_B,lam,lam_rel,cg_resid,fd_instab,accA,accB,status
geo,cnn,,ntk,gelu,1,0,1,209.8561,9.656336e+01,4.601409e-01,1.219280e+03,1.203754e+01,1.189435e+01,1.351939e+01,5.466692e-04,5.401666e-04,6.139657e-04,8.5273e-02,0.01,9.60e-07,6.243e-01,0.8808,0.8847,ok
geo,cnn,,ntk,gelu,1,0,2,212.2576,9.422802e+01,4.439325e-01,8.854623e+02,2.173292e+01,2.069349e+01,2.316172e+01,9.647655e-04,9.186233e-04,1.028193e-03,8.5273e-02,0.01,9.81e-07,1.048e+00,0.8808,0.8814,ok
geo,cnn,,ntk,gelu,1,0,3,209.9594,8.953379e+01,4.264339e-01,2.233600e+03,2.066584e+01,6.260719e+01,8.519827e+00,9.375892e-04,2.840427e-03,3.865363e-04,8.5273e-02,0.01,9.66e-07,1.178e+00,0.8808,0.8874,ok
geo,cnn,,ntk,gelu,1,0,4,211.1986,9.551670e+01,4.522602e-01,1.296091e+03,2.303167e+01,2.725032e+01,2.325946e+01,1.032698e-03,1.221855e-03,1.042912e-03,8.5273e-02,0.01,9.46e-07,5.607e-01,0.8808,0.8863,ok
geo,cnn,,ntk,gelu,1,1,2,211.6648,1.464172e+02,6.917408e-01,1.872417e+02,1.991347e+01,1.785728e+00,1.424519e+01,8.889549e-04,7.971646e-05,6.359176e-04,9.7283e-02,0.01,9.58e-07,6.867e-01,0.8847,0.8814,ok
geo,cnn,,ntk,gelu,1,1,3,211.1827,1.264787e+02,5.989067e-01,3.114795e+03,1.907636e+01,8.086008e+01,1.509248e+01,8.554782e-04,3.626165e-03,6.768214e-04,9.7283e-02,0.01,9.38e-07,1.089e+00,0.8847,0.8874,ok
geo,cnn,,ntk,gelu,1,1,4,210.9591,1.194016e+02,5.659940e-01,5.698573e+02,1.255119e+01,2.928131e+01,1.471359e+01,5.640511e-04,1.315904e-03,6.612297e-04,9.7283e-02,0.01,9.86e-07,9.298e-01,0.8847,0.8863,ok
geo,cnn,,ntk,gelu,1,2,3,211.9735,9.173064e+01,4.327458e-01,2.031398e+03,1.062926e+01,2.754589e+01,2.559730e+01,4.731186e-04,1.226094e-03,1.139360e-03,6.8838e-02,0.01,9.70e-07,4.562e-01,0.8814,0.8874,ok
geo,cnn,,ntk,gelu,1,2,4,211.6862,8.011549e+01,3.784635e-01,1.405723e+03,1.805500e+01,2.210691e+01,1.317793e+01,8.058281e-04,9.866725e-04,5.881558e-04,6.8838e-02,0.01,9.90e-07,5.453e-01,0.8814,0.8863,ok
geo,cnn,,ntk,gelu,1,3,4,212.3804,1.363202e+02,6.418678e-01,3.526865e+03,8.155811e+00,4.318757e+01,8.291540e+00,3.616330e-04,1.914960e-03,3.676513e-04,6.7913e-02,0.01,9.63e-07,8.688e-01,0.8874,0.8863,ok
geo,cnn,,ntk,gelu,2,0,1,418.2406,9.923746e+01,2.372736e-01,1.227493e+03,9.232797e+00,1.109595e+01,1.367183e+01,1.055628e-04,1.268651e-04,1.563162e-04,7.2911e-02,0.01,9.00e-07,7.978e-01,0.8874,0.8843,ok
geo,cnn,,ntk,gelu,2,0,2,416.9936,1.635074e+02,3.921101e-01,1.566814e+03,2.763584e+01,9.479440e+00,1.956606e+01,3.178658e-04,1.090320e-04,2.250477e-04,7.2911e-02,0.01,9.58e-07,7.229e-01,0.8874,0.8855,ok
geo,cnn,,ntk,gelu,2,0,3,416.4931,1.927508e+02,4.627947e-01,2.751704e+03,1.073119e+01,4.468237e+01,1.077718e+01,1.237264e-04,5.151700e-04,1.242566e-04,7.2911e-02,0.01,9.94e-07,7.426e-01,0.8874,0.8885,ok
geo,cnn,,ntk,gelu,2,0,4,417.3779,1.812289e+02,4.342081e-01,2.158436e+03,3.112886e+01,8.343302e+01,2.290074e+01,3.573834e-04,9.578757e-04,2.629182e-04,7.2911e-02,0.01,9.04e-07,1.353e+00,0.8874,0.8861,ok
geo,cnn,,ntk,gelu,2,1,2,416.2783,8.034653e+01,1.930116e-01,4.545106e+02,1.523547e+01,2.633724e+00,1.514168e+01,1.758402e-04,3.039714e-05,1.747578e-04,1.0084e-01,0.01,9.52e-07,9.975e-01,0.8843,0.8855,ok
geo,cnn,,ntk,gelu,2,1,3,416.3891,6.742829e+01,1.619358e-01,9.373932e+02,1.435564e+01,3.129770e+01,1.419825e+01,1.655975e-04,3.610303e-04,1.637820e-04,1.0084e-01,0.01,9.74e-07,8.343e-01,0.8843,0.8885,ok
geo,cnn,,ntk,gelu,2,1,4,418.9084,9.666327e+01,2.307503e-01,1.345193e+03,1.308934e+01,3.924474e+01,8.982563e+00,1.491796e-04,4.472736e-04,1.023746e-04,1.0084e-01,0.01,8.78e-07,6.106e-01,0.8843,0.8861,ok
geo,cnn,,ntk,gelu,2,2,3,415.1962,7.019491e+01,1.690644e-01,1.184040e+03,1.376049e+01,2.185388e+01,3.272811e+01,1.596456e-04,2.535432e-04,3.797032e-04,8.5816e-02,0.01,9.89e-07,6.083e-01,0.8855,0.8885,ok
geo,cnn,,ntk,gelu,2,2,4,417.1223,1.202859e+02,2.883708e-01,2.174757e+03,1.401940e+01,3.799374e+01,1.883476e+01,1.611508e-04,4.367322e-04,2.165026e-04,8.5816e-02,0.01,9.92e-07,1.887e+00,0.8855,0.8861,ok
geo,cnn,,ntk,gelu,2,3,4,415.9634,1.248748e+02,3.002062e-01,1.519751e+03,1.066708e+01,3.003316e+01,1.383349e+01,1.233006e-04,3.471528e-04,1.599011e-04,7.0774e-02,0.01,8.42e-07,1.328e+00,0.8885,0.8861,ok
geo,cnn,,ntk,gelu,4,0,1,832.381,1.216692e+02,1.461701e-01,1.512303e+03,2.560910e+01,2.208997e+01,1.730999e+01,7.392306e-05,6.376478e-05,4.996692e-05,9.0590e-02,0.01,9.10e-07,1.270e+00,0.8916,0.8878,ok
geo,cnn,,ntk,gelu,4,0,2,831.0004,2.345866e+02,2.822942e-01,1.651746e+03,1.022351e+01,1.166740e+01,1.095706e+01,2.960925e-05,3.379106e-05,3.173375e-05,9.0590e-02,0.01,9.73e-07,6.002e-01,0.8916,0.8866,ok
geo,cnn,,ntk,gelu,4,0,3,830.5991,1.536875e+02,1.850322e-01,1.156146e+03,6.279999e+00,1.458140e+01,1.713080e+01,1.820567e-05,4.227137e-05,4.966206e-05,9.0590e-02,0.01,9.95e-07,5.849e-01,0.8916,0.8856,ok
geo,cnn,,ntk,gelu,4,0,4,832.0867,1.344333e+02,1.615616e-01,1.495065e+03,9.567737e+00,6.943041e+00,2.193523e+01,2.763771e-05,2.005592e-05,6.336290e-05,9.0590e-02,0.01,9.09e-07,6.709e-01,0.8916,0.8862,ok
geo,cnn,,ntk,gelu,4,1,2,831.1684,9.010885e+01,1.084123e-01,8.350270e+02,1.305729e+01,1.213463e+01,1.168222e+01,3.780114e-05,3.513001e-05,3.382029e-05,8.8217e-02,0.01,9.04e-07,1.172e+00,0.8878,0.8866,ok
geo,cnn,,ntk,gelu,4,1,3,832.5917,1.699106e+02,2.040744e-01,2.045970e+03,1.248257e+01,1.824042e+01,4.801455e+00,3.601389e-05,5.262605e-05,1.385284e-05,8.8217e-02,0.01,9.14e-07,5.402e-01,0.8878,0.8856,ok
geo,cnn,,ntk,gelu,4,1,4,833.4817,1.357723e+02,1.628977e-01,2.630290e+03,2.119773e+01,1.854155e+01,1.870935e+01,6.102772e-05,5.338067e-05,5.386375e-05,8.8217e-02,0.01,9.30e-07,9.437e-01,0.8878,0.8862,ok
geo,cnn,,ntk,gelu,4,2,3,833.4907,1.309526e+02,1.571135e-01,1.433680e+03,1.413377e+01,1.065285e+01,1.402445e+01,4.068987e-05,3.066863e-05,4.037518e-05,9.8847e-02,0.01,8.27e-07,7.858e-01,0.8866,0.8856,ok
geo,cnn,,ntk,gelu,4,2,4,833.9175,2.080875e+02,2.495301e-01,2.123676e+03,8.328385e+00,2.244538e+01,1.757754e+01,2.395216e-05,6.455217e-05,5.055241e-05,9.8847e-02,0.01,9.44e-07,1.343e+00,0.8866,0.8862,ok
geo,cnn,,ntk,gelu,4,3,4,832.8447,9.533733e+01,1.144719e-01,1.445428e+03,4.132811e+01,1.073720e+01,1.302351e+01,1.191647e-04,3.095942e-05,3.755173e-05,7.8007e-02,0.01,9.90e-07,1.202e+00,0.8856,0.8862,ok
geo,cnn,,ntk,gelu,8,0,1,1673.4197,2.026545e+02,1.211020e-01,1.041881e+03,1.978388e+01,1.537069e+01,2.419945e+01,1.412966e-05,1.097776e-05,1.728326e-05,8.6683e-02,0.01,8.76e-07,1.023e+00,0.8865,0.8888,ok
geo,cnn,,ntk,gelu,8,0,2,1672.2,2.293663e+02,1.371644e-01,1.565524e+03,2.180188e+01,1.028520e+01,1.499827e+01,1.559364e-05,7.356419e-06,1.072740e-05,8.6683e-02,0.01,9.28e-07,9.268e-01,0.8865,0.8878,ok
geo,cnn,,ntk,gelu,8,0,3,1672.7047,1.498725e+02,8.959890e-02,1.008340e+03,1.708800e+01,1.041871e+01,2.784981e+01,1.221469e-05,7.447411e-06,1.990736e-05,8.6683e-02,0.01,9.53e-07,6.694e-01,0.8865,0.8854,ok
geo,cnn,,ntk,gelu,8,0,4,1673.297,1.590408e+02,9.504639e-02,2.183438e+03,1.397768e+01,7.413393e+00,1.160991e+01,9.984335e-06,5.295426e-06,8.293019e-06,8.6683e-02,0.01,8.90e-07,6.681e-01,0.8865,0.8862,ok
geo,cnn,,ntk,gelu,8,1,2,1671.6685,1.368255e+02,8.184966e-02,2.022305e+03,6.186610e+00,2.159229e+01,2.653231e+01,4.427744e-06,1.545355e-05,1.898911e-05,7.9881e-02,0.01,9.62e-07,7.675e-01,0.8888,0.8878,ok
geo,cnn,,ntk,gelu,8,1,3,1672.7377,1.430721e+02,8.553170e-02,5.311799e+02,9.194400e+00,2.444218e+00,1.448281e+01,6.572002e-06,1.747086e-06,1.035207e-05,7.9881e-02,0.01,9.11e-07,3.567e+00,0.8888,0.8854,ok
geo,cnn,,ntk,gelu,8,1,4,1672.9078,1.402530e+02,8.383787e-02,1.884316e+03,1.084286e+01,1.559039e+01,7.747005e+00,7.748719e-06,1.114148e-05,5.536302e-06,7.9881e-02,0.01,9.89e-07,2.326e+00,0.8888,0.8862,ok
geo,cnn,,ntk,gelu,8,2,3,1673.4221,1.753108e+02,1.047619e-01,7.706478e+02,2.426150e+01,7.634203e+00,2.653231e+01,1.732753e-05,5.452337e-06,1.894934e-05,1.0569e-01,0.01,9.97e-07,6.077e-01,0.8878,0.8854,ok
geo,cnn,,ntk,gelu,8,2,4,1673.4984,9.516974e+01,5.686874e-02,1.250412e+03,1.280700e+01,4.321179e+00,1.617796e+01,9.145907e-06,3.085899e-06,1.155322e-05,1.0569e-01,0.01,9.37e-07,1.581e+00,0.8878,0.8862,ok
geo,cnn,,ntk,gelu,8,3,4,1672.8339,1.094311e+02,6.541658e-02,5.118483e+02,1.936905e+01,4.750414e+00,1.756482e+01,1.384308e-05,3.395125e-06,1.255359e-05,9.5162e-02,0.01,9.74e-07,7.642e-01,0.8854,0.8862,ok
geo,cnn,,ntk,tanh,1,0,1,215.3798,2.407047e+01,1.117583e-01,1.725412e+02,2.532782e+01,1.484028e+01,3.011299e+01,1.091988e-03,6.398264e-04,1.298296e-03,1.2905e-01,0.01,8.55e-07,1.030e+00,0.8528,0.8512,ok
geo,cnn,,ntk,tanh,1,0,2,216.7027,2.901303e+01,1.338841e-01,2.883898e+02,2.502956e+01,2.180445e+01,3.679379e+01,1.065994e-03,9.286387e-04,1.567026e-03,1.2905e-01,0.01,9.85e-07,4.884e-01,0.8528,0.852,ok
geo,cnn,,ntk,tanh,1,0,3,216.6629,2.445982e+01,1.128934e-01,4.729144e+02,4.813182e+01,5.027524e+00,2.457448e+01,2.050658e-03,2.141978e-04,1.046996e-03,1.2905e-01,0.01,9.87e-07,1.230e+00,0.8528,0.8445,ok
geo,cnn,,ntk,tanh,1,0,4,216.555,3.548074e+01,1.638417e-01,4.475947e+02,1.025651e+01,7.433590e+00,3.623420e+01,4.374145e-04,3.170241e-04,1.545298e-03,1.2905e-01,0.01,9.31e-07,1.146e+00,0.8528,0.8582,ok
geo,cnn,,ntk,tanh,1,1,2,215.3551,4.317279e+01,2.004725e-01,2.788039e+02,2.145858e+01,1.517398e+01,2.201469e+01,9.253810e-04,6.543635e-04,9.493627e-04,1.0851e-01,0.01,9.76e-07,5.966e-01,0.8512,0.852,ok
geo,cnn,,ntk,tanh,1,1,3,213.6945,3.684005e+01,1.723959e-01,4.746539e+02,1.249652e+01,1.480754e+01,3.587667e+01,5.473087e-04,6.485239e-04,1.571286e-03,1.0851e-01,0.01,9.90e-07,1.569e+00,0.8512,0.8445,ok
geo,cnn,,ntk,tanh,1,1,4,215.4682,2.919585e+01,1.354996e-01,5.655123e+02,3.882592e+01,2.671026e+01,2.502512e+01,1.672575e-03,1.150647e-03,1.078053e-03,1.0851e-01,0.01,9.82e-07,1.356e+00,0.8512,0.8582,ok
geo,cnn,,ntk,tanh,1,2,3,217.4984,2.668408e+01,1.226863e-01,2.889079e+02,2.516660e+01,2.056787e+00,4.615347e+01,1.064002e-03,8.695748e-05,1.951291e-03,1.3649e-01,0.01,8.84e-07,6.173e-01,0.852,0.8445,ok
geo,cnn,,ntk,tanh,1,2,4,215.7928,4.130731e+01,1.914212e-01,1.799790e+02,2.606943e+01,4.505448e+00,2.136271e+01,1.119663e-03,1.935058e-04,9.175131e-04,1.3649e-01,0.01,9.45e-07,6.397e-01,0.852,0.8582,ok
geo,cnn,,ntk,tanh,1,3,4,215.9125,2.781295e+01,1.288158e-01,4.819015e+02,1.735173e+01,9.462233e+00,2.003227e+01,7.444182e-04,4.059457e-04,8.594181e-04,8.5709e-02,0.01,8.83e-07,1.001e+00,0.8445,0.8582,ok
geo,cnn,,ntk,tanh,2,0,1,419.2908,4.606595e+01,1.098663e-01,5.086090e+02,9.168530e+00,1.111538e+01,1.276637e+01,1.043035e-04,1.264514e-04,1.452334e-04,1.0399e-01,0.01,9.91e-07,1.058e+00,0.8532,0.8603,ok
geo,cnn,,ntk,tanh,2,0,2,420.1266,2.613455e+01,6.220637e-02,3.999361e+02,2.482797e+01,9.364545e+00,1.335089e+01,2.813266e-04,1.061100e-04,1.512794e-04,1.0399e-01,0.01,9.77e-07,6.467e-01,0.8532,0.8541,ok
geo,cnn,,ntk,tanh,2,0,3,420.2808,3.196200e+01,7.604915e-02,3.392538e+02,1.565778e+01,7.160829e+00,1.851921e+01,1.772887e-04,8.108008e-05,2.096878e-04,1.0399e-01,0.01,9.83e-07,7.538e-01,0.8532,0.8478,ok
geo,cnn,,ntk,tanh,2,0,4,420.4186,3.530609e+01,8.397842e-02,6.563973e+02,4.744709e+01,1.591101e+01,9.570476e+00,5.368781e-04,1.800378e-04,1.082928e-04,1.0399e-01,0.01,9.14e-07,7.719e-01,0.8532,0.8482,ok
geo,cnn,,ntk,tanh,2,1,2,419.701,3.470742e+01,8.269557e-02,2.603477e+02,1.375097e+01,7.872968e+00,1.051685e+01,1.561289e-04,8.938989e-05,1.194087e-04,1.0912e-01,0.01,9.55e-07,1.010e+00,0.8603,0.8541,ok
geo,cnn,,ntk,tanh,2,1,3,419.6903,3.543490e+01,8.443107e-02,4.156130e+02,1.769325e+01,1.048238e+01,8.386674e+00,2.008999e-04,1.190233e-04,9.522739e-05,1.0912e-01,0.01,8.89e-07,6.715e-01,0.8603,0.8478,ok
geo,cnn,,ntk,tanh,2,1,4,419.7291,3.681455e+01,8.771028e-02,7.444939e+02,1.570397e+01,2.182922e+01,8.980857e+00,1.782795e-04,2.478164e-04,1.019553e-04,1.0912e-01,0.01,9.96e-07,9.525e-01,0.8603,0.8482,ok
geo,cnn,,ntk,tanh,2,2,3,419.7039,5.529154e+01,1.317394e-01,6.785626e+02,1.120365e+01,4.972517e+00,2.705182e+01,1.272048e-04,5.645732e-05,3.071429e-04,8.9374e-02,0.01,8.14e-07,6.771e-01,0.8541,0.8478,ok
geo,cnn,,ntk,tanh,2,2,4,420.4979,4.369357e+01,1.039091e-01,5.414014e+02,1.344480e+01,1.778210e+01,1.777255e+01,1.520746e-04,2.011339e-04,2.010260e-04,8.9374e-02,0.01,9.71e-07,5.780e-01,0.8541,0.8482,ok
geo,cnn,,ntk,tanh,2,3,4,420.1419,4.189382e+01,9.971350e-02,8.641166e+02,1.562535e+01,1.473206e+01,1.065911e+01,1.770385e-04,1.669174e-04,1.207700e-04,9.3461e-02,0.01,9.74e-07,1.003e+00,0.8478,0.8482,ok
geo,cnn,,ntk,tanh,4,0,1,836.7604,4.568803e+01,5.460109e-02,3.531070e+02,1.110882e+01,8.721859e+00,8.362486e+00,3.173187e-05,2.491362e-05,2.388709e-05,7.0426e-02,0.01,8.62e-07,7.095e-01,0.8455,0.8433,ok
geo,cnn,,ntk,tanh,4,0,2,836.3471,2.921424e+01,3.493077e-02,2.219333e+02,8.711412e+00,4.879086e+00,1.155790e+01,2.490838e-05,1.395068e-05,3.304729e-05,7.0426e-02,0.01,8.03e-07,6.526e-01,0.8455,0.8519,ok
geo,cnn,,ntk,tanh,4,0,3,836.426,4.670537e+01,5.583922e-02,5.971079e+02,9.001408e+00,2.453605e+01,1.066219e+01,2.573270e-05,7.014223e-05,3.048046e-05,7.0426e-02,0.01,9.77e-07,8.373e-01,0.8455,0.846,ok
geo,cnn,,ntk,tanh,4,0,4,835.3661,3.943059e+01,4.720156e-02,7.730235e+02,1.320673e+01,9.635410e+00,8.682252e+00,3.785049e-05,2.761509e-05,2.488334e-05,7.0426e-02,0.01,9.81e-07,6.606e-01,0.8455,0.8489,ok
geo,cnn,,ntk,tanh,4,1,2,835.6954,4.734922e+01,5.665846e-02,5.181970e+02,4.009146e+01,9.088864e+00,2.175018e+01,1.148116e-04,2.602817e-05,6.228692e-05,8.5011e-02,0.01,8.86e-07,4.893e-01,0.8433,0.8519,ok
geo,cnn,,ntk,tanh,4,1,3,835.438,3.999952e+01,4.787850e-02,3.992137e+02,2.375541e+01,8.390724e+00,8.537171e+00,6.807131e-05,2.404368e-05,2.446333e-05,8.5011e-02,0.01,9.28e-07,6.779e-01,0.8433,0.846,ok
geo,cnn,,ntk,tanh,4,1,4,834.8323,5.448720e+01,6.526724e-02,4.280886e+02,1.470168e+01,7.029028e+00,5.155063e+00,4.218893e-05,2.017097e-05,1.479331e-05,8.5011e-02,0.01,8.15e-07,6.518e-01,0.8433,0.8489,ok
geo,cnn,,ntk,tanh,4,2,3,836.7448,4.009711e+01,4.792036e-02,6.241754e+02,1.577327e+01,1.008504e+01,9.112441e+00,4.505735e-05,2.880858e-05,2.603027e-05,8.3850e-02,0.01,6.06e-07,8.965e-01,0.8519,0.846,ok
geo,cnn,,ntk,tanh,4,2,4,835.1387,4.324657e+01,5.178370e-02,3.389332e+02,1.736766e+01,5.785247e+00,2.361840e+01,4.980284e-05,1.658955e-05,6.772723e-05,8.3850e-02,0.01,8.89e-07,7.389e-01,0.8519,0.8489,ok
geo,cnn,,ntk,tanh,4,3,4,834.8763,5.187992e+01,6.214085e-02,5.002836e+02,5.812027e+00,8.436125e+00,7.910766e+00,1.667683e-05,2.420632e-05,2.269887e-05,7.7545e-02,0.01,9.89e-07,8.085e-01,0.846,0.8489,ok
geo,cnn,,ntk,tanh,8,0,1,1674.2863,5.017522e+01,2.996813e-02,4.122258e+02,6.803025e+00,4.067123e+00,3.098609e+00,4.853697e-06,2.901736e-06,2.210738e-06,4.7019e-02,0.01,9.90e-07,1.215e+00,0.8316,0.8389,ok
geo,cnn,,ntk,tanh,8,0,2,1671.7971,4.789279e+01,2.864749e-02,3.154702e+02,1.024580e+01,2.334839e+00,3.484003e+00,7.331768e-06,1.670782e-06,2.493109e-06,4.7019e-02,0.01,9.46e-07,8.886e-01,0.8316,0.8348,ok
geo,cnn,,ntk,tanh,8,0,3,1672.6604,3.745675e+01,2.239352e-02,3.874939e+02,1.239636e+01,2.709448e+00,6.630364e+00,8.861526e-06,1.936847e-06,4.739710e-06,4.7019e-02,0.01,8.61e-07,1.090e+00,0.8316,0.8362,ok
geo,cnn,,ntk,tanh,8,0,4,1672.4282,4.576900e+01,2.736680e-02,5.807889e+02,9.716271e+00,3.269554e+00,8.577123e+00,6.947598e-06,2.337887e-06,6.133052e-06,4.7019e-02,0.01,9.89e-07,9.271e-01,0.8316,0.8332,ok
geo,cnn,,ntk,tanh,8,1,2,1671.7852,2.464281e+01,1.474041e-02,3.832396e+02,8.599918e+00,6.363500e+00,1.127450e+01,6.154084e-06,4.553707e-06,8.068009e-06,7.7471e-02,0.01,9.65e-07,8.591e-01,0.8389,0.8348,ok
geo,cnn,,ntk,tanh,8,1,3,1673.0291,2.402133e+01,1.435799e-02,2.550109e+02,3.993539e+00,2.621289e+00,5.104947e+00,2.853520e-06,1.873000e-06,3.647659e-06,7.7471e-02,0.01,9.76e-07,1.160e+00,0.8389,0.8362,ok
geo,cnn,,ntk,tanh,8,1,4,1672.9878,3.091867e+01,1.848111e-02,2.007105e+02,5.164306e+00,2.558748e+00,2.090363e+01,3.690255e-06,1.828403e-06,1.493710e-05,7.7471e-02,0.01,8.21e-07,7.643e-01,0.8389,0.8332,ok
geo,cnn,,ntk,tanh,8,2,3,1673.0217,3.762048e+01,2.248655e-02,5.818048e+02,5.271098e+00,3.539555e+00,5.181257e+00,3.766413e-06,2.529156e-06,3.702218e-06,5.2537e-02,0.01,9.74e-07,9.460e-01,0.8348,0.8362,ok
geo,cnn,,ntk,tanh,8,2,4,1672.9545,5.399595e+01,3.227580e-02,3.114079e+02,5.907638e+00,1.790824e+00,5.152331e+00,4.221586e-06,1.279719e-06,3.681845e-06,5.2537e-02,0.01,8.96e-07,6.817e-01,0.8348,0.8332,ok
geo,cnn,,ntk,tanh,8,3,4,1672.0383,3.166901e+01,1.894036e-02,3.782648e+02,9.027378e+00,2.566930e+00,5.650268e+00,6.458017e-06,1.836333e-06,4.042095e-06,6.9952e-02,0.01,6.68e-07,9.729e-01,0.8362,0.8332,ok
geo,cnn,,ntk,swish,1,0,1,211.285,7.827600e+01,3.704759e-01,9.544681e+02,4.330993e+01,9.333139e+00,2.249578e+01,1.940351e-03,4.181389e-04,1.007845e-03,8.0133e-02,0.01,9.57e-07,2.816e+00,0.8869,0.882,ok
geo,cnn,,ntk,swish,1,0,2,211.2834,1.564745e+02,7.405907e-01,1.191104e+03,1.374764e+01,5.562374e+01,1.121154e+01,6.159243e-04,2.492065e-03,5.023014e-04,8.0133e-02,0.01,9.88e-07,1.228e+00,0.8869,0.884,ok
geo,cnn,,ntk,swish,1,0,3,212.7168,7.894920e+01,3.711471e-01,5.306004e+02,5.772433e+01,1.297167e+01,1.481475e+01,2.551441e-03,5.733533e-04,6.548186e-04,8.0133e-02,0.01,8.87e-07,1.236e+00,0.8869,0.8837,ok
geo,cnn,,ntk,swish,1,0,4,211.5603,7.873174e+01,3.721480e-01,1.229913e+03,1.638030e+01,6.456354e+01,1.295203e+01,7.319538e-04,2.885021e-03,5.787614e-04,8.0133e-02,0.01,9.79e-07,8.764e-01,0.8869,0.8787,ok
geo,cnn,,ntk,swish,1,1,2,212.6578,4.261687e+02,2.004012e+00,1.364707e+03,1.870726e+01,3.507352e+01,6.644624e+00,8.273275e-04,1.551124e-03,2.938581e-04,8.3409e-02,0.01,9.82e-07,5.410e-01,0.882,0.884,ok
geo,cnn,,ntk,swish,1,1,3,211.808,1.023188e+02,4.830735e-01,8.852183e+02,8.081967e+00,2.060150e+01,4.070502e+01,3.602985e-04,9.184262e-04,1.814652e-03,8.3409e-02,0.01,9.29e-07,6.508e-01,0.882,0.8837,ok
geo,cnn,,ntk,swish,1,1,4,210.376,9.295864e+01,4.418691e-01,1.105914e+03,2.172692e+01,3.843339e+01,1.119146e+01,9.818292e-04,1.736786e-03,5.057365e-04,8.3409e-02,0.01,9.48e-07,7.943e-01,0.882,0.8787,ok
geo,cnn,,ntk,swish,1,2,3,211.9996,8.339835e+01,3.933891e-01,1.243267e+03,1.448629e+01,1.002614e+02,1.374666e+01,6.446394e-04,4.461632e-03,6.117260e-04,7.3376e-02,0.01,8.77e-07,6.612e-01,0.884,0.8837,ok
geo,cnn,,ntk,swish,1,2,4,211.5081,8.569952e+01,4.051832e-01,9.582903e+02,2.233713e+01,2.154638e+01,1.248378e+01,9.986271e-04,9.632753e-04,5.581129e-04,7.3376e-02,0.01,9.30e-07,6.769e-01,0.884,0.8787,ok
geo,cnn,,ntk,swish,1,3,4,210.5032,1.434566e+02,6.814936e-01,2.714173e+03,1.301609e+01,1.956965e+01,1.213112e+01,5.874798e-04,8.832742e-04,5.475369e-04,6.9671e-02,0.01,9.64e-07,8.877e-01,0.8837,0.8787,ok
geo,cnn,,ntk,swish,2,0,1,416.2454,1.432383e+02,3.441198e-01,2.153833e+03,1.164378e+01,1.685259e+01,3.708686e+01,1.344080e-04,1.945350e-04,4.281059e-04,6.3695e-02,0.01,9.45e-07,7.908e-01,0.8871,0.887,ok
geo,cnn,,ntk,swish,2,0,2,414.5226,1.171820e+02,2.826914e-01,3.954144e+02,1.497033e+01,5.224833e+00,1.397375e+01,1.742469e-04,6.081434e-05,1.626472e-04,6.3695e-02,0.01,9.87e-07,5.736e-01,0.8871,0.8853,ok
geo,cnn,,ntk,swish,2,0,3,414.9503,2.719401e+02,6.553558e-01,2.104411e+03,9.695515e+00,2.145580e+01,8.911282e+00,1.126182e-04,2.492198e-04,1.035090e-04,6.3695e-02,0.01,8.93e-07,6.835e-01,0.8871,0.8856,ok
geo,cnn,,ntk,swish,2,0,4,417.0322,1.409800e+02,3.380553e-01,3.152399e+03,1.454449e+01,6.164366e+01,1.415633e+01,1.672589e-04,7.088906e-04,1.627952e-04,6.3695e-02,0.01,9.81e-07,1.158e+00,0.8871,0.8834,ok
geo,cnn,,ntk,swish,2,1,2,415.1234,2.106201e+02,5.073675e-01,2.373495e+03,8.023572e+00,3.504189e+01,1.799421e+01,9.312006e-05,4.066895e-04,2.088374e-04,7.9275e-02,0.01,9.21e-07,6.776e-01,0.887,0.8853,ok
geo,cnn,,ntk,swish,2,1,3,417.1029,1.034806e+02,2.480936e-01,5.994246e+02,1.263566e+01,4.511739e+00,7.393807e+00,1.452584e-04,5.186657e-05,8.499857e-05,7.9275e-02,0.01,9.96e-07,7.401e-01,0.887,0.8856,ok
geo,cnn,,ntk,swish,2,1,4,416.3514,1.029768e+02,2.473314e-01,7.553600e+02,1.509952e+01,9.607824e+00,1.297409e+01,1.742100e-04,1.108498e-04,1.496879e-04,7.9275e-02,0.01,8.87e-07,1.086e+00,0.887,0.8834,ok
geo,cnn,,ntk,swish,2,2,3,415.975,8.707058e+01,2.093169e-01,1.009082e+03,1.630623e+01,1.199264e+01,1.072154e+01,1.884730e-04,1.386150e-04,1.239232e-04,7.1400e-02,0.01,9.72e-07,1.642e+00,0.8853,0.8856,ok
geo,cnn,,ntk,swish,2,2,4,414.0778,1.464221e+02,3.536102e-01,1.499054e+03,2.176653e+01,3.241962e+01,1.409612e+01,2.538957e-04,3.781587e-04,1.644242e-04,7.1400e-02,0.01,8.48e-07,6.603e-01,0.8853,0.8834,ok
geo,cnn,,ntk,swish,2,3,4,415.5099,8.203255e+01,1.974262e-01,9.594642e+02,1.546984e+01,1.635719e+01,2.288222e+01,1.792063e-04,1.894856e-04,2.650730e-04,7.5127e-02,0.01,8.13e-07,7.860e-01,0.8856,0.8834,ok
geo,cnn,,ntk,swish,4,0,1,832.2353,6.069318e+01,7.292791e-02,5.491531e+02,1.381120e+01,8.668436e+00,1.015821e+01,3.988130e-05,2.503102e-05,2.933288e-05,9.0524e-02,0.01,9.78e-07,3.147e+00,0.888,0.8893,ok
geo,cnn,,ntk,swish,4,0,2,832.3621,9.024280e+01,1.084177e-01,1.411191e+03,9.267764e+00,3.923077e+01,2.126367e+01,2.675348e-05,1.132484e-04,6.138237e-05,9.0524e-02,0.01,9.20e-07,1.281e+00,0.888,0.8897,ok
geo,cnn,,ntk,swish,4,0,3,832.1421,9.499117e+01,1.141526e-01,1.392912e+03,1.454883e+01,2.829539e+01,9.625641e+00,4.202068e-05,8.172420e-05,2.780127e-05,9.0524e-02,0.01,9.94e-07,8.365e-01,0.888,0.89,ok
geo,cnn,,ntk,swish,4,0,4,830.8277,8.103022e+01,9.752951e-02,8.235659e+02,1.480312e+01,9.574991e+00,2.779483e+01,4.289051e-05,2.774255e-05,8.053267e-05,9.0524e-02,0.01,9.76e-07,1.326e+00,0.888,0.8892,ok
geo,cnn,,ntk,swish,4,1,2,832.2126,1.627446e+02,1.955565e-01,6.216551e+02,3.485655e+01,2.400923e+00,2.702793e+01,1.006574e-04,6.933294e-06,7.805023e-05,8.7371e-02,0.01,9.82e-07,1.108e+00,0.8893,0.8897,ok
geo,cnn,,ntk,swish,4,1,3,833.3035,1.352647e+02,1.623235e-01,2.581718e+03,1.181217e+01,5.553960e+00,1.023728e+01,3.402149e-05,1.599655e-05,2.948549e-05,8.7371e-02,0.01,9.66e-07,1.596e+00,0.8893,0.89,ok
geo,cnn,,ntk,swish,4,1,4,832.6019,1.303580e+02,1.565670e-01,1.688233e+03,2.641752e+01,3.537915e+01,2.441569e+01,7.621620e-05,1.020711e-04,7.044080e-05,8.7371e-02,0.01,9.34e-07,1.219e+00,0.8893,0.8892,ok
geo,cnn,,ntk,swish,4,2,3,833.7469,1.488126e+02,1.784865e-01,4.564844e+02,1.009431e+01,4.109722e+00,1.006303e+01,2.904277e-05,1.182426e-05,2.895278e-05,8.9310e-02,0.01,8.25e-07,5.307e-01,0.8897,0.89,ok
geo,cnn,,ntk,swish,4,2,4,832.9209,1.369449e+02,1.644153e-01,2.357128e+03,8.830902e+00,2.409485e+01,1.728424e+01,2.545819e-05,6.946190e-05,4.982793e-05,8.9310e-02,0.01,8.76e-07,7.669e-01,0.8897,0.8892,ok
geo,cnn,,ntk,swish,4,3,4,831.66,1.174155e+02,1.411820e-01,5.063462e+02,3.016958e+01,9.934638e+00,2.214299e+01,8.723839e-05,2.872701e-05,6.402871e-05,8.3803e-02,0.01,9.29e-07,8.497e-01,0.89,0.8892,ok
geo,cnn,,ntk,swish,8,0,1,1673.3811,1.564694e+02,9.350495e-02,1.059124e+03,1.604647e+01,1.654891e+01,7.710376e+00,1.146093e-05,1.181979e-05,5.507010e-06,9.5221e-02,0.01,9.55e-07,8.973e-01,0.8861,0.8828,ok
geo,cnn,,ntk,swish,8,0,2,1670.9655,1.132828e+02,6.779480e-02,1.029913e+03,2.843997e+01,2.537160e+01,3.622106e+01,2.037156e-05,1.817368e-05,2.594515e-05,9.5221e-02,0.01,9.50e-07,9.232e-01,0.8861,0.8813,ok
geo,cnn,,ntk,swish,8,0,3,1672.5544,1.330197e+02,7.953085e-02,1.133166e+03,8.955595e+00,2.764841e+01,1.554329e+01,6.402711e-06,1.976695e-05,1.111252e-05,9.5221e-02,0.01,7.71e-07,1.220e+00,0.8861,0.8866,ok
geo,cnn,,ntk,swish,8,0,4,1672.3517,9.863395e+01,5.897919e-02,7.623865e+02,2.937309e+01,1.533362e+01,1.915514e+01,2.100508e-05,1.096527e-05,1.369809e-05,9.5221e-02,0.01,9.56e-07,1.143e+00,0.8861,0.8864,ok
geo,cnn,,ntk,swish,8,1,2,1671.0276,1.366346e+02,8.176684e-02,1.863065e+03,1.692936e+01,1.276708e+01,1.191667e+01,1.212560e-05,9.144378e-06,8.535281e-06,8.6403e-02,0.01,9.89e-07,5.918e-01,0.8828,0.8813,ok
geo,cnn,,ntk,swish,8,1,3,1672.968,1.297671e+02,7.756700e-02,1.250123e+03,8.996224e+00,8.734847e+00,1.029867e+01,6.428579e-06,6.241803e-06,7.359291e-06,8.6403e-02,0.01,8.06e-07,7.244e-01,0.8828,0.8866,ok
geo,cnn,,ntk,swish,8,1,4,1672.0223,1.399911e+02,8.372562e-02,7.151627e+02,1.646405e+01,1.292538e+01,1.417279e+01,1.177830e-05,9.246751e-06,1.013914e-05,8.6403e-02,0.01,9.49e-07,7.641e-01,0.8828,0.8864,ok
geo,cnn,,ntk,swish,8,2,3,1671.9315,1.596921e+02,9.551354e-02,9.411642e+02,1.622479e+01,4.983469e+00,9.744633e+00,1.160839e-05,3.565536e-06,6.972018e-06,7.7554e-02,0.01,8.65e-07,1.400e+00,0.8813,0.8866,ok
geo,cnn,,ntk,swish,8,2,4,1673.0962,1.320374e+02,7.891798e-02,1.766815e+03,1.699178e+01,1.860276e+01,2.641753e+01,1.214023e-05,1.329124e-05,1.887471e-05,7.7554e-02,0.01,9.76e-07,1.137e+00,0.8813,0.8864,ok
geo,cnn,,ntk,swish,8,3,4,1671.7086,1.077844e+02,6.447559e-02,1.635714e+03,1.470575e+01,2.774944e+01,3.145226e+01,1.052437e-05,1.985926e-05,2.250924e-05,8.9984e-02,0.01,9.88e-07,1.674e+00,0.8866,0.8864,ok
geo,cnn,,ntk,softplus,1,0,1,210.7292,8.156824e+01,3.870760e-01,2.467513e+03,7.296046e+00,1.422549e+01,8.679008e+00,3.286003e-04,6.406895e-04,3.908864e-04,8.8736e-02,0.01,9.75e-07,4.639e-01,0.8766,0.8699,ok
geo,cnn,,ntk,softplus,1,0,2,212.3567,3.681815e+01,1.733788e-01,8.239365e+02,1.415840e+01,2.767709e+01,1.595422e+01,6.279315e-04,1.227492e-03,7.075770e-04,8.8736e-02,0.01,9.88e-07,3.003e+00,0.8766,0.8743,ok
geo,cnn,,ntk,softplus,1,0,3,213.3257,5.594317e+01,2.622431e-01,5.169699e+02,1.386009e+01,1.302745e+01,2.254723e+01,6.091300e-04,5.725366e-04,9.909165e-04,8.8736e-02,0.01,1.00e-06,7.462e-01,0.8766,0.88,ok
geo,cnn,,ntk,softplus,1,0,4,212.451,6.784248e+01,3.193323e-01,1.507593e+03,1.483881e+01,1.284533e+02,1.273540e+01,6.575236e-04,5.691904e-03,5.643194e-04,8.8736e-02,0.01,9.17e-07,4.620e-01,0.8766,0.8738,ok
geo,cnn,,ntk,softplus,1,1,2,212.1412,5.811607e+01,2.739500e-01,7.024611e+02,9.642249e+00,1.119827e+01,1.031226e+01,4.285075e-04,4.976582e-04,4.582834e-04,9.2027e-02,0.01,8.04e-07,3.005e+00,0.8699,0.8743,ok
geo,cnn,,ntk,softplus,1,1,3,213.9714,6.727768e+01,3.144237e-01,1.596294e+03,1.332259e+01,2.795066e+01,8.852128e+00,5.819788e-04,1.220986e-03,3.866930e-04,9.2027e-02,0.01,8.88e-07,5.291e-01,0.8699,0.88,ok
geo,cnn,,ntk,softplus,1,1,4,213.3961,6.015340e+01,2.818861e-01,1.096366e+03,1.813310e+01,4.775095e+01,1.989114e+01,7.963960e-04,2.097196e-03,8.736081e-04,9.2027e-02,0.01,9.77e-07,9.322e-01,0.8699,0.8738,ok
geo,cnn,,ntk,softplus,1,2,3,212.845,4.642569e+01,2.181197e-01,6.591448e+02,8.809615e+00,2.381905e+01,2.531616e+01,3.889198e-04,1.051544e-03,1.117638e-03,8.6663e-02,0.01,9.85e-07,3.014e+00,0.8743,0.88,ok
geo,cnn,,ntk,softplus,1,2,4,212.1816,9.250588e+01,4.359750e-01,8.805514e+02,7.501623e+00,6.175641e+01,7.693359e+00,3.332496e-04,2.743447e-03,3.417673e-04,8.6663e-02,0.01,9.59e-07,3.016e+00,0.8743,0.8738,ok
geo,cnn,,ntk,softplus,1,3,4,213.2993,5.247929e+01,2.460360e-01,1.308171e+03,2.798051e+01,2.934811e+01,1.566708e+01,1.230005e-03,1.290124e-03,6.887149e-04,8.7844e-02,0.01,8.87e-07,3.009e+00,0.88,0.8738,ok
geo,cnn,,ntk,softplus,2,0,1,414.7505,4.388962e+01,1.058217e-01,5.445618e+02,2.332772e+01,2.203122e+01,7.795192e+00,2.712241e-04,2.561502e-04,9.063228e-05,8.4097e-02,0.01,9.61e-07,7.271e-01,0.877,0.8822,ok
geo,cnn,,ntk,softplus,2,0,2,415.3973,4.375648e+01,1.053364e-01,5.041967e+02,1.871870e+01,9.027304e+00,2.139052e+01,2.169593e-04,1.046311e-04,2.479270e-04,8.4097e-02,0.01,9.89e-07,9.837e-01,0.877,0.88,ok
geo,cnn,,ntk,softplus,2,0,3,414.5559,9.654874e+01,2.328968e-01,6.332662e+02,1.464936e+01,1.744070e+01,1.416004e+01,1.704835e-04,2.029681e-04,1.647890e-04,8.4097e-02,0.01,9.98e-07,8.305e-01,0.877,0.8747,ok
geo,cnn,,ntk,softplus,2,0,4,416.5751,6.525648e+01,1.566500e-01,6.830875e+02,1.695741e+01,1.250008e+01,1.767676e+01,1.954353e-04,1.440643e-04,2.037259e-04,8.4097e-02,0.01,6.81e-07,7.606e-01,0.877,0.8774,ok
geo,cnn,,ntk,softplus,2,1,2,416.2451,1.148608e+02,2.759450e-01,1.243023e+03,1.523317e+01,5.002524e+01,2.539346e+01,1.758417e-04,5.774586e-04,2.931254e-04,9.6677e-02,0.01,9.86e-07,5.571e-01,0.8822,0.88,ok
geo,cnn,,ntk,softplus,2,1,3,415.6361,5.827254e+01,1.402009e-01,1.143165e+03,1.213697e+01,4.582657e+01,1.690587e+01,1.405121e-04,5.305433e-04,1.957227e-04,9.6677e-02,0.01,9.86e-07,3.008e+00,0.8822,0.8747,ok
geo,cnn,,ntk,softplus,2,1,4,417.4699,1.442575e+02,3.455518e-01,2.289875e+03,1.762221e+01,7.316488e+01,1.806788e+01,2.022273e-04,8.396190e-04,2.073417e-04,9.6677e-02,0.01,9.02e-07,6.518e-01,0.8822,0.8774,ok
geo,cnn,,ntk,softplus,2,2,3,417.1705,6.262782e+01,1.501252e-01,1.254201e+03,4.029622e+01,3.177664e+01,2.071266e+01,4.630919e-04,3.651832e-04,2.380339e-04,7.3913e-02,0.01,9.97e-07,3.124e+00,0.88,0.8747,ok
geo,cnn,,ntk,softplus,2,2,4,415.923,1.075128e+02,2.584920e-01,1.519784e+03,1.006160e+01,2.072515e+01,1.738365e+01,1.163245e-04,2.396083e-04,2.009764e-04,7.3913e-02,0.01,8.28e-07,3.008e+00,0.88,0.8774,ok
geo,cnn,,ntk,softplus,2,3,4,416.7177,9.368894e+01,2.248260e-01,2.057067e+03,2.596857e+01,2.602445e+01,1.887522e+01,2.990847e-04,2.997283e-04,2.173893e-04,9.2596e-02,0.01,8.84e-07,3.017e+00,0.8747,0.8774,ok
geo,cnn,,ntk,softplus,4,0,1,831.853,8.366183e+01,1.005729e-01,4.370531e+02,9.811866e+00,4.800926e+00,1.140856e+01,2.835884e-05,1.387592e-05,3.297370e-05,1.0256e-01,0.01,9.45e-07,9.464e-01,0.8769,0.874,ok
geo,cnn,,ntk,softplus,4,0,2,831.6127,1.027254e+02,1.235256e-01,8.360073e+02,1.952157e+01,1.751474e+01,1.014031e+01,5.645501e-05,5.065139e-05,2.932508e-05,1.0256e-01,0.01,9.91e-07,1.841e+00,0.8769,0.8745,ok
geo,cnn,,ntk,softplus,4,0,3,832.4346,7.384011e+01,8.870380e-02,1.405182e+03,3.594312e+01,2.661952e+01,1.219846e+01,1.037398e-04,7.682986e-05,3.520746e-05,1.0256e-01,0.01,9.77e-07,4.495e-01,0.8769,0.8754,ok
geo,cnn,,ntk,softplus,4,0,4,831.8938,1.374556e+02,1.652322e-01,2.512623e+02,2.512480e+01,7.375384e+00,1.003164e+01,7.261007e-05,2.131468e-05,2.899121e-05,1.0256e-01,0.01,9.86e-07,8.266e-01,0.8769,0.8745,ok
geo,cnn,,ntk,softplus,4,1,2,831.494,5.909873e+01,7.107536e-02,4.922326e+02,1.742717e+01,4.014358e+00,1.084740e+01,5.041256e-05,1.161256e-05,3.137889e-05,8.9008e-02,0.01,8.17e-07,1.653e+00,0.874,0.8745,ok
geo,cnn,,ntk,softplus,4,1,3,832.9777,7.976876e+01,9.576339e-02,1.012062e+03,2.259894e+01,9.702974e+00,1.408135e+01,6.514055e-05,2.796844e-05,4.058892e-05,8.9008e-02,0.01,9.84e-07,1.478e+00,0.874,0.8754,ok
geo,cnn,,ntk,softplus,4,1,4,833.7,7.927718e+01,9.509078e-02,4.793268e+02,1.291782e+01,1.211294e+01,1.451285e+01,3.717062e-05,3.485458e-05,4.176024e-05,8.9008e-02,0.01,9.88e-07,6.496e-01,0.874,0.8745,ok
geo,cnn,,ntk,softplus,4,2,3,833.1544,2.217141e+02,2.661140e-01,1.368098e+03,2.126299e+01,2.481177e+01,1.254938e+01,6.126374e-05,7.148861e-05,3.615774e-05,7.9208e-02,0.01,9.45e-07,1.392e+00,0.8745,0.8754,ok
geo,cnn,,ntk,softplus,4,2,4,833.5,1.221121e+02,1.465052e-01,2.084426e+03,2.693893e+01,4.290667e+01,6.798216e+00,7.755309e-05,1.235218e-04,1.957103e-05,7.9208e-02,0.01,9.72e-07,7.731e-01,0.8745,0.8745,ok
geo,cnn,,ntk,softplus,4,3,4,832.8506,5.128233e+01,6.157446e-02,4.804012e+02,8.616563e+00,1.145895e+01,1.019414e+01,2.484447e-05,3.304005e-05,2.939317e-05,9.0654e-02,0.01,9.38e-07,8.259e-01,0.8754,0.8745,ok
geo,cnn,,ntk,softplus,8,0,1,1672.3408,7.828758e+01,4.681317e-02,2.021424e+03,9.328354e+00,6.681104e+01,1.716589e+01,6.670915e-06,4.777807e-05,1.227572e-05,1.0484e-01,0.01,9.46e-07,7.600e-01,0.8756,0.8762,ok
geo,cnn,,ntk,softplus,8,0,2,1671.8474,8.848690e+01,5.292762e-02,5.380850e+02,1.884761e+01,1.590569e+01,6.272670e+00,1.348631e-05,1.138123e-05,4.488375e-06,1.0484e-01,0.01,8.91e-07,7.353e-01,0.8756,0.8702,ok
geo,cnn,,ntk,softplus,8,0,3,1671.5997,3.823256e+01,2.287184e-02,6.440258e+02,1.942848e+01,1.263570e+01,6.918344e+00,1.390606e-05,9.044088e-06,4.951851e-06,1.0484e-01,0.01,9.64e-07,1.581e+00,0.8756,0.8684,ok
geo,cnn,,ntk,softplus,8,0,4,1671.0094,1.929813e+02,1.154879e-01,2.523999e+02,6.438595e+00,3.862742e+00,1.095752e+01,4.611724e-06,2.766737e-06,7.848459e-06,1.0484e-01,0.01,9.12e-07,7.232e-01,0.8756,0.8739,ok
geo,cnn,,ntk,softplus,8,1,2,1671.2415,9.006046e+01,5.388836e-02,2.002678e+03,3.168954e+01,2.766266e+01,1.552114e+01,2.269173e-05,1.980823e-05,1.111412e-05,1.1155e-01,0.01,8.94e-07,3.316e+00,0.8762,0.8702,ok
geo,cnn,,ntk,softplus,8,1,3,1670.6863,6.021060e+01,3.603944e-02,1.494238e+03,8.369853e+00,3.802198e+01,1.055537e+01,5.997331e-06,2.724426e-05,7.563338e-06,1.1155e-01,0.01,9.09e-07,1.169e+00,0.8762,0.8684,ok
geo,cnn,,ntk,softplus,8,1,4,1670.6238,6.927702e+01,4.146775e-02,9.356354e+02,8.991180e+00,2.533631e+01,1.426162e+01,6.443019e-06,1.815583e-05,1.021978e-05,1.1155e-01,0.01,9.77e-07,8.758e-01,0.8762,0.8739,ok
geo,cnn,,ntk,softplus,8,2,3,1672.7876,3.205601e+02,1.916323e-01,6.467466e+02,8.835443e+00,9.963985e-01,6.362736e+00,6.315049e-06,7.121664e-07,4.547705e-06,9.1290e-02,0.01,8.56e-07,1.190e+00,0.8702,0.8684,ok
geo,cnn,,ntk,softplus,8,2,4,1673.754,2.076896e+02,1.240861e-01,2.159678e+03,3.971360e+01,2.169774e+01,1.305077e+01,2.835215e-05,1.549035e-05,9.317142e-06,9.1290e-02,0.01,9.03e-07,1.127e+00,0.8702,0.8739,ok
geo,cnn,,ntk,softplus,8,3,4,1671.324,7.514828e+01,4.496332e-02,8.660706e+02,6.496731e+00,1.007488e+01,1.085369e+01,4.651613e-06,7.213540e-06,7.771166e-06,9.6437e-02,0.01,9.12e-07,8.867e-01,0.8684,0.8739,ok
geo,cnn,,sp,gelu,1,0,1,52.8676,1.383994e+02,2.617847e+00,2.285376e+03,4.530270e+00,2.001481e+01,5.601040e+00,3.241711e-03,1.432194e-02,4.007919e-03,8.9947e-02,0.01,9.59e-07,9.443e-01,0.9104,0.9096,ok
geo,cnn,,sp,gelu,1,0,2,52.0357,9.496549e+01,1.825007e+00,1.099605e+03,4.812136e+00,8.172729e+00,3.344161e+00,3.554393e-03,6.036630e-03,2.470100e-03,8.9947e-02,0.01,9.86e-07,6.126e-01,0.9104,0.9133,ok
geo,cnn,,sp,gelu,1,0,3,52.0241,1.288824e+02,2.477358e+00,2.991928e+03,3.721274e+00,1.743277e+01,3.636649e+00,2.749870e-03,1.288211e-02,2.687336e-03,8.9947e-02,0.01,9.70e-07,9.500e-01,0.9104,0.9096,ok
geo,cnn,,sp,gelu,1,0,4,51.847,7.799892e+01,1.504406e+00,1.041144e+03,3.423266e+00,1.048626e+01,4.047113e+00,2.546970e-03,7.801960e-03,3.011123e-03,8.9947e-02,0.01,8.88e-07,1.147e+00,0.9104,0.9132,ok
geo,cnn,,sp,gelu,1,1,2,52.8987,1.492989e+02,2.822354e+00,2.647506e+03,4.980657e+00,1.631746e+01,4.106109e+00,3.559808e-03,1.166252e-02,2.934745e-03,8.7966e-02,0.01,8.86e-07,1.098e+00,0.9096,0.9133,ok
geo,cnn,,sp,gelu,1,1,3,52.453,1.029573e+02,1.962848e+00,1.850747e+03,4.904378e+00,1.375237e+01,3.423792e+00,3.565108e-03,9.996922e-03,2.488835e-03,8.7966e-02,0.01,9.67e-07,5.703e-01,0.9096,0.9096,ok
geo,cnn,,sp,gelu,1,1,4,52.793,1.000010e+02,1.894210e+00,2.333262e+03,3.606127e+00,1.120586e+01,3.873073e+00,2.587728e-03,8.041235e-03,2.779287e-03,8.7966e-02,0.01,9.61e-07,6.573e-01,0.9096,0.9132,ok
geo,cnn,,sp,gelu,1,2,3,52.7518,1.789430e+02,3.392169e+00,2.511860e+03,5.168830e+00,2.077202e+01,5.200702e+00,3.714907e-03,1.492913e-02,3.737814e-03,9.9874e-02,0.01,9.83e-07,8.252e-01,0.9133,0.9096,ok
geo,cnn,,sp,gelu,1,2,4,52.2391,5.985959e+01,1.145878e+00,1.060031e+03,3.606288e+00,1.046339e+01,4.599810e+00,2.643015e-03,7.668525e-03,3.371158e-03,9.9874e-02,0.01,9.82e-07,1.138e+00,0.9133,0.9132,ok
geo,cnn,,sp,gelu,1,3,4,52.2205,1.261849e+02,2.416388e+00,1.688716e+03,4.752216e+00,1.662902e+01,4.125524e+00,3.485338e-03,1.219595e-02,3.025714e-03,8.1957e-02,0.01,9.29e-07,1.062e+00,0.9096,0.9132,ok
geo,cnn,,sp,gelu,2,0,1,53.4559,6.212404e+02,1.162155e+01,6.418304e+03,5.217043e-01,5.863180e+00,5.127387e-01,3.651429e-04,4.103663e-03,3.588678e-04,2.0950e-02,0.01,9.91e-07,6.754e-01,0.9196,0.9191,ok
geo,cnn,,sp,gelu,2,0,2,53.2513,4.622569e+02,8.680672e+00,6.014861e+03,6.331629e-01,4.978960e+00,6.771395e-01,4.465657e-04,3.511629e-03,4.775822e-04,2.0950e-02,0.01,9.90e-07,6.887e-01,0.9196,0.9185,ok
geo,cnn,,sp,gelu,2,0,3,53.3618,5.809517e+02,1.088703e+01,6.972679e+03,6.108276e-01,5.019461e+00,5.988920e-01,4.290296e-04,3.525541e-03,4.206464e-04,2.0950e-02,0.01,9.74e-07,9.297e-01,0.9196,0.9172,ok
geo,cnn,,sp,gelu,2,0,4,53.6431,5.649772e+02,1.053215e+01,6.837033e+03,3.839430e-01,6.366271e+00,6.088150e-01,2.668510e-04,4.424735e-03,4.231434e-04,2.0950e-02,0.01,9.73e-07,7.636e-01,0.9196,0.9202,ok
geo,cnn,,sp,gelu,2,1,2,53.0027,4.354387e+02,8.215404e+00,3.781115e+03,1.087811e+00,4.248796e+00,6.520823e-01,7.744392e-04,3.024821e-03,4.642332e-04,2.6496e-02,0.01,9.84e-07,1.514e+00,0.9191,0.9185,ok
geo,cnn,,sp,gelu,2,1,3,53.1892,6.694489e+02,1.258618e+01,1.326296e+04,5.004730e-01,1.034996e+01,7.726786e-01,3.538046e-04,7.316807e-03,5.462377e-04,2.6496e-02,0.01,9.98e-07,7.983e-01,0.9191,0.9172,ok
geo,cnn,,sp,gelu,2,1,4,53.1349,3.892005e+02,7.324763e+00,5.914271e+03,7.501478e-01,5.566301e+00,7.762359e-01,5.313948e-04,3.943094e-03,5.498753e-04,2.6496e-02,0.01,9.58e-07,9.698e-01,0.9191,0.9202,ok
geo,cnn,,sp,gelu,2,2,3,53.2735,7.745335e+02,1.453880e+01,1.208316e+04,5.078094e-01,5.940982e+00,5.394526e-01,3.578553e-04,4.186634e-03,3.801544e-04,2.2426e-02,0.01,9.60e-07,7.297e-01,0.9185,0.9172,ok
geo,cnn,,sp,gelu,2,2,4,53.1742,5.658979e+02,1.064234e+01,1.106339e+04,5.083765e-01,7.781731e+00,4.091065e-01,3.595948e-04,5.504327e-03,2.893772e-04,2.2426e-02,0.01,9.92e-07,1.262e+00,0.9185,0.9202,ok
geo,cnn,,sp,gelu,2,3,4,53.2973,7.143764e+02,1.340361e+01,9.743874e+03,9.553478e-01,6.742506e+00,7.254589e-01,6.726369e-04,4.747233e-03,5.107778e-04,2.2349e-02,0.01,9.62e-07,8.430e-01,0.9172,0.9202,ok
geo,cnn,,sp,gelu,4,0,1,52.5847,8.747801e+02,1.663564e+01,1.454347e+04,1.207238e-01,1.706454e+00,1.250431e-01,8.731810e-05,1.234258e-03,9.044221e-05,9.1115e-03,0.01,9.83e-07,6.956e-01,0.9244,0.9246,ok
geo,cnn,,sp,gelu,4,0,2,52.7397,8.752218e+02,1.659512e+01,1.164352e+04,1.267627e-01,1.853723e+00,1.086822e-01,9.114782e-05,1.332906e-03,7.814718e-05,9.1115e-03,0.01,9.93e-07,9.857e-01,0.9244,0.9267,ok
geo,cnn,,sp,gelu,4,0,3,52.5582,8.467407e+02,1.611055e+01,1.291287e+04,1.324233e-01,2.027384e+00,1.020700e-01,9.587692e-05,1.467864e-03,7.390060e-05,9.1115e-03,0.01,1.53e-06,7.540e-01,0.9244,0.9262,ok
geo,cnn,,sp,gelu,4,0,4,52.7846,1.260632e+03,2.388258e+01,1.487131e+04,1.352592e-01,2.375758e+00,1.391386e-01,9.709182e-05,1.705368e-03,9.987658e-05,9.1115e-03,0.01,9.84e-07,1.274e+00,0.9244,0.9264,ok
geo,cnn,,sp,gelu,4,1,2,52.8402,1.258204e+03,2.381148e+01,1.896628e+04,1.559437e-01,1.959516e+00,1.196950e-01,1.117039e-04,1.403619e-03,8.573866e-05,9.7688e-03,0.01,3.29e-06,7.817e-01,0.9246,0.9267,ok
geo,cnn,,sp,gelu,4,1,3,52.4235,1.160016e+03,2.212780e+01,1.665996e+04,1.674452e-01,1.896245e+00,1.040550e-01,1.218573e-04,1.379982e-03,7.572545e-05,9.7687e-03,0.01,9.99e-07,6.641e-01,0.9246,0.9262,ok
geo,cnn,,sp,gelu,4,1,4,52.2527,2.043562e+03,3.910919e+01,1.076922e+04,1.190578e-01,1.678510e+00,1.106184e-01,8.721073e-05,1.229521e-03,8.102880e-05,9.7687e-03,0.01,9.63e-07,8.050e-01,0.9246,0.9264,ok
geo,cnn,,sp,gelu,4,2,3,52.5205,9.496531e+02,1.808157e+01,8.967938e+03,1.901101e-01,2.115988e+00,1.225172e-01,1.378408e-04,1.534213e-03,8.883206e-05,9.8032e-03,0.01,9.96e-07,7.333e-01,0.9267,0.9262,ok
geo,cnn,,sp,gelu,4,2,4,52.7739,1.352344e+03,2.562522e+01,1.295601e+04,1.159422e-01,2.284779e+00,1.046434e-01,8.325925e-05,1.640722e-03,7.514543e-05,9.8032e-03,0.01,9.92e-07,9.836e-01,0.9267,0.9264,ok
geo,cnn,,sp,gelu,4,3,4,52.5554,1.465347e+03,2.788196e+01,1.179344e+04,1.157649e-01,2.360048e+00,1.165267e-01,8.382480e-05,1.708899e-03,8.437638e-05,9.7184e-03,0.01,2.85e-06,1.012e+00,0.9262,0.9264,ok
geo,cnn,,sp,gelu,8,0,1,57.929,1.364747e+03,2.355895e+01,1.352274e+04,5.018817e-02,8.680903e-01,3.999061e-02,2.991153e-05,5.173711e-04,2.383391e-05,7.0159e-03,0.01,1.33e-06,8.294e-01,0.9301,0.9304,ok
geo,cnn,,sp,gelu,8,0,2,57.9297,1.621248e+03,2.798648e+01,4.447927e+04,4.129343e-02,9.017490e-01,3.453993e-02,2.460985e-05,5.374197e-04,2.058493e-05,7.0159e-03,0.01,3.45e-06,8.098e-01,0.9301,0.932,ok
geo,cnn,,sp,gelu,8,0,3,58.1822,1.075806e+03,1.849031e+01,1.489114e+04,4.657686e-02,8.815135e-01,3.315852e-02,2.751822e-05,5.208098e-04,1.959049e-05,7.0159e-03,0.01,9.92e-07,1.057e+00,0.9301,0.9273,ok
geo,cnn,,sp,gelu,8,0,4,58.0806,1.234169e+03,2.124925e+01,1.772290e+04,6.136612e-02,7.760453e-01,4.083762e-02,3.638285e-05,4.601031e-04,2.421188e-05,7.0159e-03,0.01,2.21e-06,8.561e-01,0.9301,0.9312,ok
geo,cnn,,sp,gelu,8,1,2,57.934,1.409696e+03,2.433281e+01,2.108867e+04,3.810147e-02,6.353483e-01,3.044075e-02,2.270416e-05,3.785956e-04,1.813924e-05,6.9985e-03,0.01,4.24e-06,2.307e+00,0.9304,0.932,ok
geo,cnn,,sp,gelu,8,1,3,57.9426,1.373185e+03,2.369907e+01,1.139634e+04,4.448123e-02,6.086169e-01,5.091619e-02,2.649789e-05,3.625588e-04,3.033126e-05,6.9985e-03,0.01,1.53e-06,1.091e+00,0.9304,0.9273,ok
geo,cnn,,sp,gelu,8,1,4,57.9749,8.291207e+02,1.430138e+01,1.124338e+04,4.350502e-02,7.535950e-01,4.087196e-02,2.588746e-05,4.484232e-04,2.432067e-05,6.9985e-03,0.01,9.90e-07,1.091e+00,0.9304,0.9312,ok
geo,cnn,,sp,gelu,8,2,3,58.1432,1.618878e+03,2.784297e+01,1.914793e+04,4.188278e-02,7.008168e-01,5.296968e-02,2.477810e-05,4.146074e-04,3.133718e-05,6.0652e-03,0.01,8.65e-06,1.611e+00,0.932,0.9273,ok
geo,cnn,,sp,gelu,8,2,4,58.0329,1.392593e+03,2.399663e+01,2.439659e+04,3.990637e-02,7.954690e-01,3.968442e-02,2.369868e-05,4.723948e-04,2.356687e-05,6.0652e-03,0.01,1.57e-05,8.818e-01,0.932,0.9312,ok
geo,cnn,,sp,gelu,8,3,4,58.0324,1.221162e+03,2.104275e+01,1.606717e+04,4.323089e-02,6.556479e-01,5.124241e-02,2.567337e-05,3.893672e-04,3.043114e-05,7.1278e-03,0.01,1.78e-06,6.963e-01,0.9273,0.9312,ok
geo,cnn,,sp,tanh,1,0,1,55.8143,1.743135e+02,3.123096e+00,3.528650e+03,4.205459e+00,1.909929e+01,3.176994e+00,2.699927e-03,1.226185e-02,2.039647e-03,6.8735e-02,0.01,9.84e-07,8.309e-01,0.9115,0.9104,ok
geo,cnn,,sp,tanh,1,0,2,56.0253,1.614766e+02,2.882207e+00,3.469286e+03,3.250700e+00,1.298968e+01,2.963153e+00,2.071277e-03,8.276748e-03,1.888058e-03,6.8735e-02,0.01,9.92e-07,6.303e-01,0.9115,0.9117,ok
geo,cnn,,sp,tanh,1,0,3,56.5702,1.420280e+02,2.510652e+00,2.760618e+03,4.941535e+00,1.429868e+01,2.655898e+00,3.088280e-03,8.936156e-03,1.659840e-03,6.8735e-02,0.01,9.75e-07,6.895e-01,0.9115,0.9106,ok
geo,cnn,,sp,tanh,1,0,4,56.0033,1.190544e+02,2.125848e+00,1.656313e+03,3.686939e+00,1.126016e+01,3.000060e+00,2.351088e-03,7.180381e-03,1.913079e-03,6.8735e-02,0.01,9.69e-07,7.906e-01,0.9115,0.911,ok
geo,cnn,,sp,tanh,1,1,2,55.125,1.446901e+02,2.624763e+00,2.535045e+03,6.049318e+00,1.068831e+01,3.404783e+00,3.981426e-03,7.034632e-03,2.240895e-03,5.9647e-02,0.01,9.81e-07,8.171e-01,0.9104,0.9117,ok
geo,cnn,,sp,tanh,1,1,3,55.6767,2.294988e+02,4.121987e+00,3.747890e+03,4.763392e+00,1.968215e+01,3.362837e+00,3.073257e-03,1.269858e-02,2.169643e-03,5.9647e-02,0.01,9.65e-07,9.793e-01,0.9104,0.9106,ok
geo,cnn,,sp,tanh,1,1,4,55.9992,1.810250e+02,3.232637e+00,3.194487e+03,3.242470e+00,1.559644e+01,3.694993e+00,2.067964e-03,9.947006e-03,2.356571e-03,5.9647e-02,0.01,9.30e-07,9.164e-01,0.9104,0.911,ok
geo,cnn,,sp,tanh,1,2,3,55.6511,1.281131e+02,2.302077e+00,2.806377e+03,4.210021e+00,1.614601e+01,3.450816e+00,2.718733e-03,1.042671e-02,2.228456e-03,7.6079e-02,0.01,9.94e-07,1.077e+00,0.9117,0.9106,ok
geo,cnn,,sp,tanh,1,2,4,55.8942,1.963878e+02,3.513566e+00,3.819060e+03,3.374741e+00,2.149134e+01,3.421263e+00,2.160417e-03,1.375817e-02,2.190199e-03,7.6079e-02,0.01,9.95e-07,6.729e-01,0.9117,0.911,ok
geo,cnn,,sp,tanh,1,3,4,55.9046,3.174344e+02,5.678144e+00,1.878919e+03,4.032481e+00,1.193379e+01,2.999522e+00,2.580519e-03,7.636828e-03,1.919494e-03,6.9564e-02,0.01,9.25e-07,6.811e-01,0.9106,0.911,ok
geo,cnn,,sp,tanh,2,0,1,56.9493,2.823297e+02,4.957559e+00,5.005763e+03,2.188377e+00,9.292278e+00,1.460335e+00,1.349506e-03,5.730268e-03,9.005443e-04,5.9103e-02,0.01,9.89e-07,6.266e-01,0.9166,0.9174,ok
geo,cnn,,sp,tanh,2,0,2,56.4765,1.845500e+02,3.267730e+00,3.173011e+03,1.059622e+00,6.989996e+00,1.005255e+00,6.644243e-04,4.383000e-03,6.303337e-04,5.9103e-02,0.01,9.71e-07,1.468e+00,0.9166,0.9221,ok
geo,cnn,,sp,tanh,2,0,3,56.6869,2.567714e+02,4.529641e+00,4.677492e+03,1.190163e+00,1.067023e+01,1.035851e+00,7.407483e-04,6.641071e-03,6.447055e-04,5.9103e-02,0.01,9.68e-07,2.043e+00,0.9166,0.917,ok
geo,cnn,,sp,tanh,2,0,4,56.5696,2.692086e+02,4.758890e+00,5.051951e+03,1.185317e+00,7.023028e+00,1.255379e+00,7.407949e-04,4.389224e-03,7.845815e-04,5.9103e-02,0.01,8.64e-07,1.196e+00,0.9166,0.9201,ok
geo,cnn,,sp,tanh,2,1,2,56.2686,3.568303e+02,6.341557e+00,3.914087e+03,1.284340e+00,1.020512e+01,1.645515e+00,8.112942e-04,6.446392e-03,1.039442e-03,4.5613e-02,0.01,9.46e-07,6.767e-01,0.9174,0.9221,ok
geo,cnn,,sp,tanh,2,1,3,56.3432,4.319034e+02,7.665580e+00,1.010951e+04,1.356841e+00,8.283342e+00,1.386703e+00,8.548223e-04,5.218581e-03,8.736356e-04,4.5613e-02,0.01,9.87e-07,1.102e+00,0.9174,0.917,ok
geo,cnn,,sp,tanh,2,1,4,55.951,2.295001e+02,4.101802e+00,4.882851e+03,9.880892e-01,7.030295e+00,9.879121e-01,6.312622e-04,4.491456e-03,6.311491e-04,4.5613e-02,0.01,9.60e-07,1.390e+00,0.9174,0.9201,ok
geo,cnn,,sp,tanh,2,2,3,56.0553,1.859696e+02,3.317606e+00,3.718003e+03,1.610660e+00,6.226294e+00,1.538074e+00,1.025179e-03,3.963013e-03,9.789784e-04,6.7057e-02,0.01,9.85e-07,1.435e+00,0.9221,0.917,ok
geo,cnn,,sp,tanh,2,2,4,56.0991,1.769497e+02,3.154234e+00,1.928546e+03,9.443617e-01,4.281548e+00,1.367548e+00,6.001451e-04,2.720938e-03,8.690812e-04,6.7057e-02,0.01,9.57e-07,7.525e-01,0.9221,0.9201,ok
geo,cnn,,sp,tanh,2,3,4,56.1959,2.722001e+02,4.843769e+00,4.305445e+03,1.348279e+00,8.280128e+00,1.006072e+00,8.538859e-04,5.243935e-03,6.371611e-04,5.2035e-02,0.01,9.52e-07,8.233e-01,0.917,0.9201,ok
geo,cnn,,sp,tanh,4,0,1,56.6419,6.512032e+02,1.149685e+01,9.697187e+03,2.701582e-01,3.928414e+00,2.919857e-01,1.684120e-04,2.448907e-03,1.820189e-04,2.6427e-02,0.01,9.88e-07,7.239e-01,0.922,0.924,ok
geo,cnn,,sp,tanh,4,0,2,56.1663,5.033304e+02,8.961438e+00,6.382213e+03,1.838770e-01,4.428206e+00,1.931565e-01,1.165753e-04,2.807416e-03,1.224583e-04,2.6427e-02,0.01,9.73e-07,9.956e-01,0.922,0.9219,ok
geo,cnn,,sp,tanh,4,0,3,56.8781,6.204547e+02,1.090850e+01,8.497504e+03,1.834909e-01,3.366745e+00,2.727824e-01,1.134369e-04,2.081373e-03,1.686383e-04,2.6427e-02,0.01,9.16e-07,7.108e-01,0.922,0.9202,ok
geo,cnn,,sp,tanh,4,0,4,56.7557,4.875633e+02,8.590563e+00,9.698358e+03,1.860381e-01,2.403131e+00,2.228258e-01,1.155083e-04,1.492068e-03,1.383492e-04,2.6427e-02,0.01,9.69e-07,9.170e-01,0.922,0.9211,ok
geo,cnn,,sp,tanh,4,1,2,56.2659,4.196753e+02,7.458779e+00,7.039790e+03,3.932656e-01,5.529730e+00,1.904175e-01,2.484418e-04,3.493354e-03,1.202944e-04,2.8782e-02,0.01,9.95e-07,8.656e-01,0.924,0.9219,ok
geo,cnn,,sp,tanh,4,1,3,56.8675,6.108332e+02,1.074135e+01,1.092644e+04,3.848202e-01,4.353138e+00,2.641822e-01,2.379907e-04,2.692184e-03,1.633826e-04,2.8782e-02,0.01,9.75e-07,7.370e-01,0.924,0.9202,ok
geo,cnn,,sp,tanh,4,1,4,56.7049,4.980122e+02,8.782528e+00,1.131277e+04,2.248538e-01,4.380522e+00,2.389204e-01,1.398586e-04,2.724676e-03,1.486080e-04,2.8782e-02,0.01,9.45e-07,7.364e-01,0.924,0.9211,ok
geo,cnn,,sp,tanh,4,2,3,56.6024,5.243052e+02,9.262956e+00,9.746557e+03,1.771593e-01,2.977205e+00,2.327788e-01,1.105922e-04,1.858530e-03,1.453129e-04,2.5991e-02,0.01,9.83e-07,8.628e-01,0.9219,0.9202,ok
geo,cnn,,sp,tanh,4,2,4,56.6229,4.482078e+02,7.915667e+00,8.168577e+03,2.584996e-01,3.249200e+00,2.220806e-01,1.612524e-04,2.026855e-03,1.385342e-04,2.5991e-02,0.01,9.89e-07,7.274e-01,0.9219,0.9211,ok
geo,cnn,,sp,tanh,4,3,4,57.2656,7.192940e+02,1.256066e+01,9.227892e+03,2.355083e-01,3.287520e+00,2.108779e-01,1.436311e-04,2.004983e-03,1.286095e-04,2.7226e-02,0.01,9.82e-07,8.464e-01,0.9202,0.9211,ok
geo,cnn,,sp,tanh,8,0,1,61.2903,8.721177e+02,1.422928e+01,8.490800e+03,9.147943e-02,1.835307e+00,8.227651e-02,4.870452e-05,9.771351e-04,4.380480e-05,1.7996e-02,0.01,9.99e-07,7.670e-01,0.929,0.9277,ok
geo,cnn,,sp,tanh,8,0,2,61.8952,7.994677e+02,1.291647e+01,1.082893e+04,8.548655e-02,1.547918e+00,8.328362e-02,4.462861e-05,8.080973e-04,4.347856e-05,1.7996e-02,0.01,1.00e-06,8.856e-01,0.929,0.9247,ok
geo,cnn,,sp,tanh,8,0,3,61.7074,6.071571e+02,9.839287e+00,9.638745e+03,9.076392e-02,1.212479e+00,6.513248e-02,4.767255e-05,6.368387e-04,3.420997e-05,1.7996e-02,0.01,9.00e-07,7.725e-01,0.929,0.9272,ok
geo,cnn,,sp,tanh,8,0,4,61.2423,7.871075e+02,1.285236e+01,1.213721e+04,7.095354e-02,2.175440e+00,5.718411e-02,3.783570e-05,1.160045e-03,3.049320e-05,1.7996e-02,0.01,9.98e-07,9.841e-01,0.929,0.9267,ok
geo,cnn,,sp,tanh,8,1,2,61.6916,1.091828e+03,1.769818e+01,1.740644e+04,8.810920e-02,1.260625e+00,1.100894e-01,4.630200e-05,6.624673e-04,5.785274e-05,1.4043e-02,0.01,9.85e-07,8.952e-01,0.9277,0.9247,ok
geo,cnn,,sp,tanh,8,1,3,61.6742,1.342630e+03,2.176971e+01,1.481462e+04,1.329301e-01,1.984922e+00,9.697740e-02,6.989496e-05,1.043677e-03,5.099094e-05,1.4043e-02,0.01,9.75e-07,7.441e-01,0.9277,0.9272,ok
geo,cnn,,sp,tanh,8,1,4,61.5009,1.138431e+03,1.851079e+01,1.541188e+04,6.965680e-02,1.935416e+00,8.828849e-02,3.683242e-05,1.023390e-03,4.668430e-05,1.4043e-02,0.01,9.72e-07,1.044e+00,0.9277,0.9267,ok
geo,cnn,,sp,tanh,8,2,3,61.1204,6.420571e+02,1.050479e+01,1.008966e+04,7.759196e-02,1.291552e+00,5.981428e-02,4.154077e-05,6.914643e-04,3.202305e-05,1.6764e-02,0.01,9.92e-07,8.075e-01,0.9247,0.9272,ok
geo,cnn,,sp,tanh,8,2,4,61.737,7.552096e+02,1.223269e+01,6.255082e+03,6.663056e-02,1.125478e+00,6.143149e-02,3.496329e-05,5.905759e-04,3.223516e-05,1.6764e-02,0.01,9.73e-07,1.014e+00,0.9247,0.9267,ok
geo,cnn,,sp,tanh,8,3,4,61.9383,9.087708e+02,1.467219e+01,7.378313e+03,1.096296e-01,1.385329e+00,8.049801e-02,5.715302e-05,7.222114e-04,4.196590e-05,1.5509e-02,0.01,9.96e-07,7.246e-01,0.9272,0.9267,ok
geo,cnn,,sp,swish,1,0,1,51.7327,1.239185e+02,2.395361e+00,1.068193e+03,5.528323e+00,1.224291e+01,4.806145e+00,4.131363e-03,9.149231e-03,3.591673e-03,9.5412e-02,0.01,9.85e-07,1.433e+00,0.9051,0.9063,ok
geo,cnn,,sp,swish,1,0,2,52.1157,6.968981e+01,1.337214e+00,1.646291e+03,4.357838e+00,1.017278e+01,4.058512e+00,3.208961e-03,7.490884e-03,2.988548e-03,9.5412e-02,0.01,9.55e-07,9.277e-01,0.9051,0.9075,ok
geo,cnn,,sp,swish,1,0,3,52.272,1.073380e+02,2.053452e+00,1.693499e+03,4.792383e+00,1.630481e+01,4.234870e+00,3.507869e-03,1.193459e-02,3.099787e-03,9.5412e-02,0.01,9.64e-07,9.471e-01,0.9051,0.9073,ok
geo,cnn,,sp,swish,1,0,4,53.7839,1.726878e+02,3.210774e+00,3.484544e+03,4.666893e+00,3.607112e+01,5.557354e+00,3.226664e-03,2.493938e-02,3.842325e-03,9.5412e-02,0.01,9.76e-07,8.652e-01,0.9051,0.9079,ok
geo,cnn,,sp,swish,1,1,2,52.386,8.854861e+01,1.690311e+00,2.119416e+03,5.142429e+00,8.566531e+00,3.354270e+00,3.747727e-03,6.243162e-03,2.444543e-03,8.9221e-02,0.01,9.67e-07,1.120e+00,0.9063,0.9075,ok
geo,cnn,,sp,swish,1,1,3,52.2696,9.937745e+01,1.901249e+00,1.398548e+03,7.772627e+00,1.170117e+01,5.454661e+00,5.689840e-03,8.565677e-03,3.993006e-03,8.9221e-02,0.01,8.91e-07,1.257e+00,0.9063,0.9073,ok
geo,cnn,,sp,swish,1,1,4,53.1466,1.061777e+02,1.997829e+00,2.310060e+03,5.439940e+00,1.768480e+01,8.752683e+00,3.851887e-03,1.252217e-02,6.197558e-03,8.9221e-02,0.01,9.66e-07,9.835e-01,0.9063,0.9079,ok
geo,cnn,,sp,swish,1,2,3,52.8519,9.431853e+01,1.784583e+00,1.821565e+03,7.861761e+00,1.823341e+01,6.314023e+00,5.628973e-03,1.305501e-02,4.520803e-03,1.0123e-01,0.01,9.63e-07,5.901e-01,0.9075,0.9073,ok
geo,cnn,,sp,swish,1,2,4,52.5301,1.373849e+02,2.615357e+00,1.767467e+03,5.637902e+00,2.185553e+01,5.458682e+00,4.086314e-03,1.584074e-02,3.956417e-03,1.0123e-01,0.01,9.95e-07,1.004e+00,0.9075,0.9079,ok
geo,cnn,,sp,swish,1,3,4,53.5504,1.565060e+02,2.922595e+00,2.222521e+03,6.522357e+00,2.815398e+01,6.505000e+00,4.548937e-03,1.963564e-02,4.536832e-03,9.4640e-02,0.01,9.95e-07,6.096e-01,0.9073,0.9079,ok
geo,cnn,,sp,swish,2,0,1,53.4644,5.405553e+02,1.011057e+01,5.380615e+03,5.794313e-01,4.860441e+00,7.016172e-01,4.054181e-04,3.400767e-03,4.909095e-04,1.9868e-02,0.01,9.94e-07,7.623e-01,0.9165,0.916,ok
geo,cnn,,sp,swish,2,0,2,53.2203,5.229066e+02,9.825317e+00,8.923764e+03,5.722018e-01,8.783957e+00,6.036551e-01,4.040397e-04,6.202476e-03,4.262494e-04,1.9868e-02,0.01,9.88e-07,1.554e+00,0.9165,0.9149,ok
geo,cnn,,sp,swish,2,0,3,53.4905,4.382327e+02,8.192716e+00,7.117085e+03,6.111369e-01,8.837893e+00,7.493438e-01,4.271838e-04,6.177674e-03,5.237903e-04,1.9868e-02,0.01,9.98e-07,9.678e-01,0.9165,0.9146,ok
geo,cnn,,sp,swish,2,0,4,53.2077,6.157210e+02,1.157203e+01,7.890948e+03,5.004784e-01,6.127062e+00,9.873174e-01,3.535626e-04,4.328459e-03,6.974898e-04,1.9868e-02,0.01,9.94e-07,1.065e+00,0.9165,0.9161,ok
geo,cnn,,sp,swish,2,1,2,52.9305,5.535530e+02,1.045812e+01,9.061631e+03,8.726501e-01,4.985296e+00,5.942653e-01,6.229580e-04,3.558849e-03,4.242277e-04,2.2569e-02,0.01,9.87e-07,1.354e+00,0.916,0.9149,ok
geo,cnn,,sp,swish,2,1,3,53.9551,5.049857e+02,9.359364e+00,7.874469e+03,1.162115e+00,9.137364e+00,6.143903e-01,7.983874e-04,6.277482e-03,4.220937e-04,2.2569e-02,0.01,9.94e-07,9.889e-01,0.916,0.9146,ok
geo,cnn,,sp,swish,2,1,4,53.3522,4.424984e+02,8.293916e+00,6.449456e+03,5.509118e-01,5.013036e+00,6.214885e-01,3.870863e-04,3.522302e-03,4.366755e-04,2.2569e-02,0.01,9.87e-07,8.900e-01,0.916,0.9161,ok
geo,cnn,,sp,swish,2,2,3,53.3878,6.481814e+02,1.214100e+01,1.388231e+04,6.311941e-01,7.352970e+00,5.349131e-01,4.429032e-04,5.159513e-03,3.753437e-04,2.0690e-02,0.01,9.86e-07,7.580e-01,0.9149,0.9146,ok
geo,cnn,,sp,swish,2,2,4,53.4368,7.766485e+02,1.453398e+01,6.718397e+03,4.328896e-01,6.592849e+00,4.533651e-01,3.031985e-04,4.617670e-03,3.175396e-04,2.0690e-02,0.01,9.97e-07,8.028e-01,0.9149,0.9161,ok
geo,cnn,,sp,swish,2,3,4,53.2508,9.512859e+02,1.786425e+01,1.725378e+04,5.602155e-01,1.111226e+01,7.619710e-01,3.951233e-04,7.837543e-03,5.374226e-04,2.1883e-02,0.01,9.61e-07,9.912e-01,0.9146,0.9161,ok
geo,cnn,,sp,swish,4,0,1,53.8311,1.191981e+03,2.214296e+01,1.601406e+04,1.600246e-01,2.068243e+00,1.497162e-01,1.104459e-04,1.427462e-03,1.033312e-04,8.2270e-03,0.01,9.84e-07,7.707e-01,0.9237,0.9238,ok
geo,cnn,,sp,swish,4,0,2,53.954,1.402250e+03,2.598972e+01,2.562366e+04,2.085017e-01,2.534969e+00,1.421431e-01,1.432491e-04,1.741627e-03,9.765804e-05,8.2270e-03,0.01,6.32e-06,7.689e-01,0.9237,0.9228,ok
geo,cnn,,sp,swish,4,0,3,54.0297,1.453392e+03,2.689987e+01,2.490372e+04,1.423825e-01,2.001473e+00,1.681936e-01,9.754876e-05,1.371244e-03,1.152324e-04,8.2270e-03,0.01,1.70e-06,9.466e-01,0.9237,0.9206,ok
geo,cnn,,sp,swish,4,0,4,53.7994,1.344539e+03,2.499170e+01,1.651289e+04,1.163698e-01,2.524504e+00,1.206323e-01,8.041091e-05,1.744419e-03,8.335629e-05,8.2270e-03,0.01,9.74e-07,8.690e-01,0.9237,0.9243,ok
geo,cnn,,sp,swish,4,1,2,53.8174,1.806295e+03,3.356340e+01,2.501299e+04,1.818148e-01,2.279315e+00,1.260008e-01,1.255491e-04,1.573943e-03,8.700776e-05,8.3145e-03,0.01,5.46e-06,9.773e-01,0.9238,0.9228,ok
geo,cnn,,sp,swish,4,1,3,54.0417,1.328669e+03,2.458601e+01,2.129043e+04,2.161847e-01,2.715398e+00,8.586371e-02,1.480463e-04,1.859542e-03,5.880065e-05,8.3145e-03,0.01,9.90e-07,1.020e+00,0.9238,0.9206,ok
geo,cnn,,sp,swish,4,1,4,54.0094,1.659990e+03,3.073521e+01,2.291533e+04,1.374269e-01,3.139761e+00,1.650925e-01,9.422442e-05,2.152724e-03,1.131929e-04,8.3145e-03,0.01,3.18e-06,7.146e-01,0.9238,0.9243,ok
geo,cnn,,sp,swish,4,2,3,54.0469,1.137610e+03,2.104857e+01,1.311613e+04,1.320232e-01,2.593802e+00,1.407134e-01,9.039381e-05,1.775927e-03,9.634379e-05,8.8313e-03,0.01,9.87e-07,9.519e-01,0.9228,0.9206,ok
geo,cnn,,sp,swish,4,2,4,53.5256,1.350779e+03,2.523612e+01,2.188138e+04,1.345835e-01,2.647591e+00,1.743484e-01,9.395037e-05,1.848237e-03,1.217096e-04,8.8313e-03,0.01,9.61e-07,6.448e-01,0.9228,0.9243,ok
geo,cnn,,sp,swish,4,3,4,54.2821,1.576096e+03,2.903528e+01,1.652563e+04,9.185781e-02,2.850446e+00,1.738124e-01,6.234946e-05,1.934770e-03,1.179770e-04,8.9081e-03,0.01,9.56e-07,1.092e+00,0.9206,0.9243,ok
geo,cnn,,sp,swish,8,0,1,58.5894,1.427828e+03,2.437007e+01,1.597848e+04,4.021160e-02,8.053851e-01,4.917364e-02,2.342843e-05,4.692405e-04,2.864998e-05,5.6151e-03,0.01,8.28e-06,8.009e-01,0.9254,0.9262,ok
geo,cnn,,sp,swish,8,0,2,58.9146,1.903516e+03,3.230973e+01,9.835944e+03,4.968955e-02,6.434061e-01,4.665301e-02,2.863181e-05,3.707395e-04,2.688211e-05,5.6151e-03,0.01,4.79e-06,7.074e-01,0.9254,0.9275,ok
geo,cnn,,sp,swish,8,0,3,58.6854,1.625604e+03,2.770031e+01,2.449887e+04,3.732982e-02,1.159523e+00,6.235341e-02,2.167832e-05,6.733624e-04,3.621011e-05,5.6151e-03,0.01,1.35e-05,9.363e-01,0.9254,0.9303,ok
geo,cnn,,sp,swish,8,0,4,58.8165,1.860208e+03,3.162732e+01,1.260538e+04,3.691911e-02,6.646971e-01,4.734953e-02,2.134436e-05,3.842869e-04,2.737458e-05,5.6151e-03,0.01,1.99e-05,1.240e+00,0.9254,0.9278,ok
geo,cnn,,sp,swish,8,1,2,59.023,2.188949e+03,3.708638e+01,1.314402e+04,4.232956e-02,1.219817e+00,6.114115e-02,2.430140e-05,7.002971e-04,3.510113e-05,6.7909e-03,0.01,5.61e-06,9.170e-01,0.9262,0.9275,ok
geo,cnn,,sp,swish,8,1,3,59.0115,1.316009e+03,2.230089e+01,1.979836e+04,5.126741e-02,1.425350e+00,7.065878e-02,2.944408e-05,8.186123e-04,4.058101e-05,6.7909e-03,0.01,3.06e-06,7.207e-01,0.9262,0.9303,ok
geo,cnn,,sp,swish,8,1,4,58.7675,1.188378e+03,2.022169e+01,1.819566e+04,5.320501e-02,1.145480e+00,5.568213e-02,3.081116e-05,6.633504e-04,3.224567e-05,6.7909e-03,0.01,7.28e-06,1.080e+00,0.9262,0.9278,ok
geo,cnn,,sp,swish,8,2,3,59.1608,1.327235e+03,2.243436e+01,2.793047e+04,5.538675e-02,1.136791e+00,5.229368e-02,3.164954e-05,6.495940e-04,2.988207e-05,6.7777e-03,0.01,9.16e-06,1.320e+00,0.9275,0.9303,ok
geo,cnn,,sp,swish,8,2,4,59.128,1.113517e+03,1.883232e+01,1.898452e+04,4.418043e-02,1.076374e+00,4.931265e-02,2.527401e-05,6.157543e-04,2.820997e-05,6.7777e-03,0.01,3.59e-06,9.861e-01,0.9275,0.9278,ok
geo,cnn,,sp,swish,8,3,4,58.7641,1.378152e+03,2.345229e+01,2.822982e+04,6.473641e-02,1.002903e+00,5.075852e-02,3.749342e-05,5.808516e-04,2.939784e-05,6.2341e-03,0.01,2.76e-06,1.011e+00,0.9303,0.9278,ok
geo,cnn,,sp,softplus,1,0,1,49.984,1.798511e+01,3.598172e-01,5.021592e+02,2.837972e+00,3.346093e+00,2.677276e+00,2.271830e-03,2.678586e-03,2.143190e-03,1.3497e-01,0.01,9.08e-07,1.183e+00,0.9041,0.9022,ok
geo,cnn,,sp,softplus,1,0,2,50.1483,1.096244e+01,2.186006e-01,2.153439e+02,4.205369e+00,3.932170e+00,4.510118e+00,3.344431e-03,3.127162e-03,3.586791e-03,1.3497e-01,0.01,9.89e-07,1.317e+00,0.9041,0.9044,ok
geo,cnn,,sp,softplus,1,0,3,49.7465,1.171265e+01,2.354465e-01,2.668454e+02,8.728168e+00,3.844969e+00,5.372508e+00,7.053870e-03,3.107400e-03,4.341916e-03,1.3497e-01,0.01,9.74e-07,7.572e-01,0.9041,0.9064,ok
geo,cnn,,sp,softplus,1,0,4,50.2473,1.844205e+01,3.670254e-01,1.449180e+02,4.940761e+00,3.855211e+00,3.616057e+00,3.913791e-03,3.053880e-03,2.864436e-03,1.3497e-01,0.01,8.75e-07,5.359e-01,0.9041,0.9027,ok
geo,cnn,,sp,softplus,1,1,2,50.826,3.199771e+01,6.295537e-01,3.275481e+02,4.794842e+00,7.584050e+00,3.292675e+00,3.712205e-03,5.871632e-03,2.549216e-03,1.4047e-01,0.01,9.87e-07,8.902e-01,0.9022,0.9044,ok
geo,cnn,,sp,softplus,1,1,3,50.0894,1.294952e+01,2.585284e-01,2.145516e+02,4.502369e+00,6.081194e+00,2.706131e+00,3.589054e-03,4.847611e-03,2.157186e-03,1.4047e-01,0.01,9.75e-07,1.025e+00,0.9022,0.9064,ok
geo,cnn,,sp,softplus,1,1,4,49.9555,4.108163e+01,8.223644e-01,1.231410e+03,3.851252e+00,5.431125e+00,2.966232e+00,3.086492e-03,4.352643e-03,2.377214e-03,1.4047e-01,0.01,9.12e-07,6.877e-01,0.9022,0.9027,ok
geo,cnn,,sp,softplus,1,2,3,50.1228,1.478671e+01,2.950096e-01,2.538134e+02,3.703479e+00,3.963457e+00,3.454573e+00,2.948282e-03,3.155247e-03,2.750132e-03,1.5176e-01,0.01,8.93e-07,1.004e+00,0.9044,0.9064,ok
geo,cnn,,sp,softplus,1,2,4,50.3034,1.448394e+01,2.879317e-01,2.105445e+02,6.133204e+00,4.063846e+00,2.913228e+00,4.847558e-03,3.211980e-03,2.302555e-03,1.5176e-01,0.01,9.64e-07,7.537e-01,0.9044,0.9027,ok
geo,cnn,,sp,softplus,1,3,4,50.7723,2.125826e+01,4.186978e-01,4.090426e+02,3.244588e+00,6.062059e+00,3.155564e+00,2.517303e-03,4.703229e-03,2.448234e-03,1.2396e-01,0.01,9.89e-07,5.983e-01,0.9064,0.9027,ok
geo,cnn,,sp,softplus,2,0,1,52.6734,2.096300e+01,3.979807e-01,2.972751e+02,4.021418e+00,4.250535e+00,1.794533e+00,2.898855e-03,3.064015e-03,1.293597e-03,1.8210e-01,0.01,8.58e-07,6.433e-01,0.9113,0.9137,ok
geo,cnn,,sp,softplus,2,0,2,52.8182,1.564225e+01,2.961524e-01,3.575422e+02,3.530108e+00,2.848664e+00,3.133465e+00,2.530755e-03,2.042223e-03,2.246398e-03,1.8210e-01,0.01,8.85e-07,9.170e-01,0.9113,0.9112,ok
geo,cnn,,sp,softplus,2,0,3,53.1987,1.830093e+01,3.440111e-01,1.324944e+02,2.854756e+00,2.020927e+00,2.047520e+00,2.017426e-03,1.428167e-03,1.446961e-03,1.8210e-01,0.01,9.91e-07,1.686e+00,0.9113,0.9116,ok
geo,cnn,,sp,softplus,2,0,4,52.6136,3.503707e+01,6.659318e-01,4.481219e+02,3.513681e+00,3.822322e+00,4.194331e+00,2.538611e-03,2.761602e-03,3.030377e-03,1.8210e-01,0.01,9.56e-07,1.013e+00,0.9113,0.9129,ok
geo,cnn,,sp,softplus,2,1,2,52.3784,1.075759e+01,2.053823e-01,2.422856e+02,2.584799e+00,2.422664e+00,2.049527e+00,1.884313e-03,1.766117e-03,1.494101e-03,1.3934e-01,0.01,9.91e-07,8.662e-01,0.9137,0.9112,ok
geo,cnn,,sp,softplus,2,1,3,53.6887,2.001046e+01,3.727127e-01,5.027142e+02,1.896122e+00,2.913229e+00,1.765537e+00,1.315620e-03,2.021337e-03,1.225014e-03,1.3934e-01,0.01,9.77e-07,7.317e-01,0.9137,0.9116,ok
geo,cnn,,sp,softplus,2,1,4,53.4351,3.160103e+01,5.913910e-01,1.489090e+02,3.342279e+00,5.886835e+00,5.740086e+00,2.341099e-03,4.123433e-03,4.020642e-03,1.3934e-01,0.01,9.49e-07,5.725e-01,0.9137,0.9129,ok
geo,cnn,,sp,softplus,2,2,3,54.0077,2.927037e+01,5.419661e-01,1.898202e+02,2.534177e+00,5.497829e+00,3.024361e+00,1.737620e-03,3.769720e-03,2.073727e-03,1.4142e-01,0.01,9.59e-07,8.249e-01,0.9112,0.9116,ok
geo,cnn,,sp,softplus,2,2,4,52.1728,1.405741e+01,2.694393e-01,1.549358e+02,2.875091e+00,2.574206e+00,2.534840e+00,2.112479e-03,1.891403e-03,1.862479e-03,1.4142e-01,0.01,9.58e-07,9.396e-01,0.9112,0.9129,ok
geo,cnn,,sp,softplus,2,3,4,52.5275,1.356641e+01,2.582726e-01,2.794998e+02,3.014610e+00,2.056378e+00,3.008029e+00,2.185184e-03,1.490596e-03,2.180414e-03,1.5714e-01,0.01,9.54e-07,9.693e-01,0.9116,0.9129,ok
geo,cnn,,sp,softplus,4,0,1,56.5086,1.340024e+01,2.371364e-01,1.567887e+02,2.687223e+00,1.860060e+00,3.560617e+00,1.683081e-03,1.165006e-03,2.230111e-03,2.3167e-01,0.01,9.20e-07,1.454e+00,0.9154,0.9153,ok
geo,cnn,,sp,softplus,4,0,2,57.1918,2.199641e+01,3.846078e-01,6.217919e+02,2.505388e+00,2.119798e+00,1.827856e+00,1.531925e-03,1.296155e-03,1.117647e-03,2.3167e-01,0.01,8.95e-07,1.042e+00,0.9154,0.9165,ok
geo,cnn,,sp,softplus,4,0,3,57.1035,1.941035e+01,3.399149e-01,2.902871e+02,4.165699e+00,4.473310e+00,2.320144e+00,2.555005e-03,2.743676e-03,1.423045e-03,2.3167e-01,0.01,9.52e-07,1.576e+00,0.9154,0.9153,ok
geo,cnn,,sp,softplus,4,0,4,56.615,8.657789e+00,1.529240e-01,1.322762e+02,2.295831e+00,1.982272e+00,1.639045e+00,1.432540e-03,1.236888e-03,1.022723e-03,2.3167e-01,0.01,9.73e-07,8.044e-01,0.9154,0.9145,ok
geo,cnn,,sp,softplus,4,1,2,56.4127,1.582835e+01,2.805813e-01,1.719011e+02,2.957494e+00,2.092084e+00,2.689579e+00,1.858660e-03,1.314787e-03,1.690287e-03,2.1691e-01,0.01,9.13e-07,1.188e+00,0.9153,0.9165,ok
geo,cnn,,sp,softplus,4,1,3,56.8568,2.672612e+01,4.700603e-01,1.802699e+02,2.344928e+00,2.706030e+00,2.409798e+00,1.450758e-03,1.674164e-03,1.490891e-03,2.1691e-01,0.01,9.73e-07,7.972e-01,0.9153,0.9153,ok
geo,cnn,,sp,softplus,4,1,4,56.8504,1.545107e+01,2.717848e-01,1.803646e+02,2.487541e+00,4.073573e+00,1.929138e+00,1.539336e-03,2.520801e-03,1.193786e-03,2.1691e-01,0.01,9.92e-07,7.375e-01,0.9153,0.9145,ok
geo,cnn,,sp,softplus,4,2,3,56.9057,1.766253e+01,3.103822e-01,1.919028e+02,2.196083e+00,2.801197e+00,1.763672e+00,1.356334e-03,1.730062e-03,1.089270e-03,2.3177e-01,0.01,8.40e-07,1.163e+00,0.9165,0.9153,ok
geo,cnn,,sp,softplus,4,2,4,56.5003,2.211050e+01,3.913344e-01,2.099476e+02,2.548082e+00,1.487651e+00,3.915262e+00,1.596402e-03,9.320299e-04,2.452956e-03,2.3177e-01,0.01,9.64e-07,8.215e-01,0.9165,0.9145,ok
geo,cnn,,sp,softplus,4,3,4,56.2355,1.447876e+01,2.574664e-01,1.551921e+02,1.568492e+00,2.074643e+00,2.863038e+00,9.919520e-04,1.312054e-03,1.810654e-03,2.1104e-01,0.01,9.83e-07,1.283e+00,0.9153,0.9145,ok
geo,cnn,,sp,softplus,8,0,1,61.2607,1.172918e+01,1.914632e-01,1.957323e+02,3.495998e+00,2.104667e+00,2.565789e+00,1.863102e-03,1.121629e-03,1.367371e-03,3.0795e-01,0.01,9.60e-07,1.130e+00,0.9131,0.9162,ok
geo,cnn,,sp,softplus,8,0,2,61.7437,1.538453e+01,2.491676e-01,1.537967e+02,1.573694e+00,1.449380e+00,3.247894e+00,8.255907e-04,7.603730e-04,1.703909e-03,3.0795e-01,0.01,9.57e-07,7.471e-01,0.9131,0.9182,ok
geo,cnn,,sp,softplus,8,0,3,61.1937,1.645440e+01,2.688903e-01,9.014242e+01,3.586706e+00,1.294683e+00,4.249591e+00,1.915631e-03,6.914799e-04,2.269673e-03,3.0795e-01,0.01,9.90e-07,1.728e+00,0.9131,0.9154,ok
geo,cnn,,sp,softplus,8,0,4,62.057,1.640640e+01,2.643765e-01,2.071366e+02,2.521147e+00,1.768765e+00,1.852200e+00,1.309324e-03,9.185846e-04,9.619152e-04,3.0795e-01,0.01,9.35e-07,1.026e+00,0.9131,0.9149,ok
geo,cnn,,sp,softplus,8,1,2,61.6268,7.971256e+00,1.293472e-01,1.141425e+02,1.929254e+00,1.565389e+00,1.135727e+00,1.015968e-03,8.243518e-04,5.980870e-04,3.1801e-01,0.01,9.47e-07,7.264e-01,0.9162,0.9182,ok
geo,cnn,,sp,softplus,8,1,3,61.404,1.255194e+01,2.044156e-01,1.487277e+02,2.064054e+00,1.879438e+00,2.193599e+00,1.094857e-03,9.969291e-04,1.163573e-03,3.1801e-01,0.01,8.38e-07,7.482e-01,0.9162,0.9154,ok
geo,cnn,,sp,softplus,8,1,4,60.9975,7.255737e+00,1.189515e-01,1.392489e+02,2.092648e+00,1.158523e+00,1.912385e+00,1.124871e-03,6.227462e-04,1.027973e-03,3.1801e-01,0.01,9.97e-07,1.546e+00,0.9162,0.9149,ok
geo,cnn,,sp,softplus,8,2,3,61.1488,2.189086e+01,3.579935e-01,1.387835e+02,1.754728e+00,1.247084e+00,2.050885e+00,9.385654e-04,6.670382e-04,1.096974e-03,2.9576e-01,0.01,9.84e-07,8.453e-01,0.9182,0.9154,ok
geo,cnn,,sp,softplus,8,2,4,61.1791,5.946411e+00,9.719673e-02,1.405245e+02,1.542889e+00,1.202229e+00,2.015954e+00,8.244381e-04,6.424075e-04,1.077219e-03,2.9576e-01,0.01,9.66e-07,9.245e-01,0.9182,0.9149,ok
geo,cnn,,sp,softplus,8,3,4,61.2178,1.439071e+01,2.350738e-01,1.605488e+02,3.975419e+00,1.353117e+00,3.722347e+00,2.121569e-03,7.221206e-04,1.986512e-03,2.7281e-01,0.01,9.71e-07,1.946e+00,0.9154,0.9149,ok
geo,cnn,,mup,gelu,1,0,1,73.1273,7.843649e+01,1.072602e+00,1.558190e+03,3.293075e+00,8.331301e+00,3.222454e+00,1.231608e-03,3.115900e-03,1.205195e-03,1.6659e-01,0.01,9.52e-07,6.904e-01,0.9099,0.9132,ok
geo,cnn,,mup,gelu,1,0,2,74.1777,1.023328e+02,1.379562e+00,1.647735e+03,5.519864e+00,2.081854e+01,4.390221e+00,2.006371e-03,7.567164e-03,1.595766e-03,1.6659e-01,0.01,1.00e-06,7.561e-01,0.9099,0.9102,ok
geo,cnn,,mup,gelu,1,0,3,74.5426,1.184214e+02,1.588642e+00,1.728646e+03,3.392079e+00,3.041792e+01,4.245792e+00,1.220920e-03,1.094841e-02,1.528200e-03,1.6659e-01,0.01,9.97e-07,8.998e-01,0.9099,0.9112,ok
geo,cnn,,mup,gelu,1,0,4,74.6721,1.940602e+02,2.598832e+00,2.869226e+03,6.719137e+00,3.690270e+01,3.680021e+00,2.410055e-03,1.323645e-02,1.319969e-03,1.6659e-01,0.01,9.12e-07,1.264e+00,0.9099,0.9101,ok
geo,cnn,,mup,gelu,1,1,2,74.2257,8.872517e+01,1.195343e+00,1.805422e+03,2.896289e+00,1.726095e+01,4.433633e+00,1.051388e-03,6.265933e-03,1.609462e-03,1.3384e-01,0.01,9.88e-07,8.828e-01,0.9132,0.9102,ok
geo,cnn,,mup,gelu,1,1,3,74.2879,1.661071e+02,2.235991e+00,1.684677e+03,3.912387e+00,1.766946e+01,6.156841e+00,1.417868e-03,6.403496e-03,2.231269e-03,1.3384e-01,0.01,9.79e-07,1.024e+00,0.9132,0.9112,ok
geo,cnn,,mup,gelu,1,1,4,73.8386,1.010654e+02,1.368734e+00,2.112962e+03,3.736427e+00,1.189410e+01,3.776444e+00,1.370626e-03,4.363090e-03,1.385306e-03,1.3384e-01,0.01,9.86e-07,9.359e-01,0.9132,0.9101,ok
geo,cnn,,mup,gelu,1,2,3,73.8981,1.269679e+02,1.718148e+00,2.299792e+03,3.978375e+00,1.708412e+01,4.793815e+00,1.457032e-03,6.256853e-03,1.755677e-03,1.3045e-01,0.01,9.26e-07,8.601e-01,0.9102,0.9112,ok
geo,cnn,,mup,gelu,1,2,4,75.4683,1.874998e+02,2.484485e+00,3.500179e+03,6.210664e+00,6.421593e+01,7.535860e+00,2.180919e-03,2.254988e-02,2.646270e-03,1.3045e-01,0.01,9.58e-07,8.636e-01,0.9102,0.9101,ok
geo,cnn,,mup,gelu,1,3,4,75.2043,1.652894e+02,2.197872e+00,2.391425e+03,3.885684e+00,4.222784e+01,5.604169e+00,1.374081e-03,1.493288e-02,1.981783e-03,1.7053e-01,0.01,9.43e-07,6.761e-01,0.9112,0.9101,ok
geo,cnn,,mup,gelu,2,0,1,90.9486,4.433400e+02,4.874621e+00,5.854134e+03,1.269184e+00,1.050583e+01,1.522733e+00,3.068757e-04,2.540200e-03,3.681811e-04,3.0146e-02,0.01,9.20e-07,9.928e-01,0.9152,0.9127,ok
geo,cnn,,mup,gelu,2,0,2,90.1257,3.354742e+02,3.722291e+00,3.191142e+03,9.340305e-01,4.559739e+00,1.096008e+00,2.299819e-04,1.122723e-03,2.698648e-04,3.0146e-02,0.01,9.78e-07,9.616e-01,0.9152,0.9164,ok
geo,cnn,,mup,gelu,2,0,3,89.837,2.479489e+02,2.759987e+00,2.653934e+03,8.945202e-01,4.590093e+00,9.036966e-01,2.216715e-04,1.137473e-03,2.239455e-04,3.0146e-02,0.01,9.64e-07,1.070e+00,0.9152,0.9144,ok
geo,cnn,,mup,gelu,2,0,4,90.2299,3.011961e+02,3.338098e+00,4.692229e+03,1.131233e+00,7.026117e+00,9.441454e-01,2.778953e-04,1.726016e-03,2.319361e-04,3.0146e-02,0.01,9.72e-07,7.547e-01,0.9152,0.9143,ok
geo,cnn,,mup,gelu,2,1,2,90.2669,3.361152e+02,3.723571e+00,6.701967e+03,9.785851e-01,6.241778e+00,1.162002e+00,2.401992e-04,1.532080e-03,2.852199e-04,3.3741e-02,0.01,9.42e-07,1.021e+00,0.9127,0.9164,ok
geo,cnn,,mup,gelu,2,1,3,89.2693,2.177063e+02,2.438760e+00,3.211422e+03,7.560084e-01,4.182931e+00,9.085253e-01,1.897373e-04,1.049801e-03,2.280148e-04,3.3741e-02,0.01,9.88e-07,1.450e+00,0.9127,0.9144,ok
geo,cnn,,mup,gelu,2,1,4,90.1544,2.824308e+02,3.132745e+00,5.074666e+03,6.954854e-01,5.000646e+00,7.891523e-01,1.711370e-04,1.230501e-03,1.941855e-04,3.3741e-02,0.01,9.98e-07,7.395e-01,0.9127,0.9143,ok
geo,cnn,,mup,gelu,2,2,3,89.9078,2.456568e+02,2.732319e+00,3.832545e+03,9.855831e-01,4.858186e+00,7.163115e-01,2.438532e-04,1.202014e-03,1.772300e-04,2.9405e-02,0.01,9.92e-07,1.106e+00,0.9164,0.9144,ok
geo,cnn,,mup,gelu,2,2,4,90.2695,5.272933e+02,5.841323e+00,6.251007e+03,9.995338e-01,7.138184e+00,7.349175e-01,2.453270e-04,1.752006e-03,1.803792e-04,2.9405e-02,0.01,9.62e-07,7.672e-01,0.9164,0.9143,ok
geo,cnn,,mup,gelu,2,3,4,89.9083,3.479713e+02,3.870291e+00,9.618972e+03,8.515831e-01,5.515501e+00,6.650273e-01,2.106966e-04,1.364631e-03,1.645394e-04,3.3215e-02,0.01,9.97e-07,1.132e+00,0.9144,0.9143,ok
geo,cnn,,mup,gelu,4,0,1,106.0938,5.396412e+02,5.086453e+00,7.404729e+03,3.347873e-01,1.264670e+00,2.697219e-01,5.948655e-05,2.247123e-04,4.792543e-05,1.3996e-02,0.01,8.81e-07,1.097e+00,0.9192,0.9196,ok
geo,cnn,,mup,gelu,4,0,2,107.0515,5.264041e+02,4.917296e+00,5.032702e+03,2.590664e-01,1.731443e+00,2.416702e-01,4.521218e-05,3.021709e-04,4.217619e-05,1.3996e-02,0.01,9.98e-07,1.322e+00,0.9192,0.9186,ok
geo,cnn,,mup,gelu,4,0,3,106.4193,5.615034e+02,5.276332e+00,1.270755e+04,2.379301e-01,1.580901e+00,3.747364e-01,4.201834e-05,2.791863e-04,6.617826e-05,1.3996e-02,0.01,9.79e-07,1.101e+00,0.9192,0.9193,ok
geo,cnn,,mup,gelu,4,0,4,106.9821,4.271024e+02,3.992281e+00,6.804505e+03,2.723657e-01,2.249867e+00,3.538456e-01,4.759491e-05,3.931560e-04,6.183323e-05,1.3996e-02,0.01,9.97e-07,1.119e+00,0.9192,0.9202,ok
geo,cnn,,mup,gelu,4,1,2,107.3225,6.461115e+02,6.020280e+00,4.447919e+03,2.803815e-01,2.286849e+00,2.976418e-01,4.868530e-05,3.970873e-04,5.168236e-05,1.2909e-02,0.01,9.91e-07,1.129e+00,0.9196,0.9186,ok
geo,cnn,,mup,gelu,4,1,3,106.5667,6.248357e+02,5.863328e+00,5.397790e+03,2.950156e-01,1.680672e+00,3.357387e-01,5.195552e-05,2.959851e-04,5.912731e-05,1.2909e-02,0.01,9.98e-07,1.490e+00,0.9196,0.9193,ok
geo,cnn,,mup,gelu,4,1,4,108.0154,5.642280e+02,5.223587e+00,6.797267e+03,3.632783e-01,2.597206e+00,5.382216e-01,6.227271e-05,4.452098e-04,9.226127e-05,1.2909e-02,0.01,9.57e-07,8.414e-01,0.9196,0.9202,ok
geo,cnn,,mup,gelu,4,2,3,106.3772,7.208001e+02,6.775890e+00,5.038306e+03,2.605377e-01,1.746134e+00,4.261155e-01,4.604725e-05,3.086104e-04,7.531134e-05,1.3448e-02,0.01,9.84e-07,6.158e-01,0.9186,0.9193,ok
geo,cnn,,mup,gelu,4,2,4,105.6517,4.221173e+02,3.995367e+00,1.007647e+04,2.859184e-01,9.919052e-01,2.913559e-01,5.122940e-05,1.777245e-04,5.220366e-05,1.3448e-02,0.01,9.93e-07,8.991e-01,0.9186,0.9202,ok
geo,cnn,,mup,gelu,4,3,4,106.869,4.588886e+02,4.293933e+00,4.607588e+03,4.451632e-01,1.658246e+00,4.174955e-01,7.795525e-05,2.903855e-04,7.311018e-05,1.2393e-02,0.01,9.66e-07,1.184e+00,0.9193,0.9202,ok
geo,cnn,,mup,gelu,8,0,1,132.5102,3.815499e+02,2.879401e+00,6.263489e+03,1.510594e-01,8.034666e-01,1.703371e-01,1.720597e-05,9.151647e-05,1.940174e-05,9.8403e-03,0.01,9.61e-07,1.017e+00,0.9218,0.9216,ok
geo,cnn,,mup,gelu,8,0,2,131.3796,7.001058e+02,5.328878e+00,8.218884e+03,2.727912e-01,8.598252e-01,2.282338e-01,3.160854e-05,9.962867e-05,2.644564e-05,9.8403e-03,0.01,9.63e-07,1.092e+00,0.9218,0.9203,ok
geo,cnn,,mup,gelu,8,0,3,131.5592,7.500488e+02,5.701229e+00,3.179886e+03,2.042421e-01,5.598102e-01,1.677129e-01,2.360114e-05,6.468873e-05,1.938003e-05,9.8403e-03,0.01,9.50e-07,7.505e-01,0.9218,0.9237,ok
geo,cnn,,mup,gelu,8,0,4,130.3813,8.330614e+02,6.389424e+00,3.489248e+03,2.054611e-01,6.310347e-01,1.825834e-01,2.417291e-05,7.424251e-05,2.148130e-05,9.8403e-03,0.01,9.76e-07,1.226e+00,0.9218,0.9215,ok
geo,cnn,,mup,gelu,8,1,2,131.953,4.539091e+02,3.439931e+00,5.753473e+03,2.416835e-01,7.015618e-01,1.046873e-01,2.776123e-05,8.058564e-05,1.202502e-05,7.7686e-03,0.01,9.97e-07,8.879e-01,0.9216,0.9203,ok
geo,cnn,,mup,gelu,8,1,3,131.5044,5.865104e+02,4.460006e+00,4.041864e+03,1.672317e-01,5.518383e-01,1.708709e-01,1.934052e-05,6.382067e-05,1.976140e-05,7.7686e-03,0.01,9.50e-07,8.755e-01,0.9216,0.9237,ok
geo,cnn,,mup,gelu,8,1,4,132.0096,7.910391e+02,5.992286e+00,8.979799e+03,2.886317e-01,7.177884e-01,1.870189e-01,3.312556e-05,8.237883e-05,2.146370e-05,7.7686e-03,0.01,9.96e-07,6.949e-01,0.9216,0.9215,ok
geo,cnn,,mup,gelu,8,2,3,131.3118,4.834203e+02,3.681469e+00,5.658613e+03,2.313477e-01,5.511495e-01,3.069949e-01,2.683414e-05,6.392812e-05,3.560849e-05,9.6355e-03,0.01,9.85e-07,1.515e+00,0.9203,0.9237,ok
geo,cnn,,mup,gelu,8,2,4,130.554,5.827491e+02,4.463664e+00,3.425610e+03,1.548979e-01,6.209783e-01,1.790445e-01,1.817587e-05,7.286620e-05,2.100926e-05,9.6355e-03,0.01,9.73e-07,1.005e+00,0.9203,0.9215,ok
geo,cnn,,mup,gelu,8,3,4,130.9596,2.993294e+02,2.285662e+00,4.345000e+03,1.469285e-01,5.978785e-01,2.192515e-01,1.713410e-05,6.972174e-05,2.556806e-05,1.1335e-02,0.01,9.94e-07,1.516e+00,0.9237,0.9215,ok
geo,cnn,,mup,tanh,1,0,1,75.04,1.240065e+02,1.652540e+00,2.173819e+03,2.796237e+00,1.603242e+01,3.867496e+00,9.931586e-04,5.694346e-03,1.373645e-03,6.2334e-02,0.01,9.98e-07,8.837e-01,0.9126,0.9116,ok
geo,cnn,,mup,tanh,1,0,2,75.7375,3.142070e+02,4.148630e+00,4.724019e+03,6.556179e+00,2.398832e+01,6.306487e+00,2.285908e-03,8.363876e-03,2.198849e-03,6.2334e-02,0.01,9.88e-07,1.074e+00,0.9126,0.9113,ok
geo,cnn,,mup,tanh,1,0,3,75.4307,1.799642e+02,2.385823e+00,2.094884e+03,2.684349e+00,1.386143e+01,4.438309e+00,9.435675e-04,4.872391e-03,1.560097e-03,6.2334e-02,0.01,9.67e-07,1.383e+00,0.9126,0.9079,ok
geo,cnn,,mup,tanh,1,0,4,75.362,4.808136e+02,6.380056e+00,6.932953e+03,4.001223e+00,4.004535e+01,4.443128e+00,1.409023e-03,1.410190e-02,1.564640e-03,6.2334e-02,0.01,9.38e-07,6.832e-01,0.9126,0.9101,ok
geo,cnn,,mup,tanh,1,1,2,75.3234,1.183842e+02,1.571678e+00,2.236445e+03,3.271231e+00,1.248709e+01,4.110042e+00,1.153137e-03,4.401806e-03,1.448825e-03,9.1528e-02,0.01,9.93e-07,1.032e+00,0.9116,0.9113,ok
geo,cnn,,mup,tanh,1,1,3,75.5916,2.159365e+02,2.856622e+00,4.602851e+03,3.617127e+00,2.708429e+01,5.545575e+00,1.266039e-03,9.479835e-03,1.941020e-03,9.1528e-02,0.01,9.77e-07,9.426e-01,0.9116,0.9079,ok
geo,cnn,,mup,tanh,1,1,4,74.8896,2.223534e+02,2.969082e+00,3.351724e+03,4.047837e+00,3.561526e+01,4.251924e+00,1.443477e-03,1.270057e-02,1.516256e-03,9.1528e-02,0.01,9.89e-07,5.827e-01,0.9116,0.9101,ok
geo,cnn,,mup,tanh,1,2,3,74.9204,1.369361e+02,1.827754e+00,2.307283e+03,4.573024e+00,1.227428e+01,5.098246e+00,1.629421e-03,4.373468e-03,1.816564e-03,9.3513e-02,0.01,9.66e-07,1.027e+00,0.9113,0.9079,ok
geo,cnn,,mup,tanh,1,2,4,74.7812,1.019166e+02,1.362864e+00,2.027478e+03,3.959329e+00,1.215415e+01,5.195001e+00,1.416011e-03,4.346798e-03,1.857935e-03,9.3513e-02,0.01,9.99e-07,7.691e-01,0.9113,0.9101,ok
geo,cnn,,mup,tanh,1,3,4,74.993,1.328450e+02,1.771433e+00,2.423164e+03,4.756689e+00,2.131075e+01,4.146737e+00,1.691585e-03,7.578581e-03,1.474672e-03,7.9815e-02,0.01,9.10e-07,7.795e-01,0.9079,0.9101,ok
geo,cnn,,mup,tanh,2,0,1,92.3911,2.819238e+02,3.051418e+00,5.272552e+03,1.511704e+00,7.484187e+00,3.046265e+00,3.541904e-04,1.753536e-03,7.137361e-04,4.4543e-02,0.01,9.61e-07,1.359e+00,0.907,0.9131,ok
geo,cnn,,mup,tanh,2,0,2,92.1619,3.385010e+02,3.672894e+00,3.911312e+03,2.430065e+00,6.213878e+00,3.625880e+00,5.721961e-04,1.463153e-03,8.537689e-04,4.4543e-02,0.01,9.57e-07,9.057e-01,0.907,0.9135,ok
geo,cnn,,mup,tanh,2,0,3,92.2956,3.385881e+02,3.668519e+00,5.694036e+03,2.123847e+00,1.110990e+01,1.274895e+00,4.986448e-04,2.608424e-03,2.993247e-04,4.4543e-02,0.01,9.95e-07,9.206e-01,0.907,0.9111,ok
geo,cnn,,mup,tanh,2,0,4,92.2107,4.090597e+02,4.436140e+00,5.026062e+03,2.004236e+00,9.838867e+00,1.654277e+00,4.714288e-04,2.314260e-03,3.891127e-04,4.4543e-02,0.01,9.91e-07,9.020e-01,0.907,0.9141,ok
geo,cnn,,mup,tanh,2,1,2,92.6411,3.800195e+02,4.102062e+00,3.261917e+03,2.658697e+00,7.469170e+00,1.831956e+00,6.195713e-04,1.740584e-03,4.269112e-04,4.5630e-02,0.01,9.72e-07,1.015e+00,0.9131,0.9135,ok
geo,cnn,,mup,tanh,2,1,3,93.1327,3.473385e+02,3.729499e+00,4.068596e+03,2.219804e+00,1.239296e+01,2.061541e+00,5.118466e-04,2.857593e-03,4.753540e-04,4.5630e-02,0.01,9.24e-07,9.333e-01,0.9131,0.9111,ok
geo,cnn,,mup,tanh,2,1,4,92.3069,2.830273e+02,3.066155e+00,4.423542e+03,2.170194e+00,7.764967e+00,2.137374e+00,5.094012e-04,1.822640e-03,5.016974e-04,4.5630e-02,0.01,9.79e-07,1.825e+00,0.9131,0.9141,ok
geo,cnn,,mup,tanh,2,2,3,92.8403,4.917446e+02,5.296674e+00,6.199398e+03,2.131019e+00,1.401432e+01,2.095008e+00,4.944752e-04,3.251842e-03,4.861193e-04,4.8266e-02,0.01,9.34e-07,8.278e-01,0.9135,0.9111,ok
geo,cnn,,mup,tanh,2,2,4,92.2857,2.852820e+02,3.091291e+00,2.702565e+03,1.930718e+00,7.222188e+00,2.087014e+00,4.533984e-04,1.696016e-03,4.901021e-04,4.8266e-02,0.01,9.77e-07,1.084e+00,0.9135,0.9141,ok
geo,cnn,,mup,tanh,2,3,4,93.0225,3.403282e+02,3.658560e+00,7.225579e+03,1.492625e+00,1.526269e+01,2.530033e+00,3.449888e-04,3.527651e-03,5.847639e-04,4.6124e-02,0.01,9.91e-07,1.510e+00,0.9111,0.9141,ok
geo,cnn,,mup,tanh,4,0,1,117.1025,4.450732e+02,3.800714e+00,5.932715e+03,1.599889e+00,4.142593e+00,9.088269e-01,2.333391e-04,6.041850e-04,1.325497e-04,2.6217e-02,0.01,9.89e-07,8.191e-01,0.9137,0.913,ok
geo,cnn,,mup,tanh,4,0,2,117.0707,4.448395e+02,3.799752e+00,6.846795e+03,6.187738e-01,3.226604e+00,6.641725e-01,9.029541e-05,4.708466e-04,9.692027e-05,2.6217e-02,0.01,9.85e-07,7.797e-01,0.9137,0.9127,ok
geo,cnn,,mup,tanh,4,0,3,117.2377,5.429263e+02,4.630989e+00,1.191773e+04,8.796315e-01,4.193174e+00,6.678220e-01,1.279960e-04,6.101527e-04,9.717542e-05,2.6217e-02,0.01,9.83e-07,1.781e+00,0.9137,0.9141,ok
geo,cnn,,mup,tanh,4,0,4,117.3555,5.306046e+02,4.521344e+00,7.360398e+03,1.305396e+00,8.298929e+00,6.600304e-01,1.895682e-04,1.205161e-03,9.584888e-05,2.6217e-02,0.01,9.82e-07,1.697e+00,0.9137,0.9143,ok
geo,cnn,,mup,tanh,4,1,2,117.3655,4.950461e+02,4.217989e+00,6.238925e+03,7.355289e-01,3.668022e+00,5.511091e-01,1.067946e-04,5.325757e-04,8.001787e-05,2.5135e-02,0.01,9.09e-07,1.091e+00,0.913,0.9127,ok
geo,cnn,,mup,tanh,4,1,3,117.5662,8.702814e+02,7.402482e+00,6.300766e+03,6.715792e-01,5.642109e+00,1.351892e+00,9.717680e-05,8.164072e-04,1.956173e-04,2.5135e-02,0.01,9.97e-07,8.460e-01,0.913,0.9141,ok
geo,cnn,,mup,tanh,4,1,4,118.3341,4.873504e+02,4.118428e+00,9.361430e+03,6.761394e-01,1.109986e+01,8.044394e-01,9.657097e-05,1.585361e-03,1.148957e-04,2.5135e-02,0.01,9.75e-07,2.382e+00,0.913,0.9143,ok
geo,cnn,,mup,tanh,4,2,3,118.0748,5.560323e+02,4.709154e+00,1.236996e+04,7.552078e-01,1.030043e+01,8.486577e-01,1.083383e-04,1.477648e-03,1.217442e-04,2.9064e-02,0.01,9.42e-07,1.362e+00,0.9127,0.9141,ok
geo,cnn,,mup,tanh,4,2,4,117.6395,4.476417e+02,3.805200e+00,7.975335e+03,8.004833e-01,4.701422e+00,9.588687e-01,1.156847e-04,6.794430e-04,1.385744e-04,2.9064e-02,0.01,9.88e-07,2.611e+00,0.9127,0.9143,ok
geo,cnn,,mup,tanh,4,3,4,116.5171,6.496174e+02,5.575298e+00,1.135037e+04,6.631454e-01,4.581418e+00,8.125925e-01,9.769214e-05,6.749176e-04,1.197081e-04,2.2699e-02,0.01,9.97e-07,8.120e-01,0.9141,0.9143,ok
geo,cnn,,mup,tanh,8,0,1,148.6344,2.303220e+03,1.549588e+01,1.016112e+04,3.600278e-01,2.640811e+00,1.954577e-01,3.259324e-05,2.390721e-04,1.769474e-05,8.2783e-03,0.01,9.78e-07,1.931e+00,0.9184,0.9139,ok
geo,cnn,,mup,tanh,8,0,2,148.6821,1.108422e+03,7.454978e+00,1.673997e+04,2.284529e-01,2.883404e+00,1.848224e-01,2.066852e-05,2.608665e-04,1.672119e-05,8.2783e-03,0.01,9.47e-07,1.713e+00,0.9184,0.9233,ok
geo,cnn,,mup,tanh,8,0,3,148.9776,1.028984e+03,6.906968e+00,1.821023e+04,2.157069e-01,3.694363e+00,3.151300e-01,1.943802e-05,3.329104e-04,2.839734e-05,8.2783e-03,0.01,9.63e-07,5.988e-01,0.9184,0.9185,ok
geo,cnn,,mup,tanh,8,0,4,148.6397,1.231992e+03,8.288446e+00,3.141229e+04,1.982182e-01,4.076292e+00,1.823854e-01,1.794336e-05,3.689992e-04,1.651012e-05,8.2783e-03,0.01,9.92e-07,1.269e+00,0.9184,0.9188,ok
geo,cnn,,mup,tanh,8,1,2,149.2518,9.207062e+02,6.168809e+00,1.919504e+04,1.901867e-01,2.822868e+00,3.082304e-01,1.707540e-05,2.534435e-04,2.767363e-05,8.7998e-03,0.01,9.79e-07,8.922e-01,0.9139,0.9233,ok
geo,cnn,,mup,tanh,8,1,3,149.1929,1.498478e+03,1.004389e+01,1.454622e+04,3.912511e-01,2.838562e+00,2.888448e-01,3.515515e-05,2.550538e-04,2.595362e-05,8.7998e-03,0.01,9.90e-07,1.016e+00,0.9139,0.9185,ok
geo,cnn,,mup,tanh,8,1,4,149.1076,1.566092e+03,1.050310e+01,1.194020e+04,2.021340e-01,3.268377e+00,1.809431e-01,1.818319e-05,2.940105e-04,1.627693e-05,8.7998e-03,0.01,9.95e-07,1.427e+00,0.9139,0.9188,ok
geo,cnn,,mup,tanh,8,2,3,149.1385,1.186834e+03,7.957930e+00,2.684790e+04,1.806222e-01,3.594018e+00,2.653492e-01,1.624132e-05,3.231696e-04,2.385987e-05,7.7306e-03,0.01,9.82e-07,9.238e-01,0.9233,0.9185,ok
geo,cnn,,mup,tanh,8,2,4,148.4818,1.365766e+03,9.198199e+00,3.827782e+04,2.189463e-01,7.900322e+00,1.977265e-01,1.986191e-05,7.166847e-04,1.793693e-05,7.7306e-03,0.01,9.62e-07,2.242e+00,0.9233,0.9188,ok
geo,cnn,,mup,tanh,8,3,4,157.0431,1.316380e+03,8.382286e+00,2.175033e+04,4.931303e-01,1.363216e+01,3.396198e-01,3.999026e-05,1.105496e-03,2.754136e-05,9.0389e-03,0.01,9.27e-07,1.175e+00,0.9185,0.9188,ok
geo,cnn,,mup,swish,1,0,1,74.1815,1.129669e+02,1.522845e+00,1.462082e+03,6.857906e+00,1.681217e+01,4.302151e+00,2.492475e-03,6.110307e-03,1.563597e-03,1.2056e-01,0.01,9.17e-07,9.894e-01,0.9047,0.9086,ok
geo,cnn,,mup,swish,1,0,2,74.46,1.462443e+02,1.964066e+00,3.623790e+03,4.535153e+00,3.166649e+01,4.252983e+00,1.635974e-03,1.142311e-02,1.534186e-03,1.2056e-01,0.01,9.64e-07,1.025e+00,0.9047,0.9075,ok
geo,cnn,,mup,swish,1,0,3,74.0993,1.066489e+02,1.439270e+00,1.969992e+03,5.177107e+00,1.249509e+01,4.512008e+00,1.885772e-03,4.551361e-03,1.643508e-03,1.2056e-01,0.01,8.53e-07,6.498e-01,0.9047,0.9061,ok
geo,cnn,,mup,swish,1,0,4,74.4816,1.101626e+02,1.479058e+00,2.047337e+03,4.844085e+00,2.146841e+01,5.202310e+00,1.746402e-03,7.739844e-03,1.875550e-03,1.2056e-01,0.01,9.66e-07,7.961e-01,0.9047,0.9099,ok
geo,cnn,,mup,swish,1,1,2,74.634,1.090921e+02,1.461694e+00,2.390041e+03,4.738772e+00,2.025708e+01,6.462295e+00,1.701462e-03,7.273331e-03,2.320295e-03,1.7727e-01,0.01,9.84e-07,1.435e+00,0.9086,0.9075,ok
geo,cnn,,mup,swish,1,1,3,74.2789,9.104861e+01,1.225767e+00,1.405490e+03,4.181655e+00,1.696349e+01,5.535575e+00,1.515820e-03,6.149145e-03,2.006607e-03,1.7727e-01,0.01,8.84e-07,1.128e+00,0.9086,0.9061,ok
geo,cnn,,mup,swish,1,1,4,75.0896,9.504896e+01,1.265807e+00,1.681282e+03,7.176958e+00,2.619844e+01,3.221474e+00,2.545722e-03,9.292789e-03,1.142682e-03,1.7727e-01,0.01,9.53e-07,1.688e+00,0.9086,0.9099,ok
geo,cnn,,mup,swish,1,2,3,73.932,8.530582e+01,1.153841e+00,1.088060e+03,8.255991e+00,1.375356e+01,3.495606e+00,3.020884e-03,5.032456e-03,1.279049e-03,1.4741e-01,0.01,9.50e-07,8.096e-01,0.9075,0.9061,ok
geo,cnn,,mup,swish,1,2,4,74.2761,8.866390e+01,1.193707e+00,1.851531e+03,4.641967e+00,1.924792e+01,7.910977e+00,1.682806e-03,6.977755e-03,2.867887e-03,1.4741e-01,0.01,9.83e-07,8.434e-01,0.9075,0.9099,ok
geo,cnn,,mup,swish,1,3,4,74.9457,1.272102e+02,1.697365e+00,2.329558e+03,5.925207e+00,1.963578e+01,5.309511e+00,2.109793e-03,6.991729e-03,1.890562e-03,1.6016e-01,0.01,9.69e-07,1.117e+00,0.9061,0.9099,ok
geo,cnn,,mup,swish,2,0,1,90.8758,4.056127e+02,4.463376e+00,7.302696e+03,1.411221e+00,7.682449e+00,9.684328e-01,3.417660e-04,1.860517e-03,2.345327e-04,2.5870e-02,0.01,9.73e-07,1.086e+00,0.9142,0.9142,ok
geo,cnn,,mup,swish,2,0,2,90.1604,4.202017e+02,4.660601e+00,4.722385e+03,1.163679e+00,6.210097e+00,1.117696e+00,2.863066e-04,1.527906e-03,2.749933e-04,2.5870e-02,0.01,9.11e-07,1.086e+00,0.9142,0.9129,ok
geo,cnn,,mup,swish,2,0,3,89.8381,3.120720e+02,3.473717e+00,4.462667e+03,8.818272e-01,4.202406e+00,9.125149e-01,2.185207e-04,1.041375e-03,2.261253e-04,2.5870e-02,0.01,9.31e-07,1.501e+00,0.9142,0.9108,ok
geo,cnn,,mup,swish,2,0,4,90.4827,3.303088e+02,3.650520e+00,5.284386e+03,8.828471e-01,5.035340e+00,1.241706e+00,2.156674e-04,1.230065e-03,3.033316e-04,2.5870e-02,0.01,9.98e-07,9.751e-01,0.9142,0.9163,ok
geo,cnn,,mup,swish,2,1,2,91.1618,4.460854e+02,4.893339e+00,5.508852e+03,1.005285e+00,9.335819e+00,1.206534e+00,2.419323e-04,2.246762e-03,2.903650e-04,2.8242e-02,0.01,9.73e-07,8.561e-01,0.9142,0.9129,ok
geo,cnn,,mup,swish,2,1,3,91.3043,8.536449e+02,9.349453e+00,7.946138e+03,1.194039e+00,1.547089e+01,1.380315e+00,2.864617e-04,3.711617e-03,3.311510e-04,2.8241e-02,0.01,9.88e-07,1.219e+00,0.9142,0.9108,ok
geo,cnn,,mup,swish,2,1,4,92.857,5.596818e+02,6.027350e+00,8.076299e+03,1.065827e+00,1.272799e+01,1.368665e+00,2.472220e-04,2.952298e-03,3.174663e-04,2.8241e-02,0.01,9.40e-07,1.031e+00,0.9142,0.9163,ok
geo,cnn,,mup,swish,2,2,3,89.7801,3.210334e+02,3.575774e+00,5.536222e+03,8.406643e-01,5.486788e+00,1.155823e+00,2.085894e-04,1.361407e-03,2.867880e-04,2.8878e-02,0.01,9.86e-07,1.328e+00,0.9129,0.9108,ok
geo,cnn,,mup,swish,2,2,4,91.095,3.790299e+02,4.160819e+00,5.626275e+03,1.262504e+00,8.466338e+00,1.332545e+00,3.042801e-04,2.040499e-03,3.211608e-04,2.8878e-02,0.01,9.82e-07,8.951e-01,0.9129,0.9163,ok
geo,cnn,,mup,swish,2,3,4,91.0741,4.398658e+02,4.829757e+00,5.274877e+03,1.155134e+00,6.430212e+00,1.098526e+00,2.785303e-04,1.550478e-03,2.648808e-04,3.1115e-02,0.01,9.97e-07,7.478e-01,0.9108,0.9163,ok
geo,cnn,,mup,swish,4,0,1,109.3636,3.712841e+02,3.394949e+00,6.827572e+03,3.469367e-01,2.116612e+00,4.004907e-01,5.801419e-05,3.539365e-04,6.696941e-05,1.3103e-02,0.01,9.68e-07,1.006e+00,0.9205,0.9183,ok
geo,cnn,,mup,swish,4,0,2,109.8517,5.029097e+02,4.578080e+00,4.098122e+03,4.718883e-01,1.604835e+00,3.705279e-01,7.820884e-05,2.659789e-04,6.140978e-05,1.3103e-02,0.01,9.79e-07,1.145e+00,0.9205,0.9179,ok
geo,cnn,,mup,swish,4,0,3,108.9936,7.849742e+02,7.202018e+00,3.225790e+03,3.111494e-01,1.339681e+00,2.863747e-01,5.238376e-05,2.255428e-04,4.821279e-05,1.3103e-02,0.01,9.93e-07,8.794e-01,0.9205,0.9201,ok
geo,cnn,,mup,swish,4,0,4,109.9634,4.906629e+02,4.462056e+00,3.762318e+03,3.140671e-01,1.652017e+00,4.353578e-01,5.194648e-05,2.732425e-04,7.200789e-05,1.3103e-02,0.01,9.92e-07,1.605e+00,0.9205,0.9169,ok
geo,cnn,,mup,swish,4,1,2,109.2443,5.208699e+02,4.767935e+00,8.195141e+03,5.364445e-01,1.699207e+00,4.063300e-01,8.989943e-05,2.847596e-04,6.809436e-05,1.2503e-02,0.01,9.66e-07,1.064e+00,0.9183,0.9179,ok
geo,cnn,,mup,swish,4,1,3,108.8124,6.457451e+02,5.934480e+00,6.069646e+03,6.320720e-01,1.870827e+00,3.324504e-01,1.067677e-04,3.160144e-04,5.615650e-05,1.2503e-02,0.01,9.96e-07,9.602e-01,0.9183,0.9201,ok
geo,cnn,,mup,swish,4,1,4,109.8399,7.839042e+02,7.136788e+00,8.692291e+03,4.383731e-01,2.039138e+00,2.881430e-01,7.266970e-05,3.380306e-04,4.776587e-05,1.2503e-02,0.01,8.97e-07,9.551e-01,0.9183,0.9169,ok
geo,cnn,,mup,swish,4,2,3,109.2582,3.565556e+02,3.263421e+00,6.574081e+03,3.202877e-01,2.385936e+00,4.996187e-01,5.366140e-05,3.997427e-04,8.370674e-05,1.2105e-02,0.01,9.77e-07,1.590e+00,0.9179,0.9201,ok
geo,cnn,,mup,swish,4,2,4,108.9701,5.923466e+02,5.435863e+00,7.373630e+03,3.108087e-01,1.723771e+00,3.336995e-01,5.234902e-05,2.903320e-04,5.620447e-05,1.2105e-02,0.01,9.71e-07,1.173e+00,0.9179,0.9169,ok
geo,cnn,,mup,swish,4,3,4,108.7419,4.997834e+02,4.596053e+00,5.370114e+03,4.417819e-01,2.373872e+00,3.653343e-01,7.472127e-05,4.015074e-04,6.179121e-05,1.2633e-02,0.01,9.94e-07,1.289e+00,0.9201,0.9169,ok
geo,cnn,,mup,swish,8,0,1,134.5507,5.377980e+02,3.996992e+00,5.463616e+03,1.449231e-01,7.088255e-01,1.694358e-01,1.601017e-05,7.830644e-05,1.871817e-05,9.0942e-03,0.01,9.98e-07,1.573e+00,0.9227,0.9217,ok
geo,cnn,,mup,swish,8,0,2,135.1771,3.937747e+02,2.913028e+00,2.966864e+03,1.877470e-01,7.282357e-01,2.580942e-01,2.054929e-05,7.970685e-05,2.824892e-05,9.0942e-03,0.01,9.85e-07,1.787e+00,0.9227,0.9214,ok
geo,cnn,,mup,swish,8,0,3,135.8423,4.140305e+02,3.047876e+00,3.954690e+03,1.572073e-01,7.729607e-01,2.118984e-01,1.703855e-05,8.377557e-05,2.296612e-05,9.0942e-03,0.01,9.81e-07,8.560e-01,0.9227,0.9216,ok
geo,cnn,,mup,swish,8,0,4,134.5714,8.852960e+02,6.578634e+00,6.518202e+03,2.387156e-01,8.535570e-01,1.925797e-01,2.636363e-05,9.426642e-05,2.126841e-05,9.0942e-03,0.01,9.26e-07,8.981e-01,0.9227,0.9176,ok
geo,cnn,,mup,swish,8,1,2,135.3402,4.568755e+02,3.375756e+00,1.038597e+04,2.316222e-01,6.838695e-01,1.515941e-01,2.529046e-05,7.467061e-05,1.655231e-05,9.9572e-03,0.01,9.99e-07,2.145e+00,0.9217,0.9214,ok
geo,cnn,,mup,swish,8,1,3,135.1339,2.852388e+02,2.110786e+00,5.121272e+03,1.828939e-01,7.525656e-01,1.930426e-01,2.003089e-05,8.242244e-05,2.114240e-05,9.9572e-03,0.01,9.97e-07,9.787e-01,0.9217,0.9216,ok
geo,cnn,,mup,swish,8,1,4,135.3514,8.509988e+02,6.287331e+00,5.693744e+03,2.162160e-01,1.005495e+00,1.584372e-01,2.360438e-05,1.097702e-04,1.729665e-05,9.9572e-03,0.01,9.73e-07,1.008e+00,0.9217,0.9176,ok
geo,cnn,,mup,swish,8,2,3,135.5585,7.247510e+02,5.346407e+00,5.666023e+03,2.490776e-01,7.775825e-01,2.439695e-01,2.710885e-05,8.462973e-05,2.655290e-05,9.5263e-03,0.01,9.42e-07,1.115e+00,0.9214,0.9216,ok
geo,cnn,,mup,swish,8,2,4,135.7297,8.327233e+02,6.135160e+00,8.086400e+03,2.533118e-01,1.483701e+00,2.098811e-01,2.750019e-05,1.610745e-04,2.278524e-05,9.5263e-03,0.01,9.79e-07,7.310e-01,0.9214,0.9176,ok
geo,cnn,,mup,swish,8,3,4,134.917,3.240224e+02,2.401642e+00,3.789543e+03,1.562961e-01,7.664339e-01,1.742246e-01,1.717295e-05,8.421148e-05,1.914283e-05,9.2817e-03,0.01,9.89e-07,9.860e-01,0.9216,0.9176,ok
geo,cnn,,mup,softplus,1,0,1,70.3742,8.021207e+00,1.139794e-01,6.854121e+01,3.403179e+00,2.867234e+00,3.606929e+00,1.374320e-03,1.157887e-03,1.456601e-03,2.2113e-01,0.01,8.31e-07,9.201e-01,0.908,0.9047,ok
geo,cnn,,mup,softplus,1,0,2,71.7953,8.925941e+00,1.243249e-01,9.529242e+01,4.866923e+00,4.841314e+00,4.690383e+00,1.888395e-03,1.878459e-03,1.819897e-03,2.2113e-01,0.01,9.25e-07,1.965e+00,0.908,0.9025,ok
geo,cnn,,mup,softplus,1,0,3,69.9379,7.897105e+00,1.129159e-01,1.257480e+02,2.670365e+00,3.078327e+00,2.748745e+00,1.091880e-03,1.258691e-03,1.123929e-03,2.2113e-01,0.01,9.95e-07,1.569e+00,0.908,0.9055,ok
geo,cnn,,mup,softplus,1,0,4,71.0001,1.581581e+01,2.227575e-01,1.602374e+02,3.402090e+00,2.709690e+00,9.063958e+00,1.349763e-03,1.075056e-03,3.596081e-03,2.2113e-01,0.01,8.97e-07,1.127e+00,0.908,0.9072,ok
geo,cnn,,mup,softplus,1,1,2,71.4221,2.625747e+01,3.676379e-01,1.397309e+02,3.092426e+00,6.766565e+00,4.601106e+00,1.212450e-03,2.652973e-03,1.803960e-03,2.3829e-01,0.01,9.55e-07,6.384e-01,0.9047,0.9025,ok
geo,cnn,,mup,softplus,1,1,3,71.7564,9.153073e+00,1.275577e-01,1.817556e+02,5.246690e+00,8.841779e+00,3.503665e+00,2.037955e-03,3.434384e-03,1.360917e-03,2.3829e-01,0.01,8.38e-07,1.342e+00,0.9047,0.9055,ok
geo,cnn,,mup,softplus,1,1,4,71.6681,1.096628e+01,1.530148e-01,1.348967e+02,4.105262e+00,2.840347e+00,2.743870e+00,1.598523e-03,1.105985e-03,1.068419e-03,2.3829e-01,0.01,9.91e-07,1.141e+00,0.9047,0.9072,ok
geo,cnn,,mup,softplus,1,2,3,71.094,1.428619e+01,2.009478e-01,2.977675e+02,2.950244e+00,1.308137e+01,5.557629e+00,1.167405e-03,5.176268e-03,2.199142e-03,2.4760e-01,0.01,9.60e-07,2.355e+00,0.9025,0.9055,ok
geo,cnn,,mup,softplus,1,2,4,72.8717,2.414703e+01,3.313636e-01,2.129966e+02,4.409257e+00,9.620208e+00,3.820184e+00,1.660648e-03,3.623237e-03,1.438787e-03,2.4760e-01,0.01,9.15e-07,7.129e-01,0.9025,0.9072,ok
geo,cnn,,mup,softplus,1,3,4,74.7834,4.515026e+01,6.037473e-01,1.244041e+03,5.499810e+00,1.830006e+01,1.170450e+01,1.966833e-03,6.544437e-03,4.185746e-03,1.9284e-01,0.01,9.59e-07,4.342e-01,0.9055,0.9072,ok
geo,cnn,,mup,softplus,2,0,1,90.1632,1.415039e+01,1.569420e-01,2.311810e+02,4.458356e+00,2.647055e+00,3.032303e+00,1.096848e-03,6.512301e-04,7.460093e-04,1.1859e-01,0.01,9.88e-07,1.713e+00,0.9113,0.9095,ok
geo,cnn,,mup,softplus,2,0,2,91.6421,1.221578e+01,1.332987e-01,2.372771e+02,3.306482e+00,2.549951e+00,2.115554e+00,7.874185e-04,6.072554e-04,5.038063e-04,1.1859e-01,0.01,8.76e-07,8.202e-01,0.9113,0.9096,ok
geo,cnn,,mup,softplus,2,0,3,90.735,2.387807e+01,2.631628e-01,1.513308e+02,2.173322e+00,2.346282e+00,2.305428e+00,5.279644e-04,5.699813e-04,5.600567e-04,1.1859e-01,0.01,9.34e-07,3.153e+00,0.9113,0.912,ok
geo,cnn,,mup,softplus,2,0,4,91.5499,2.392946e+01,2.613815e-01,4.376134e+02,2.389325e+00,3.214726e+00,3.498724e+00,5.701501e-04,7.671105e-04,8.348794e-04,1.1859e-01,0.01,9.91e-07,5.890e-01,0.9113,0.9103,ok
geo,cnn,,mup,softplus,2,1,2,91.6247,1.787510e+01,1.950904e-01,2.953035e+02,2.672618e+00,5.695475e+00,3.445714e+00,6.367097e-04,1.356859e-03,8.208879e-04,1.1795e-01,0.01,9.85e-07,1.056e+00,0.9095,0.9096,ok
geo,cnn,,mup,softplus,2,1,3,91.9792,1.276618e+01,1.387942e-01,1.683231e+02,2.695174e+00,3.020027e+00,4.985402e+00,6.371437e-04,7.139394e-04,1.178557e-03,1.1795e-01,0.01,9.50e-07,2.247e+00,0.9095,0.912,ok
geo,cnn,,mup,softplus,2,1,4,89.6068,1.316209e+01,1.468871e-01,1.916458e+02,2.504777e+00,2.069287e+00,2.751445e+00,6.239031e-04,5.154289e-04,6.853444e-04,1.1795e-01,0.01,9.76e-07,9.208e-01,0.9095,0.9103,ok
geo,cnn,,mup,softplus,2,2,3,92.5439,2.958899e+01,3.197292e-01,2.555705e+02,3.748924e+00,2.943958e+00,3.271377e+00,8.754696e-04,6.874895e-04,7.639501e-04,1.1175e-01,0.01,9.26e-07,1.343e+00,0.9096,0.912,ok
geo,cnn,,mup,softplus,2,2,4,90.5741,2.985501e+01,3.296196e-01,7.473048e+02,3.547388e+00,2.460815e+00,2.436617e+00,8.648293e-04,5.999301e-04,5.940307e-04,1.1175e-01,0.01,8.36e-07,1.111e+00,0.9096,0.9103,ok
geo,cnn,,mup,softplus,2,3,4,90.869,1.729583e+01,1.903381e-01,2.865084e+02,5.044825e+00,1.699205e+00,1.972083e+00,1.221926e-03,4.115708e-04,4.776656e-04,1.1273e-01,0.01,8.60e-07,3.974e+00,0.912,0.9103,ok
geo,cnn,,mup,softplus,4,0,1,117.673,1.339407e+01,1.138245e-01,1.711978e+02,1.843848e+00,1.256883e+00,1.358173e+00,2.663186e-04,1.815395e-04,1.961695e-04,7.4037e-02,0.01,8.55e-07,1.667e+00,0.9107,0.9153,ok
geo,cnn,,mup,softplus,4,0,2,117.5695,3.959783e+01,3.368035e-01,2.023044e+02,2.776225e+00,1.576661e+00,3.086402e+00,4.016937e-04,2.281280e-04,4.465734e-04,7.4037e-02,0.01,9.69e-07,9.546e-01,0.9107,0.915,ok
geo,cnn,,mup,softplus,4,0,3,117.9647,3.896745e+01,3.303316e-01,4.632360e+02,4.279798e+00,1.391247e+00,3.131361e+00,6.151052e-04,1.999542e-04,4.500485e-04,7.4037e-02,0.01,9.42e-07,2.062e+00,0.9107,0.9136,ok
geo,cnn,,mup,softplus,4,0,4,115.8606,3.796568e+01,3.276842e-01,6.925863e+02,2.551688e+00,1.260784e+00,1.714174e+00,3.801774e-04,1.878450e-04,2.553958e-04,7.4037e-02,0.01,9.68e-07,6.478e-01,0.9107,0.9156,ok
geo,cnn,,mup,softplus,4,1,2,118.3776,1.096209e+01,9.260272e-02,1.164723e+02,2.551796e+00,8.350745e-01,2.657173e+00,3.641972e-04,1.191834e-04,3.792369e-04,7.4707e-02,0.01,9.22e-07,7.817e-01,0.9153,0.915,ok
geo,cnn,,mup,softplus,4,1,3,115.8961,9.335014e+00,8.054643e-02,1.514539e+02,1.308345e+00,1.181576e+00,2.306464e+00,1.948116e-04,1.759359e-04,3.434309e-04,7.4707e-02,0.01,8.77e-07,2.419e+00,0.9153,0.9136,ok
geo,cnn,,mup,softplus,4,1,4,116.1477,1.915961e+01,1.649590e-01,4.801245e+02,3.278096e+00,1.727988e+00,2.786269e+00,4.859935e-04,2.561825e-04,4.130778e-04,7.4707e-02,0.01,9.69e-07,1.365e+00,0.9153,0.9156,ok
geo,cnn,,mup,softplus,4,2,3,116.2434,1.058205e+01,9.103350e-02,2.465073e+02,2.528835e+00,1.329010e+00,2.577702e+00,3.742946e-04,1.967076e-04,3.815274e-04,7.9586e-02,0.01,8.58e-07,2.365e+00,0.915,0.9136,ok
geo,cnn,,mup,softplus,4,2,4,117.2152,2.989872e+01,2.550756e-01,7.968498e+01,1.781712e+00,1.057957e+00,1.887690e+00,2.593582e-04,1.540034e-04,2.747850e-04,7.9586e-02,0.01,8.90e-07,1.155e+00,0.915,0.9156,ok
geo,cnn,,mup,softplus,4,3,4,117.3471,8.179024e+01,6.969942e-01,4.336128e+02,2.062871e+00,1.196322e+00,2.864711e+00,2.996108e-04,1.737535e-04,4.160698e-04,6.7656e-02,0.01,9.40e-07,9.256e-01,0.9136,0.9156,ok
geo,cnn,,mup,softplus,8,0,1,148.0724,1.702661e+01,1.149884e-01,1.035841e+02,1.647752e+00,9.242949e-01,1.430887e+00,1.503051e-04,8.431257e-05,1.305230e-04,5.0085e-02,0.01,9.95e-07,1.937e+00,0.9131,0.9149,ok
geo,cnn,,mup,softplus,8,0,2,148.9731,1.709339e+01,1.147415e-01,2.891321e+02,1.671290e+00,7.842396e-01,2.135678e+00,1.506144e-04,7.067459e-05,1.924644e-04,5.0085e-02,0.01,9.89e-07,2.153e+00,0.9131,0.9141,ok
geo,cnn,,mup,softplus,8,0,3,148.1948,1.762275e+01,1.189161e-01,2.412203e+02,1.675923e+00,8.601646e-01,1.966938e+00,1.526223e-04,7.833311e-05,1.791243e-04,5.0085e-02,0.01,9.43e-07,1.309e+00,0.9131,0.9153,ok
geo,cnn,,mup,softplus,8,0,4,148.524,6.432305e+01,4.330818e-01,4.508996e+02,2.077791e+00,1.237217e+00,2.012347e+00,1.883816e-04,1.121715e-04,1.824482e-04,5.0085e-02,0.01,7.92e-07,6.487e-01,0.9131,0.9132,ok
geo,cnn,,mup,softplus,8,1,2,147.0592,8.046949e+00,5.471910e-02,1.024930e+02,1.369409e+00,5.795176e-01,1.554475e+00,1.266422e-04,5.359348e-05,1.437571e-04,5.0851e-02,0.01,8.18e-07,1.400e+00,0.9149,0.9141,ok
geo,cnn,,mup,softplus,8,1,3,147.5581,2.162279e+01,1.465375e-01,4.811241e+02,1.544494e+00,1.072473e+00,2.249196e+00,1.418699e-04,9.851226e-05,2.066004e-04,5.0851e-02,0.01,8.92e-07,1.230e+00,0.9149,0.9153,ok
geo,cnn,,mup,softplus,8,1,4,147.3115,2.188542e+01,1.485656e-01,2.222512e+02,1.454213e+00,8.016027e-01,1.653894e+00,1.340246e-04,7.387810e-05,1.524278e-04,5.0851e-02,0.01,8.87e-07,8.808e-01,0.9149,0.9132,ok
geo,cnn,,mup,softplus,8,2,3,148.2867,9.122944e+00,6.152235e-02,1.791313e+02,1.713063e+00,5.431402e-01,1.455941e+00,1.558113e-04,4.940122e-05,1.324249e-04,5.1063e-02,0.01,9.31e-07,8.062e-01,0.9141,0.9153,ok
geo,cnn,,mup,softplus,8,2,4,148.3094,1.048621e+01,7.070491e-02,1.987819e+02,1.847138e+00,6.508014e-01,1.449743e+00,1.679545e-04,5.917535e-05,1.318206e-04,5.1063e-02,0.01,8.48e-07,7.036e-01,0.9141,0.9132,ok
geo,cnn,,mup,softplus,8,3,4,145.3666,1.408031e+01,9.686068e-02,1.859574e+02,2.776743e+00,5.279885e-01,2.652093e+00,2.628068e-04,4.997184e-05,2.510092e-04,5.4069e-02,0.01,9.16e-07,1.016e+00,0.9153,0.9132,ok
